epoch,step,train_dis_loss,train_tgt_loss,val_src_acc,val_src_class_loss,val_tgt_acc,val_tgt_class_loss
0,23,,,0.3596997559070587,1.4098941087722778,0.19807346165180206,1.4374897480010986
0,23,1.3679016828536987,0.6480644941329956,,,,
1,47,,,0.35647857189178467,1.4173462390899658,0.20483094453811646,1.431349754333496
1,47,1.3772834539413452,0.6457640528678894,,,,
2,71,,,0.3460380733013153,1.4070736169815063,0.20904351770877838,1.4393045902252197
2,71,1.3702481985092163,0.6491684317588806,,,,
3,95,,,0.3646868169307709,1.4089778661727905,0.21242095530033112,1.4381955862045288
3,95,1.3669971227645874,0.6480382680892944,,,,
4,119,,,0.3689822852611542,1.4142452478408813,0.2124178111553192,1.4403172731399536
4,119,1.3721576929092407,0.6469390392303467,,,,
5,143,,,0.36289823055267334,1.4193161725997925,0.20764027535915375,1.4447647333145142
5,143,1.3645572662353516,0.6489675045013428,,,,
6,167,,,0.36733248829841614,1.4184967279434204,0.19957704842090607,1.43819260597229
6,167,1.3616911172866821,0.6429316401481628,,,,
7,191,,,0.36410996317863464,1.4141786098480225,0.22086948156356812,1.4349693059921265
7,191,1.3745588064193726,0.6386110782623291,,,,
8,215,,,0.35465070605278015,1.4084293842315674,0.20716328918933868,1.4389629364013672
8,215,1.3825840950012207,0.640690267086029,,,,
9,239,,,0.3560844957828522,1.4115791320800781,0.21276724338531494,1.4392248392105103
9,239,1.3726083040237427,0.6470493674278259,,,,
10,263,,,0.34795987606048584,1.4097908735275269,0.21681928634643555,1.4469116926193237
10,263,1.3531957864761353,0.6450862884521484,,,,
11,287,,,0.36172616481781006,1.417778730392456,0.20999865233898163,1.4393366575241089
11,287,1.367174744606018,0.6433575749397278,,,,
12,311,,,0.36192968487739563,1.4242182970046997,0.2098623514175415,1.4374456405639648
12,311,1.375105857849121,0.6420404314994812,,,,
13,335,,,0.3698612451553345,1.40232253074646,0.2097449153661728,1.4427495002746582
13,335,1.357098937034607,0.6472964882850647,,,,
14,359,,,0.3801276981830597,1.4154412746429443,0.2134384959936142,1.4392447471618652
14,359,1.362030029296875,0.6435211300849915,,,,
15,383,,,0.3630695939064026,1.4209147691726685,0.21553146839141846,1.4380559921264648
15,383,1.3732633590698242,0.6402177214622498,,,,
16,407,,,0.3596206605434418,1.4144213199615479,0.21650190651416779,1.4345179796218872
16,407,1.3749340772628784,0.6359038949012756,,,,
17,431,,,0.36890822649002075,1.4246423244476318,0.2055732160806656,1.4363378286361694
17,431,1.358544945716858,0.6414823532104492,,,,
18,455,,,0.3773882985115051,1.420747995376587,0.20903417468070984,1.4453246593475342
18,455,1.3905771970748901,0.6453438401222229,,,,
19,479,,,0.35565945506095886,1.4252790212631226,0.2205478996038437,1.4319109916687012
19,479,1.3607220649719238,0.6456681489944458,,,,
20,503,,,0.35065171122550964,1.4186573028564453,0.20487245917320251,1.4392640590667725
20,503,1.3651137351989746,0.633101761341095,,,,
21,527,,,0.36070314049720764,1.4308760166168213,0.21659183502197266,1.4412933588027954
21,527,1.3725768327713013,0.6408973932266235,,,,
22,551,,,0.3588162064552307,1.4221410751342773,0.22122031450271606,1.4358696937561035
22,551,1.375102162361145,0.6430330872535706,,,,
23,575,,,0.3780956566333771,1.4201840162277222,0.20924469828605652,1.4360461235046387
23,575,1.3688554763793945,0.6451365947723389,,,,
24,599,,,0.3633142113685608,1.4308841228485107,0.21168717741966248,1.4449529647827148
24,599,1.3820648193359375,0.63575679063797,,,,
25,623,,,0.3717481195926666,1.4308719635009766,0.20869649946689606,1.4411461353302002
25,623,1.370357871055603,0.6353136897087097,,,,
26,647,,,0.37444788217544556,1.4216885566711426,0.20439010858535767,1.438793659210205
26,647,1.3615113496780396,0.6489945650100708,,,,
27,671,,,0.3610300123691559,1.422204613685608,0.21234795451164246,1.4419422149658203
27,671,1.3478351831436157,0.6377314329147339,,,,
28,695,,,0.3614870011806488,1.4197741746902466,0.21084772050380707,1.4378316402435303
28,695,1.366055965423584,0.6456224918365479,,,,
29,719,,,0.36865904927253723,1.4315046072006226,0.21132369339466095,1.4387140274047852
29,719,1.3733712434768677,0.6397280097007751,,,,
30,743,,,0.36160773038864136,1.427230954170227,0.21699143946170807,1.4451371431350708
30,743,1.3604332208633423,0.6361467242240906,,,,
31,767,,,0.3813088834285736,1.4286843538284302,0.2238667607307434,1.4362130165100098
31,767,1.3929920196533203,0.637837827205658,,,,
32,791,,,0.3707689046859741,1.4343749284744263,0.20522935688495636,1.4410908222198486
32,791,1.361411452293396,0.6386143565177917,,,,
33,815,,,0.36375051736831665,1.4191527366638184,0.2183852344751358,1.441803216934204
33,815,1.3623145818710327,0.6372236609458923,,,,
34,839,,,0.35717976093292236,1.430953860282898,0.21469919383525848,1.4399083852767944
34,839,1.378792405128479,0.6446070075035095,,,,
35,863,,,0.35652607679367065,1.4228792190551758,0.21485015749931335,1.43418288230896
35,863,1.373914361000061,0.6274127960205078,,,,
36,887,,,0.3774363696575165,1.4275778532028198,0.20912036299705505,1.4417132139205933
36,887,1.3762716054916382,0.6464230418205261,,,,
37,911,,,0.37156155705451965,1.4407621622085571,0.22169871628284454,1.4381893873214722
37,911,1.3817687034606934,0.6355838775634766,,,,
38,935,,,0.36067280173301697,1.4314043521881104,0.21365799009799957,1.444633960723877
38,935,1.3752409219741821,0.6411986351013184,,,,
39,959,,,0.37330740690231323,1.4226458072662354,0.21918413043022156,1.448089361190796
39,959,1.3645048141479492,0.6505603194236755,,,,
40,983,,,0.38374727964401245,1.4390815496444702,0.2109944373369217,1.440917730331421
40,983,1.3657320737838745,0.6285857558250427,,,,
41,1007,,,0.36903294920921326,1.4379148483276367,0.21867956221103668,1.436125636100769
41,1007,1.3730626106262207,0.6267496347427368,,,,
42,1031,,,0.36428388953208923,1.4412434101104736,0.22532930970191956,1.444661021232605
42,1031,1.3744145631790161,0.637132465839386,,,,
43,1055,,,0.35875988006591797,1.4484972953796387,0.20744921267032623,1.4487208127975464
43,1055,1.3561820983886719,0.6352179050445557,,,,
44,1079,,,0.3776589035987854,1.4365822076797485,0.22212649881839752,1.4414558410644531
44,1079,1.3840646743774414,0.6362361311912537,,,,
45,1103,,,0.3682059347629547,1.4364203214645386,0.22415989637374878,1.4383981227874756
45,1103,1.389406681060791,0.6375301480293274,,,,
46,1127,,,0.37003588676452637,1.4321092367172241,0.20948530733585358,1.4520992040634155
46,1127,1.3749886751174927,0.641890823841095,,,,
47,1151,,,0.3693180978298187,1.4434142112731934,0.21140843629837036,1.4459125995635986
47,1151,1.389864444732666,0.6306143999099731,,,,
48,1175,,,0.38280704617500305,1.442406415939331,0.22354188561439514,1.4435714483261108
48,1175,1.3789032697677612,0.6361698508262634,,,,
49,1199,,,0.3738865256309509,1.4417710304260254,0.22717329859733582,1.444612979888916
49,1199,1.3785918951034546,0.6272712349891663,,,,
50,1223,,,0.37644705176353455,1.4434717893600464,0.21527886390686035,1.4469691514968872
50,1223,1.3810888528823853,0.6338944435119629,,,,
51,1247,,,0.3800757825374603,1.4409074783325195,0.23070494830608368,1.4433404207229614
51,1247,1.3981105089187622,0.6324601769447327,,,,
52,1271,,,0.3545936942100525,1.4560096263885498,0.2189296931028366,1.4455173015594482
52,1271,1.3816455602645874,0.6317827105522156,,,,
53,1295,,,0.38337743282318115,1.4455076456069946,0.22824335098266602,1.4451874494552612
53,1295,1.389853835105896,0.6288613677024841,,,,
54,1319,,,0.3579685688018799,1.4532700777053833,0.21946650743484497,1.448133111000061
54,1319,1.3744274377822876,0.6312301754951477,,,,
55,1343,,,0.36945608258247375,1.4514938592910767,0.22366759181022644,1.4500303268432617
55,1343,1.376298427581787,0.626977264881134,,,,
56,1367,,,0.37169602513313293,1.4606506824493408,0.22538243234157562,1.448324203491211
56,1367,1.3751403093338013,0.6271331310272217,,,,
57,1391,,,0.3713041841983795,1.4434306621551514,0.21852850914001465,1.4507607221603394
57,1391,1.3838216066360474,0.6196795105934143,,,,
58,1415,,,0.36127591133117676,1.4565222263336182,0.2096077799797058,1.4542442560195923
58,1415,1.3641563653945923,0.6278409957885742,,,,
59,1439,,,0.3808346688747406,1.4543696641921997,0.23354896903038025,1.4472744464874268
59,1439,1.3829303979873657,0.6277999877929688,,,,
60,1463,,,0.39477014541625977,1.460386872291565,0.21730715036392212,1.4578121900558472
60,1463,1.3798702955245972,0.6301450133323669,,,,
61,1487,,,0.3836478590965271,1.4456983804702759,0.21896424889564514,1.4449694156646729
61,1487,1.381585717201233,0.6286643147468567,,,,
62,1511,,,0.3968246877193451,1.4501947164535522,0.24260203540325165,1.4503974914550781
62,1511,1.3776577711105347,0.626353919506073,,,,
63,1535,,,0.39708271622657776,1.4495213031768799,0.22086021304130554,1.444287657737732
63,1535,1.3496946096420288,0.640480101108551,,,,
64,1559,,,0.3827298581600189,1.4617664813995361,0.23159795999526978,1.4416592121124268
64,1559,1.3823274374008179,0.634223222732544,,,,
65,1583,,,0.37947720289230347,1.4485208988189697,0.22490255534648895,1.446679949760437
65,1583,1.3848644495010376,0.6354795098304749,,,,
66,1607,,,0.3667354881763458,1.465472936630249,0.21581491827964783,1.4566397666931152
66,1607,1.3839339017868042,0.6339792013168335,,,,
67,1631,,,0.39586642384529114,1.4608633518218994,0.2251354455947876,1.4630427360534668
67,1631,1.3781429529190063,0.624041736125946,,,,
68,1655,,,0.37740254402160645,1.4623477458953857,0.20980636775493622,1.4480972290039062
68,1655,1.3777621984481812,0.6246278285980225,,,,
69,1679,,,0.382913738489151,1.466371774673462,0.22246654331684113,1.4563648700714111
69,1679,1.3786430358886719,0.6148390173912048,,,,
70,1703,,,0.3832220733165741,1.4557361602783203,0.22628754377365112,1.4464881420135498
70,1703,1.3972125053405762,0.6256633400917053,,,,
71,1727,,,0.37874194979667664,1.4680458307266235,0.22773338854312897,1.455122709274292
71,1727,1.3934298753738403,0.6314653754234314,,,,
72,1751,,,0.37040749192237854,1.4694788455963135,0.22917774319648743,1.4550912380218506
72,1751,1.371477484703064,0.6272177696228027,,,,
73,1775,,,0.3794335424900055,1.46351158618927,0.22508904337882996,1.4626678228378296
73,1775,1.4059571027755737,0.62447190284729,,,,
74,1799,,,0.38724642992019653,1.4526536464691162,0.2285965383052826,1.4547570943832397
74,1799,1.3769398927688599,0.624493420124054,,,,
75,1823,,,0.3840179443359375,1.4596788883209229,0.23020072281360626,1.4641203880310059
75,1823,1.392372488975525,0.6213390231132507,,,,
76,1847,,,0.38600823283195496,1.4597585201263428,0.2301587611436844,1.4497275352478027
76,1847,1.3853845596313477,0.6216427683830261,,,,
77,1871,,,0.374300479888916,1.4542911052703857,0.23000118136405945,1.454925537109375
77,1871,1.3784788846969604,0.6221975684165955,,,,
78,1895,,,0.37022334337234497,1.4557671546936035,0.24329730868339539,1.4549306631088257
78,1895,1.3817964792251587,0.6229094862937927,,,,
79,1919,,,0.4046855568885803,1.4559565782546997,0.2269163429737091,1.4512686729431152
79,1919,1.3951877355575562,0.6221176385879517,,,,
80,1943,,,0.38958510756492615,1.4642314910888672,0.23465974628925323,1.4523407220840454
80,1943,1.3998526334762573,0.6215686202049255,,,,
81,1967,,,0.3941088914871216,1.4764827489852905,0.22251367568969727,1.4652231931686401
81,1967,1.3948923349380493,0.6176688075065613,,,,
82,1991,,,0.41748717427253723,1.477041482925415,0.22820010781288147,1.4602742195129395
82,1991,1.381330132484436,0.6121692061424255,,,,
83,2015,,,0.4005751609802246,1.4739514589309692,0.2456313520669937,1.4578378200531006
83,2015,1.3989596366882324,0.6152182817459106,,,,
84,2039,,,0.38751348853111267,1.4847731590270996,0.22800715267658234,1.462695598602295
84,2039,1.3966940641403198,0.6227443218231201,,,,
85,2063,,,0.3768943250179291,1.4600369930267334,0.22742240130901337,1.4675135612487793
85,2063,1.3966208696365356,0.6127033233642578,,,,
86,2087,,,0.3889736235141754,1.4717702865600586,0.24551837146282196,1.4615601301193237
86,2087,1.3884491920471191,0.6137447953224182,,,,
87,2111,,,0.39348939061164856,1.4725302457809448,0.2409578263759613,1.463465929031372
87,2111,1.400488257408142,0.6232834458351135,,,,
88,2135,,,0.39457184076309204,1.4903934001922607,0.25243425369262695,1.4700641632080078
88,2135,1.388443946838379,0.6111798882484436,,,,
89,2159,,,0.3897578716278076,1.4635156393051147,0.24541842937469482,1.4650249481201172
89,2159,1.394437313079834,0.6236714720726013,,,,
90,2183,,,0.3794918954372406,1.4748295545578003,0.24011492729187012,1.4686799049377441
90,2183,1.3980985879898071,0.6200876235961914,,,,
91,2207,,,0.4007221758365631,1.499999761581421,0.24213162064552307,1.4684882164001465
91,2207,1.39732825756073,0.6113352179527283,,,,
92,2231,,,0.40432509779930115,1.4667341709136963,0.25698739290237427,1.4656884670257568
92,2231,1.3918269872665405,0.61607825756073,,,,
93,2255,,,0.3769238591194153,1.4737074375152588,0.23774707317352295,1.4681974649429321
93,2255,1.3987940549850464,0.6185508370399475,,,,
94,2279,,,0.3908873200416565,1.4785386323928833,0.24197492003440857,1.4590163230895996
94,2279,1.3937565088272095,0.619007408618927,,,,
95,2303,,,0.40411338210105896,1.4744879007339478,0.25124382972717285,1.4634841680526733
95,2303,1.3973623514175415,0.6172742247581482,,,,
96,2327,,,0.3873775601387024,1.4874728918075562,0.23859968781471252,1.464990496635437
96,2327,1.3905264139175415,0.6231820583343506,,,,
97,2351,,,0.3663623332977295,1.494558572769165,0.23113811016082764,1.4722899198532104
97,2351,1.3908162117004395,0.5998378396034241,,,,
98,2375,,,0.40347468852996826,1.471411943435669,0.24756991863250732,1.4674257040023804
98,2375,1.3974723815917969,0.6164047122001648,,,,
99,2399,,,0.40655285120010376,1.4811440706253052,0.23864325881004333,1.470746636390686
99,2399,1.4092940092086792,0.608268141746521,,,,
100,2423,,,0.3966023921966553,1.4939031600952148,0.23492614924907684,1.475165605545044
100,2423,1.3904380798339844,0.6081213355064392,,,,
101,2447,,,0.41219478845596313,1.4938637018203735,0.2503265142440796,1.4730809926986694
101,2447,1.3955931663513184,0.6106390357017517,,,,
102,2471,,,0.38508886098861694,1.4804093837738037,0.25970956683158875,1.4729247093200684
102,2471,1.3912643194198608,0.6144694685935974,,,,
103,2495,,,0.37943267822265625,1.4981610774993896,0.25746628642082214,1.4711300134658813
103,2495,1.384537696838379,0.6201152205467224,,,,
104,2519,,,0.40837857127189636,1.4914973974227905,0.2269642949104309,1.4762463569641113
104,2519,1.4090145826339722,0.6130868792533875,,,,
105,2543,,,0.40483739972114563,1.48330819606781,0.23781952261924744,1.47517991065979
105,2543,1.3912054300308228,0.6002708673477173,,,,
106,2567,,,0.4082253873348236,1.4980878829956055,0.22852711379528046,1.4846512079238892
106,2567,1.4059500694274902,0.6104021668434143,,,,
107,2591,,,0.4095723628997803,1.502005696296692,0.23480786383152008,1.4752956628799438
107,2591,1.4042173624038696,0.6116858124732971,,,,
108,2615,,,0.3982141315937042,1.488384485244751,0.24183739721775055,1.47124183177948
108,2615,1.4086484909057617,0.6136236786842346,,,,
109,2639,,,0.4047098457813263,1.480798602104187,0.2551543116569519,1.4691115617752075
109,2639,1.4011038541793823,0.6068688631057739,,,,
110,2663,,,0.4049478769302368,1.4891636371612549,0.2513144612312317,1.473628282546997
110,2663,1.4027239084243774,0.617017388343811,,,,
111,2687,,,0.4264473617076874,1.5000548362731934,0.23714670538902283,1.4705171585083008
111,2687,1.4167858362197876,0.6069591641426086,,,,
112,2711,,,0.3938959538936615,1.4793376922607422,0.24782606959342957,1.4786338806152344
112,2711,1.3907815217971802,0.6126753091812134,,,,
113,2735,,,0.40470054745674133,1.4880549907684326,0.23567983508110046,1.495608925819397
113,2735,1.4117447137832642,0.6130757927894592,,,,
114,2759,,,0.4105323553085327,1.5080195665359497,0.24666163325309753,1.48162841796875
114,2759,1.404318928718567,0.6142425537109375,,,,
115,2783,,,0.4003750681877136,1.5142627954483032,0.23772074282169342,1.478658676147461
115,2783,1.40510892868042,0.6110952496528625,,,,
116,2807,,,0.4222269356250763,1.4744460582733154,0.25284522771835327,1.4806139469146729
116,2807,1.401823878288269,0.6126930713653564,,,,
117,2831,,,0.40939316153526306,1.4981553554534912,0.24988004565238953,1.488642930984497
117,2831,1.4233304262161255,0.6027657389640808,,,,
118,2855,,,0.3852502405643463,1.483030915260315,0.2504482865333557,1.4820833206176758
118,2855,1.4102269411087036,0.6021144390106201,,,,
119,2879,,,0.41063007712364197,1.503449559211731,0.2627672851085663,1.4840421676635742
119,2879,1.4343571662902832,0.6099216341972351,,,,
120,2903,,,0.403414249420166,1.5107402801513672,0.257438063621521,1.4818170070648193
120,2903,1.4180454015731812,0.6094360947608948,,,,
121,2927,,,0.41458845138549805,1.480251669883728,0.25276777148246765,1.4877676963806152
121,2927,1.3957558870315552,0.6118968725204468,,,,
122,2951,,,0.38662946224212646,1.4863109588623047,0.25390905141830444,1.4895200729370117
122,2951,1.3962239027023315,0.6072366833686829,,,,
123,2975,,,0.4204370975494385,1.529869556427002,0.2260001003742218,1.4848870038986206
123,2975,1.412365436553955,0.6098666787147522,,,,
124,2999,,,0.39830753207206726,1.4930917024612427,0.2486308068037033,1.4858503341674805
124,2999,1.424322485923767,0.610027551651001,,,,
125,3023,,,0.425152063369751,1.5157054662704468,0.2569991946220398,1.4918766021728516
125,3023,1.4090393781661987,0.6093520522117615,,,,
126,3047,,,0.40888553857803345,1.518109917640686,0.25255775451660156,1.490572452545166
126,3047,1.4156242609024048,0.6206972002983093,,,,
127,3071,,,0.4269088804721832,1.5044066905975342,0.28120359778404236,1.4870288372039795
127,3071,1.3976408243179321,0.6108320355415344,,,,
128,3095,,,0.40899860858917236,1.5186628103256226,0.25090649724006653,1.4820749759674072
128,3095,1.4062515497207642,0.6115337014198303,,,,
129,3119,,,0.4094545245170593,1.5131254196166992,0.2540241777896881,1.4951667785644531
129,3119,1.4181712865829468,0.6041178703308105,,,,
130,3143,,,0.4296428859233856,1.5244085788726807,0.27054598927497864,1.4940873384475708
130,3143,1.4058704376220703,0.6037532091140747,,,,
131,3167,,,0.41364285349845886,1.5168544054031372,0.26134854555130005,1.491751790046692
131,3167,1.4334936141967773,0.6034604907035828,,,,
132,3191,,,0.4453021287918091,1.5122156143188477,0.2705095708370209,1.4954681396484375
132,3191,1.419179916381836,0.6095617413520813,,,,
133,3215,,,0.409928560256958,1.5086348056793213,0.2486794888973236,1.5078206062316895
133,3215,1.4294849634170532,0.6111689805984497,,,,
134,3239,,,0.43418189883232117,1.5080703496932983,0.26161324977874756,1.4936466217041016
134,3239,1.4095377922058105,0.6093370318412781,,,,
135,3263,,,0.4145458936691284,1.5011042356491089,0.2641070485115051,1.4924147129058838
135,3263,1.4173203706741333,0.6130746006965637,,,,
136,3287,,,0.39221978187561035,1.5153563022613525,0.26400288939476013,1.5039135217666626
136,3287,1.4260369539260864,0.609268307685852,,,,
137,3311,,,0.41827014088630676,1.5188995599746704,0.28166407346725464,1.4916527271270752
137,3311,1.4188917875289917,0.6064321398735046,,,,
138,3335,,,0.4347192049026489,1.5050172805786133,0.2521049976348877,1.5000535249710083
138,3335,1.4342222213745117,0.6047338843345642,,,,
139,3359,,,0.41864797472953796,1.5269290208816528,0.2525327205657959,1.4909803867340088
139,3359,1.4094105958938599,0.6053534150123596,,,,
140,3383,,,0.41525477170944214,1.5115602016448975,0.26630932092666626,1.506113052368164
140,3383,1.4138083457946777,0.6163957118988037,,,,
141,3407,,,0.40905481576919556,1.5114604234695435,0.2459450662136078,1.4969068765640259
141,3407,1.4228860139846802,0.6074579358100891,,,,
142,3431,,,0.43546271324157715,1.5275321006774902,0.2897529602050781,1.4910285472869873
142,3431,1.427905559539795,0.6091658473014832,,,,
143,3455,,,0.42924049496650696,1.5411367416381836,0.2578625977039337,1.5048364400863647
143,3455,1.4152752161026,0.6141977906227112,,,,
144,3479,,,0.4286101162433624,1.531784176826477,0.2758667767047882,1.492253065109253
144,3479,1.420755386352539,0.6036767363548279,,,,
145,3503,,,0.41005879640579224,1.5150229930877686,0.26725149154663086,1.5011380910873413
145,3503,1.4321480989456177,0.6077399849891663,,,,
146,3527,,,0.4206964671611786,1.5182045698165894,0.2575129568576813,1.4965403079986572
146,3527,1.4123830795288086,0.6091261506080627,,,,
147,3551,,,0.4172810912132263,1.5242795944213867,0.26480627059936523,1.4929425716400146
147,3551,1.4191880226135254,0.6030951142311096,,,,
148,3575,,,0.4388532042503357,1.5317717790603638,0.2765572965145111,1.5057696104049683
148,3575,1.4118947982788086,0.5992435812950134,,,,
149,3599,,,0.4305228590965271,1.5288302898406982,0.27301353216171265,1.4951956272125244
149,3599,1.4293292760849,0.6124176383018494,,,,
150,3623,,,0.41366705298423767,1.536063551902771,0.2584577202796936,1.508670449256897
150,3623,1.4216631650924683,0.6172873973846436,,,,
151,3647,,,0.4513009786605835,1.5189590454101562,0.2743256688117981,1.5143922567367554
151,3647,1.4200552701950073,0.6168504953384399,,,,
152,3671,,,0.4188593924045563,1.5264208316802979,0.268890380859375,1.5098302364349365
152,3671,1.4217581748962402,0.6119774580001831,,,,
153,3695,,,0.42765939235687256,1.5252079963684082,0.24819938838481903,1.514837384223938
153,3695,1.4218493700027466,0.6104490756988525,,,,
154,3719,,,0.4323602616786957,1.5289733409881592,0.28650352358818054,1.5070643424987793
154,3719,1.409551739692688,0.5989997386932373,,,,
155,3743,,,0.41935768723487854,1.550284504890442,0.2823050022125244,1.515465497970581
155,3743,1.4269577264785767,0.6070128679275513,,,,
156,3767,,,0.42221543192863464,1.531212568283081,0.28634366393089294,1.5050129890441895
156,3767,1.4343446493148804,0.6082450151443481,,,,
157,3791,,,0.42069125175476074,1.5289915800094604,0.25780776143074036,1.5178604125976562
157,3791,1.4178919792175293,0.6075910329818726,,,,
158,3815,,,0.44168874621391296,1.5373706817626953,0.27457818388938904,1.5146236419677734
158,3815,1.432481288909912,0.6093921661376953,,,,
159,3839,,,0.444820761680603,1.54010009765625,0.2802720069885254,1.5116525888442993
159,3839,1.4141238927841187,0.6176666617393494,,,,
160,3863,,,0.4433254897594452,1.5363966226577759,0.27557387948036194,1.5127654075622559
160,3863,1.4267578125,0.6105546355247498,,,,
161,3887,,,0.41955500841140747,1.5468134880065918,0.2889553904533386,1.5111594200134277
161,3887,1.4209579229354858,0.5976811051368713,,,,
162,3911,,,0.43584001064300537,1.5323978662490845,0.28403347730636597,1.5138413906097412
162,3911,1.4124754667282104,0.5998632311820984,,,,
163,3935,,,0.42851483821868896,1.5486081838607788,0.28016865253448486,1.5200464725494385
163,3935,1.4209271669387817,0.6222426295280457,,,,
164,3959,,,0.4414713382720947,1.5433388948440552,0.2841086983680725,1.514359474182129
164,3959,1.4447335004806519,0.6107267737388611,,,,
165,3983,,,0.41317999362945557,1.5307483673095703,0.27785202860832214,1.521315574645996
165,3983,1.4086648225784302,0.6062027812004089,,,,
166,4007,,,0.43718352913856506,1.5355548858642578,0.2841649651527405,1.5157986879348755
166,4007,1.4129222631454468,0.6073354482650757,,,,
167,4031,,,0.44935041666030884,1.5420191287994385,0.2653856575489044,1.528620719909668
167,4031,1.4253627061843872,0.6159684062004089,,,,
168,4055,,,0.4398373067378998,1.5126302242279053,0.28110963106155396,1.5292532444000244
168,4055,1.4091178178787231,0.611571729183197,,,,
169,4079,,,0.44102421402931213,1.5231471061706543,0.25447702407836914,1.5112371444702148
169,4079,1.417581558227539,0.6007073521614075,,,,
170,4103,,,0.4342086911201477,1.5367169380187988,0.29327672719955444,1.5145277976989746
170,4103,1.40379798412323,0.60719233751297,,,,
171,4127,,,0.44035324454307556,1.554686188697815,0.3167983591556549,1.5114668607711792
171,4127,1.4437518119812012,0.6051418781280518,,,,
172,4151,,,0.46566450595855713,1.5611141920089722,0.2889469265937805,1.5247567892074585
172,4151,1.408990502357483,0.6035453081130981,,,,
173,4175,,,0.44905638694763184,1.5345721244812012,0.26863816380500793,1.522642731666565
173,4175,1.4277292490005493,0.61307692527771,,,,
174,4199,,,0.47130030393600464,1.5502418279647827,0.2745630145072937,1.5073015689849854
174,4199,1.418099284172058,0.6091650724411011,,,,
175,4223,,,0.4437486231327057,1.5519821643829346,0.29445233941078186,1.5162924528121948
175,4223,1.4266902208328247,0.6142773032188416,,,,
176,4247,,,0.44719547033309937,1.550039529800415,0.2800820767879486,1.5150805711746216
176,4247,1.4399218559265137,0.6113362908363342,,,,
177,4271,,,0.4328024685382843,1.5433542728424072,0.2802432179450989,1.5284700393676758
177,4271,1.423326015472412,0.6141271591186523,,,,
178,4295,,,0.44664955139160156,1.5467952489852905,0.2887917160987854,1.5272327661514282
178,4295,1.450587272644043,0.608876645565033,,,,
179,4319,,,0.46278250217437744,1.5623806715011597,0.3069157004356384,1.5258150100708008
179,4319,1.4198627471923828,0.6066913604736328,,,,
180,4343,,,0.4379727244377136,1.5534822940826416,0.2985714375972748,1.5174351930618286
180,4343,1.4155381917953491,0.6112774610519409,,,,
181,4367,,,0.442639023065567,1.559173583984375,0.2730218768119812,1.5178606510162354
181,4367,1.409838080406189,0.6174687147140503,,,,
182,4391,,,0.45386549830436707,1.5515837669372559,0.2949298024177551,1.5425615310668945
182,4391,1.4283366203308105,0.6102853417396545,,,,
183,4415,,,0.43980884552001953,1.5513206720352173,0.3043671250343323,1.5172247886657715
183,4415,1.413308024406433,0.605684220790863,,,,
184,4439,,,0.4502810835838318,1.5213932991027832,0.29694443941116333,1.5286955833435059
184,4439,1.4165290594100952,0.6156326532363892,,,,
185,4463,,,0.43926870822906494,1.5543888807296753,0.29578912258148193,1.5268893241882324
185,4463,1.4241338968276978,0.609192967414856,,,,
186,4487,,,0.4486740529537201,1.5526446104049683,0.2944684624671936,1.5416706800460815
186,4487,1.4136348962783813,0.6059067249298096,,,,
187,4511,,,0.45931878685951233,1.5752413272857666,0.29228222370147705,1.5288805961608887
187,4511,1.4481950998306274,0.6098291277885437,,,,
188,4535,,,0.45439642667770386,1.5469454526901245,0.2975892424583435,1.5389338731765747
188,4535,1.428199291229248,0.6155934929847717,,,,
189,4559,,,0.4636676609516144,1.5387505292892456,0.2995443344116211,1.5292243957519531
189,4559,1.4361172914505005,0.6088103652000427,,,,
190,4583,,,0.46493038535118103,1.5628361701965332,0.3093433976173401,1.5332961082458496
190,4583,1.4435824155807495,0.6120507717132568,,,,
191,4607,,,0.48102468252182007,1.5638843774795532,0.30376970767974854,1.546334147453308
191,4607,1.4139350652694702,0.6144563555717468,,,,
192,4631,,,0.4334593415260315,1.5572096109390259,0.31994199752807617,1.5370326042175293
192,4631,1.4232081174850464,0.6128076910972595,,,,
193,4655,,,0.44725900888442993,1.5489282608032227,0.30884766578674316,1.5318958759307861
193,4655,1.4404511451721191,0.6102919578552246,,,,
194,4679,,,0.48003554344177246,1.5455713272094727,0.28120991587638855,1.5248810052871704
194,4679,1.4462065696716309,0.6169373393058777,,,,
195,4703,,,0.47236043214797974,1.5556560754776,0.29481300711631775,1.5356611013412476
195,4703,1.410159707069397,0.6136167645454407,,,,
196,4727,,,0.47625982761383057,1.5518425703048706,0.29909446835517883,1.5476675033569336
196,4727,1.4112305641174316,0.6069599986076355,,,,
197,4751,,,0.47863680124282837,1.5812411308288574,0.300119012594223,1.537165880203247
197,4751,1.403924584388733,0.6176759600639343,,,,
198,4775,,,0.4741190969944,1.5717904567718506,0.3044760823249817,1.5433220863342285
198,4775,1.4261713027954102,0.616021454334259,,,,
199,4799,,,0.48129498958587646,1.5616809129714966,0.3161253035068512,1.536414384841919
199,4799,1.4318641424179077,0.61126708984375,,,,
200,4823,,,0.4505223333835602,1.5673890113830566,0.31639355421066284,1.54390287399292
200,4823,1.4219776391983032,0.6092420220375061,,,,
201,4847,,,0.46523991227149963,1.5826518535614014,0.3004751205444336,1.5454061031341553
201,4847,1.3936151266098022,0.6107370257377625,,,,
202,4871,,,0.48370519280433655,1.573182463645935,0.3214070200920105,1.5493996143341064
202,4871,1.4230901002883911,0.606390655040741,,,,
203,4895,,,0.465177059173584,1.563857078552246,0.314313143491745,1.5538915395736694
203,4895,1.4009151458740234,0.6137068867683411,,,,
204,4919,,,0.4910071790218353,1.5628552436828613,0.30966898798942566,1.541778564453125
204,4919,1.406994342803955,0.6187865734100342,,,,
205,4943,,,0.46287107467651367,1.5596286058425903,0.31098824739456177,1.5572495460510254
205,4943,1.412129282951355,0.6129443049430847,,,,
206,4967,,,0.4858124852180481,1.5560879707336426,0.325508177280426,1.5438730716705322
206,4967,1.4367655515670776,0.6173219680786133,,,,
207,4991,,,0.46376046538352966,1.5748974084854126,0.30787310004234314,1.5462610721588135
207,4991,1.4268094301223755,0.6144435405731201,,,,
208,5015,,,0.48545753955841064,1.5672670602798462,0.2976858913898468,1.538141131401062
208,5015,1.4231499433517456,0.6160649061203003,,,,
209,5039,,,0.46322745084762573,1.5999715328216553,0.31602340936660767,1.5597716569900513
209,5039,1.4288100004196167,0.6215450167655945,,,,
210,5063,,,0.48540428280830383,1.571755051612854,0.3054872751235962,1.5419822931289673
210,5063,1.421775221824646,0.6151525378227234,,,,
211,5087,,,0.4735656678676605,1.5801628828048706,0.32720375061035156,1.546562910079956
211,5087,1.4086207151412964,0.631177544593811,,,,
212,5111,,,0.474662184715271,1.5783673524856567,0.3057895302772522,1.5485734939575195
212,5111,1.4264907836914062,0.612410843372345,,,,
213,5135,,,0.47636735439300537,1.5689588785171509,0.33204978704452515,1.5619208812713623
213,5135,1.4446817636489868,0.6341583132743835,,,,
214,5159,,,0.4822496175765991,1.5758287906646729,0.3259691894054413,1.5578622817993164
214,5159,1.451507568359375,0.6157659292221069,,,,
215,5183,,,0.4750782251358032,1.5800395011901855,0.31396615505218506,1.5571041107177734
215,5183,1.4296507835388184,0.6198323369026184,,,,
216,5207,,,0.5019533038139343,1.5703445672988892,0.3320339024066925,1.5722519159317017
216,5207,1.4133481979370117,0.6188378930091858,,,,
217,5231,,,0.5069519877433777,1.568504810333252,0.32236215472221375,1.5586954355239868
217,5231,1.4381071329116821,0.627728283405304,,,,
218,5255,,,0.4899701178073883,1.5944441556930542,0.32485833764076233,1.5477797985076904
218,5255,1.4377918243408203,0.6124148964881897,,,,
219,5279,,,0.4806564450263977,1.5577497482299805,0.34213176369667053,1.5512208938598633
219,5279,1.4271202087402344,0.6228185296058655,,,,
220,5303,,,0.4663935899734497,1.5790574550628662,0.3402799069881439,1.560965895652771
220,5303,1.4207929372787476,0.6277247667312622,,,,
221,5327,,,0.46529319882392883,1.5979963541030884,0.31660306453704834,1.5701873302459717
221,5327,1.4193964004516602,0.6191977858543396,,,,
222,5351,,,0.49753397703170776,1.5716652870178223,0.32326534390449524,1.5619242191314697
222,5351,1.4377323389053345,0.6125884056091309,,,,
223,5375,,,0.5017958283424377,1.5898939371109009,0.3343396782875061,1.5543383359909058
223,5375,1.421642780303955,0.62529057264328,,,,
224,5399,,,0.48167696595191956,1.580770492553711,0.3382318317890167,1.5702431201934814
224,5399,1.4303669929504395,0.6272247433662415,,,,
225,5423,,,0.476054847240448,1.5878750085830688,0.3063952624797821,1.553808569908142
225,5423,1.416683316230774,0.6125058531761169,,,,
226,5447,,,0.4763525128364563,1.5857927799224854,0.3296346962451935,1.5635188817977905
226,5447,1.412544846534729,0.627736508846283,,,,
227,5471,,,0.47295260429382324,1.5655876398086548,0.29782748222351074,1.5548707246780396
227,5471,1.443833351135254,0.6136342883110046,,,,
228,5495,,,0.4831923842430115,1.5719242095947266,0.32621097564697266,1.5732216835021973
228,5495,1.4300618171691895,0.6211873888969421,,,,
229,5519,,,0.5108838081359863,1.5883632898330688,0.33255043625831604,1.5677711963653564
229,5519,1.4328621625900269,0.6271705627441406,,,,
230,5543,,,0.48125597834587097,1.6095110177993774,0.341525673866272,1.5696831941604614
230,5543,1.4180649518966675,0.6293779611587524,,,,
231,5567,,,0.49463263154029846,1.5470318794250488,0.33273226022720337,1.5898395776748657
231,5567,1.4186315536499023,0.6321036219596863,,,,
232,5591,,,0.4949117600917816,1.6008436679840088,0.3154385983943939,1.5585604906082153
232,5591,1.4167264699935913,0.6307830214500427,,,,
233,5615,,,0.49616217613220215,1.5867727994918823,0.34662801027297974,1.5601540803909302
233,5615,1.4397855997085571,0.6284753680229187,,,,
234,5639,,,0.4883125424385071,1.5576246976852417,0.3434280753135681,1.5779569149017334
234,5639,1.4623594284057617,0.6251568794250488,,,,
235,5663,,,0.5005783438682556,1.5931344032287598,0.33013272285461426,1.5799909830093384
235,5663,1.4219268560409546,0.623109757900238,,,,
236,5687,,,0.4895474910736084,1.568115234375,0.34907543659210205,1.5732861757278442
236,5687,1.438699722290039,0.6355012059211731,,,,
237,5711,,,0.4813954532146454,1.5979100465774536,0.3769296407699585,1.5771303176879883
237,5711,1.4420355558395386,0.6319983601570129,,,,
238,5735,,,0.47225114703178406,1.6001813411712646,0.3322412371635437,1.5872024297714233
238,5735,1.4351204633712769,0.6291765570640564,,,,
239,5759,,,0.49772071838378906,1.6008920669555664,0.32760223746299744,1.568056344985962
239,5759,1.4257296323776245,0.6339420676231384,,,,
240,5783,,,0.4847846031188965,1.5895206928253174,0.3593449592590332,1.5757449865341187
240,5783,1.4332829713821411,0.6443436741828918,,,,
241,5807,,,0.5216925144195557,1.5943201780319214,0.33796828985214233,1.5756946802139282
241,5807,1.4277468919754028,0.6313386559486389,,,,
242,5831,,,0.4971698820590973,1.6178555488586426,0.3359145522117615,1.5610007047653198
242,5831,1.4381002187728882,0.6296390891075134,,,,
243,5855,,,0.49762579798698425,1.5860882997512817,0.34348616003990173,1.5642507076263428
243,5855,1.4291588068008423,0.6366429328918457,,,,
244,5879,,,0.5023968815803528,1.5799427032470703,0.3337878882884979,1.5858429670333862
244,5879,1.4249275922775269,0.6401017308235168,,,,
245,5903,,,0.516299843788147,1.5660254955291748,0.34912097454071045,1.572492241859436
245,5903,1.4248757362365723,0.623669445514679,,,,
246,5927,,,0.5017681121826172,1.5817859172821045,0.3502022325992584,1.581872582435608
246,5927,1.4162312746047974,0.6338403820991516,,,,
247,5951,,,0.5134102702140808,1.5857003927230835,0.36461153626441956,1.5741009712219238
247,5951,1.42330801486969,0.6346761584281921,,,,
248,5975,,,0.5027056932449341,1.5859357118606567,0.3349129557609558,1.5741970539093018
248,5975,1.4298063516616821,0.6344321370124817,,,,
249,5999,,,0.5092270374298096,1.5910753011703491,0.35194674134254456,1.5696094036102295
249,5999,1.4259939193725586,0.6304267644882202,,,,
250,6023,,,0.5046438574790955,1.6045643091201782,0.36695966124534607,1.5851869583129883
250,6023,1.4457494020462036,0.6410457491874695,,,,
251,6047,,,0.5007957816123962,1.5849449634552002,0.3454517126083374,1.579092025756836
251,6047,1.4265003204345703,0.6297491192817688,,,,
252,6071,,,0.504511833190918,1.6014564037322998,0.34121882915496826,1.572115421295166
252,6071,1.4436877965927124,0.6307584643363953,,,,
253,6095,,,0.5217194557189941,1.6215803623199463,0.3399451971054077,1.5719953775405884
253,6095,1.4471135139465332,0.6415693163871765,,,,
254,6119,,,0.49455171823501587,1.5999035835266113,0.37055501341819763,1.590474009513855
254,6119,1.409124493598938,0.6305793523788452,,,,
255,6143,,,0.5036121010780334,1.590341567993164,0.38303929567337036,1.5870906114578247
255,6143,1.4332857131958008,0.6349512934684753,,,,
256,6167,,,0.5113575458526611,1.6181467771530151,0.3688778877258301,1.5660264492034912
256,6167,1.4336004257202148,0.6396486163139343,,,,
257,6191,,,0.5084459185600281,1.588050365447998,0.36096256971359253,1.5829017162322998
257,6191,1.4393690824508667,0.634739339351654,,,,
258,6215,,,0.4963325262069702,1.6078991889953613,0.3702298402786255,1.5951547622680664
258,6215,1.4309910535812378,0.6361548900604248,,,,
259,6239,,,0.5027281641960144,1.5847582817077637,0.3390428125858307,1.5716750621795654
259,6239,1.436944603919983,0.6433959603309631,,,,
260,6263,,,0.5058415532112122,1.6077537536621094,0.37886881828308105,1.5940008163452148
260,6263,1.4371179342269897,0.6352912187576294,,,,
261,6287,,,0.5221139192581177,1.5910053253173828,0.35681360960006714,1.5801963806152344
261,6287,1.4515405893325806,0.6439335942268372,,,,
262,6311,,,0.502345860004425,1.6100751161575317,0.37005138397216797,1.5767713785171509
262,6311,1.4491066932678223,0.6445249915122986,,,,
263,6335,,,0.520503044128418,1.612459421157837,0.34013885259628296,1.60310959815979
263,6335,1.4335912466049194,0.6349945068359375,,,,
264,6359,,,0.5125676989555359,1.6114431619644165,0.36655285954475403,1.5862737894058228
264,6359,1.4177632331848145,0.6305093169212341,,,,
265,6383,,,0.5133676528930664,1.5828850269317627,0.35301417112350464,1.5928672552108765
265,6383,1.4175761938095093,0.6427359580993652,,,,
266,6407,,,0.497697114944458,1.6253690719604492,0.36348840594291687,1.5919313430786133
266,6407,1.4340934753417969,0.6364923715591431,,,,
267,6431,,,0.4961327910423279,1.6037952899932861,0.35299479961395264,1.5987451076507568
267,6431,1.4375286102294922,0.6450062990188599,,,,
268,6455,,,0.522896409034729,1.6194279193878174,0.3714089095592499,1.5843312740325928
268,6455,1.4295660257339478,0.6231856346130371,,,,
269,6479,,,0.49602019786834717,1.618847131729126,0.3740101456642151,1.606586217880249
269,6479,1.4343829154968262,0.6407322287559509,,,,
270,6503,,,0.4977366328239441,1.631488561630249,0.3657560646533966,1.5994207859039307
270,6503,1.4216408729553223,0.6387798190116882,,,,
271,6527,,,0.5127197504043579,1.6182308197021484,0.3622884154319763,1.5864052772521973
271,6527,1.4427570104599,0.6488113403320312,,,,
272,6551,,,0.5291916728019714,1.6102964878082275,0.35773828625679016,1.5927163362503052
272,6551,1.4417424201965332,0.6426201462745667,,,,
273,6575,,,0.5003329515457153,1.6203988790512085,0.36699894070625305,1.5888755321502686
273,6575,1.4232555627822876,0.6361712217330933,,,,
274,6599,,,0.5141019225120544,1.617232322692871,0.35831746459007263,1.5919888019561768
274,6599,1.431005597114563,0.6302782893180847,,,,
275,6623,,,0.5052295327186584,1.6139951944351196,0.3764798641204834,1.5847673416137695
275,6623,1.388425350189209,0.6390292048454285,,,,
276,6647,,,0.5000301599502563,1.6160122156143188,0.3789229989051819,1.5994268655776978
276,6647,1.443468451499939,0.6423335671424866,,,,
277,6671,,,0.4967588782310486,1.620104432106018,0.37515580654144287,1.5964887142181396
277,6671,1.4514245986938477,0.6553425192832947,,,,
278,6695,,,0.5109078288078308,1.6318279504776,0.3657197952270508,1.6000252962112427
278,6695,1.4368950128555298,0.6375324726104736,,,,
279,6719,,,0.5101673603057861,1.6306633949279785,0.3743489384651184,1.6081088781356812
279,6719,1.433140754699707,0.6417774558067322,,,,
280,6743,,,0.5128521919250488,1.60114324092865,0.3652603030204773,1.6067103147506714
280,6743,1.4138983488082886,0.6410490870475769,,,,
281,6767,,,0.5147956013679504,1.6238571405410767,0.3920639157295227,1.6057089567184448
281,6767,1.4452770948410034,0.6434484124183655,,,,
282,6791,,,0.4984159767627716,1.6110776662826538,0.3502641022205353,1.6078097820281982
282,6791,1.4337226152420044,0.6399482488632202,,,,
283,6815,,,0.5315700173377991,1.6239511966705322,0.3851132392883301,1.6194908618927002
283,6815,1.425520420074463,0.6551935076713562,,,,
284,6839,,,0.5326550006866455,1.6336772441864014,0.3536207377910614,1.5970864295959473
284,6839,1.4356422424316406,0.6447566151618958,,,,
285,6863,,,0.5192338228225708,1.627754807472229,0.39009931683540344,1.6002929210662842
285,6863,1.4328056573867798,0.6376832127571106,,,,
286,6887,,,0.49832889437675476,1.5981757640838623,0.3667694628238678,1.6027073860168457
286,6887,1.4346290826797485,0.6461877226829529,,,,
287,6911,,,0.5240514874458313,1.6312365531921387,0.36753371357917786,1.6038204431533813
287,6911,1.42758309841156,0.6352806687355042,,,,
288,6935,,,0.5248712301254272,1.633681058883667,0.38645225763320923,1.606637716293335
288,6935,1.4368762969970703,0.6420236229896545,,,,
289,6959,,,0.5169123411178589,1.639502763748169,0.3726697266101837,1.6209173202514648
289,6959,1.4219597578048706,0.6506604552268982,,,,
290,6983,,,0.5192286372184753,1.5933302640914917,0.3825860917568207,1.604591965675354
290,6983,1.4395586252212524,0.6471151113510132,,,,
291,7007,,,0.515669047832489,1.5887982845306396,0.39346322417259216,1.6028176546096802
291,7007,1.4345215559005737,0.6545029282569885,,,,
292,7031,,,0.5040097832679749,1.6479679346084595,0.3812497854232788,1.5960928201675415
292,7031,1.4250904321670532,0.6473142504692078,,,,
293,7055,,,0.5227115154266357,1.654244065284729,0.4033036530017853,1.6093964576721191
293,7055,1.4502259492874146,0.6591741442680359,,,,
294,7079,,,0.5213022828102112,1.6278517246246338,0.37685471773147583,1.6175888776779175
294,7079,1.4495015144348145,0.6524856686592102,,,,
295,7103,,,0.522817850112915,1.6139668226242065,0.399691104888916,1.6004583835601807
295,7103,1.4231232404708862,0.6376752257347107,,,,
296,7127,,,0.5252730846405029,1.626946210861206,0.40769633650779724,1.604469895362854
296,7127,1.4226585626602173,0.6480550169944763,,,,
297,7151,,,0.5115729570388794,1.6311864852905273,0.37217581272125244,1.60728919506073
297,7151,1.4265093803405762,0.6360422968864441,,,,
298,7175,,,0.5238510966300964,1.6560765504837036,0.3893011808395386,1.611141324043274
298,7175,1.4309368133544922,0.6487364172935486,,,,
299,7199,,,0.5287081003189087,1.6398775577545166,0.3740324079990387,1.6300582885742188
299,7199,1.432144284248352,0.6588287353515625,,,,
300,7223,,,0.5180581212043762,1.6625102758407593,0.3691551089286804,1.6335229873657227
300,7223,1.4271906614303589,0.6521028876304626,,,,
301,7247,,,0.5109854340553284,1.6494001150131226,0.39180564880371094,1.6225723028182983
301,7247,1.443520188331604,0.6443626284599304,,,,
302,7271,,,0.5104769468307495,1.644586205482483,0.3926175534725189,1.6126174926757812
302,7271,1.4390758275985718,0.6506848931312561,,,,
303,7295,,,0.5348218083381653,1.64979887008667,0.3969946801662445,1.6196331977844238
303,7295,1.4183716773986816,0.6393367052078247,,,,
304,7319,,,0.5246055722236633,1.6233822107315063,0.3895602524280548,1.6086091995239258
304,7319,1.4328058958053589,0.6645824313163757,,,,
305,7343,,,0.5174432396888733,1.6557164192199707,0.3747939467430115,1.6316554546356201
305,7343,1.4347811937332153,0.6444336175918579,,,,
306,7367,,,0.5227500796318054,1.664663553237915,0.37008970975875854,1.618667483329773
306,7367,1.427148699760437,0.6587361097335815,,,,
307,7391,,,0.516880452632904,1.6537821292877197,0.38767147064208984,1.6255264282226562
307,7391,1.434179663658142,0.6504996418952942,,,,
308,7415,,,0.5357197523117065,1.6234958171844482,0.3860040307044983,1.6165425777435303
308,7415,1.4337643384933472,0.6506478190422058,,,,
309,7439,,,0.5154813528060913,1.62317955493927,0.41269612312316895,1.6465070247650146
309,7439,1.4248262643814087,0.6546139717102051,,,,
310,7463,,,0.5020431280136108,1.6373250484466553,0.3891299366950989,1.6408939361572266
310,7463,1.449811339378357,0.655421793460846,,,,
311,7487,,,0.5338550806045532,1.6427812576293945,0.3890300393104553,1.6387016773223877
311,7487,1.4307154417037964,0.653668224811554,,,,
312,7511,,,0.5130159854888916,1.6197961568832397,0.3901657462120056,1.6208428144454956
312,7511,1.4071965217590332,0.6510650515556335,,,,
313,7535,,,0.5274617671966553,1.6666486263275146,0.39126676321029663,1.6364449262619019
313,7535,1.420920491218567,0.6481819152832031,,,,
314,7559,,,0.531256914138794,1.6530160903930664,0.3973158597946167,1.6266218423843384
314,7559,1.4583579301834106,0.6531850695610046,,,,
315,7583,,,0.5435660481452942,1.642065167427063,0.39021432399749756,1.637046217918396
315,7583,1.4404220581054688,0.6602023839950562,,,,
316,7607,,,0.506660521030426,1.6358120441436768,0.3903864622116089,1.6385990381240845
316,7607,1.4214519262313843,0.6561161279678345,,,,
317,7631,,,0.5225614309310913,1.6522852182388306,0.4211871027946472,1.6233495473861694
317,7631,1.4371814727783203,0.662740170955658,,,,
318,7655,,,0.5344562530517578,1.647446870803833,0.3999168574810028,1.622800588607788
318,7655,1.439195990562439,0.6523298621177673,,,,
319,7679,,,0.5249692797660828,1.6429933309555054,0.39395496249198914,1.6440284252166748
319,7679,1.44482421875,0.657709002494812,,,,
320,7703,,,0.5134273171424866,1.6360281705856323,0.4023585319519043,1.627016544342041
320,7703,1.4106122255325317,0.6441694498062134,,,,
321,7727,,,0.5389729142189026,1.6491094827651978,0.39753252267837524,1.5945128202438354
321,7727,1.4189943075180054,0.6425229907035828,,,,
322,7751,,,0.5274915099143982,1.6430492401123047,0.3962599039077759,1.626030445098877
322,7751,1.4721570014953613,0.6555225253105164,,,,
323,7775,,,0.5281773805618286,1.6325762271881104,0.4284140467643738,1.6375190019607544
323,7775,1.4473414421081543,0.6541180610656738,,,,
324,7799,,,0.5076472163200378,1.6473912000656128,0.39580053091049194,1.6249521970748901
324,7799,1.4361759424209595,0.6479902267456055,,,,
325,7823,,,0.5336470603942871,1.662673830986023,0.38183706998825073,1.617489218711853
325,7823,1.4257208108901978,0.6454464793205261,,,,
326,7847,,,0.5182317495346069,1.6380079984664917,0.41159042716026306,1.61159086227417
326,7847,1.4187599420547485,0.6601744890213013,,,,
327,7871,,,0.5253391265869141,1.6347417831420898,0.40403231978416443,1.6462469100952148
327,7871,1.435045599937439,0.6741442084312439,,,,
328,7895,,,0.5088332295417786,1.6419047117233276,0.3874940872192383,1.6454280614852905
328,7895,1.4364376068115234,0.6607365012168884,,,,
329,7919,,,0.5273053050041199,1.6654809713363647,0.4130609631538391,1.6286135911941528
329,7919,1.4327927827835083,0.66448575258255,,,,
330,7943,,,0.5355740785598755,1.6457040309906006,0.4084725081920624,1.6191916465759277
330,7943,1.4382591247558594,0.6623297333717346,,,,
331,7967,,,0.5140725374221802,1.6738682985305786,0.39794081449508667,1.6445471048355103
331,7967,1.441992163658142,0.6611712574958801,,,,
332,7991,,,0.5077940225601196,1.6571615934371948,0.3960458040237427,1.6321886777877808
332,7991,1.4407023191452026,0.6650257110595703,,,,
333,8015,,,0.5374190807342529,1.6499826908111572,0.3921029567718506,1.6403679847717285
333,8015,1.4049636125564575,0.6457900404930115,,,,
334,8039,,,0.529733419418335,1.6687109470367432,0.4099792540073395,1.6560451984405518
334,8039,1.4412709474563599,0.6639147400856018,,,,
335,8063,,,0.5269707441329956,1.6391063928604126,0.42933768033981323,1.6402548551559448
335,8063,1.4377198219299316,0.6549144387245178,,,,
336,8087,,,0.5239828824996948,1.7076728343963623,0.392477810382843,1.6251699924468994
336,8087,1.4409788846969604,0.6581827998161316,,,,
337,8111,,,0.5152581334114075,1.6442855596542358,0.4226047992706299,1.63986074924469
337,8111,1.4380626678466797,0.6528623104095459,,,,
338,8135,,,0.511539101600647,1.6548631191253662,0.4131355285644531,1.6437939405441284
338,8135,1.4452195167541504,0.6666272282600403,,,,
339,8159,,,0.5294241905212402,1.6410092115402222,0.44169580936431885,1.6534204483032227
339,8159,1.448438286781311,0.6607184410095215,,,,
340,8183,,,0.513250470161438,1.6568200588226318,0.40498781204223633,1.6483887434005737
340,8183,1.4717068672180176,0.6703850626945496,,,,
341,8207,,,0.5309212803840637,1.6542457342147827,0.40253111720085144,1.658149003982544
341,8207,1.4281810522079468,0.6542403101921082,,,,
342,8231,,,0.5437398552894592,1.6606581211090088,0.4359574317932129,1.6459001302719116
342,8231,1.4211007356643677,0.6703712344169617,,,,
343,8255,,,0.5330850481987,1.6395959854125977,0.39645519852638245,1.6451159715652466
343,8255,1.4435268640518188,0.6623989939689636,,,,
344,8279,,,0.5448165535926819,1.641059398651123,0.38496384024620056,1.653273344039917
344,8279,1.4426313638687134,0.65923672914505,,,,
345,8303,,,0.5351507663726807,1.6513394117355347,0.3961707353591919,1.645020604133606
345,8303,1.4364304542541504,0.6644342541694641,,,,
346,8327,,,0.5213711261749268,1.6604886054992676,0.4040786623954773,1.643472671508789
346,8327,1.4346046447753906,0.657296895980835,,,,
347,8351,,,0.5354436039924622,1.6606385707855225,0.38278236985206604,1.650327444076538
347,8351,1.42622709274292,0.6695230603218079,,,,
348,8375,,,0.5221367478370667,1.6789833307266235,0.4061342179775238,1.647855281829834
348,8375,1.4446229934692383,0.6671918034553528,,,,
349,8399,,,0.5126299262046814,1.660236120223999,0.4155261516571045,1.6367919445037842
349,8399,1.4343891143798828,0.6678120493888855,,,,
350,8423,,,0.5183508992195129,1.6427242755889893,0.3966003656387329,1.6518011093139648
350,8423,1.415131688117981,0.6697149872779846,,,,
351,8447,,,0.5438019037246704,1.667915940284729,0.41884875297546387,1.6667343378067017
351,8447,1.4241944551467896,0.6739129424095154,,,,
352,8471,,,0.5424854755401611,1.656088948249817,0.40657269954681396,1.6522287130355835
352,8471,1.4122532606124878,0.6598064303398132,,,,
353,8495,,,0.5225437879562378,1.6837408542633057,0.41043972969055176,1.6655685901641846
353,8495,1.4483541250228882,0.6687038540840149,,,,
354,8519,,,0.5418834090232849,1.6904412508010864,0.41711530089378357,1.6706143617630005
354,8519,1.413543701171875,0.6725167632102966,,,,
355,8543,,,0.5265034437179565,1.643568754196167,0.3919926881790161,1.6606708765029907
355,8543,1.4099035263061523,0.6611589789390564,,,,
356,8567,,,0.5351005792617798,1.6753731966018677,0.4299970269203186,1.6540813446044922
356,8567,1.4224451780319214,0.6637791991233826,,,,
357,8591,,,0.5221136212348938,1.6746057271957397,0.41551831364631653,1.638674020767212
357,8591,1.418434739112854,0.6664867401123047,,,,
358,8615,,,0.530788242816925,1.645672082901001,0.39142370223999023,1.6509021520614624
358,8615,1.4289206266403198,0.6578806042671204,,,,
359,8639,,,0.5325787663459778,1.6739282608032227,0.43472856283187866,1.6418993473052979
359,8639,1.434104323387146,0.6726381182670593,,,,
360,8663,,,0.5421420931816101,1.6808898448944092,0.394793301820755,1.6485650539398193
360,8663,1.442766785621643,0.664273738861084,,,,
361,8687,,,0.5401294231414795,1.6674294471740723,0.40989920496940613,1.6576578617095947
361,8687,1.4321163892745972,0.6708018183708191,,,,
362,8711,,,0.538310706615448,1.6647998094558716,0.4167514741420746,1.6533699035644531
362,8711,1.4245558977127075,0.6684677004814148,,,,
363,8735,,,0.5420334935188293,1.6672722101211548,0.41276776790618896,1.6494920253753662
363,8735,1.422751784324646,0.6747705340385437,,,,
364,8759,,,0.5152864456176758,1.6495952606201172,0.4212082028388977,1.6455045938491821
364,8759,1.4452608823776245,0.661683201789856,,,,
365,8783,,,0.5278114676475525,1.668091893196106,0.4092195928096771,1.639472246170044
365,8783,1.4468458890914917,0.6722130179405212,,,,
366,8807,,,0.5321705341339111,1.6687551736831665,0.40106692910194397,1.6609915494918823
366,8807,1.4340182542800903,0.6565696597099304,,,,
367,8831,,,0.537440836429596,1.702427864074707,0.4077790081501007,1.65911066532135
367,8831,1.412436842918396,0.6654091477394104,,,,
368,8855,,,0.538890540599823,1.666306495666504,0.40915098786354065,1.669179081916809
368,8855,1.4178777933120728,0.6733541488647461,,,,
369,8879,,,0.5318456888198853,1.6814923286437988,0.4067089557647705,1.669277310371399
369,8879,1.4561368227005005,0.6759634613990784,,,,
370,8903,,,0.535824716091156,1.6612496376037598,0.42348891496658325,1.6396265029907227
370,8903,1.4421334266662598,0.674656867980957,,,,
371,8927,,,0.5336249470710754,1.6625741720199585,0.41646766662597656,1.6617121696472168
371,8927,1.4271245002746582,0.6744377613067627,,,,
372,8951,,,0.5213885307312012,1.6963404417037964,0.42388802766799927,1.7010064125061035
372,8951,1.4459261894226074,0.6749687194824219,,,,
373,8975,,,0.5436503887176514,1.6589868068695068,0.38739708065986633,1.6488401889801025
373,8975,1.4172840118408203,0.669945478439331,,,,
374,8999,,,0.5430530309677124,1.6690058708190918,0.40953826904296875,1.667472243309021
374,8999,1.4401459693908691,0.6751554608345032,,,,
375,9023,,,0.520648717880249,1.6902459859848022,0.4055112302303314,1.6535385847091675
375,9023,1.4198728799819946,0.6646543145179749,,,,
376,9047,,,0.5302823185920715,1.7160859107971191,0.42051029205322266,1.6597667932510376
376,9047,1.434343934059143,0.6619572043418884,,,,
377,9071,,,0.5334863662719727,1.6830599308013916,0.41256681084632874,1.662174940109253
377,9071,1.4398366212844849,0.6826372742652893,,,,
378,9095,,,0.5358560681343079,1.662259578704834,0.40115562081336975,1.656026005744934
378,9095,1.4345778226852417,0.6780357956886292,,,,
379,9119,,,0.539886474609375,1.6644624471664429,0.4056583642959595,1.6690243482589722
379,9119,1.4419878721237183,0.6821699142456055,,,,
380,9143,,,0.5447046160697937,1.6794006824493408,0.41235411167144775,1.6621160507202148
380,9143,1.4259642362594604,0.6600411534309387,,,,
381,9167,,,0.5191880464553833,1.7063301801681519,0.41028472781181335,1.684525489807129
381,9167,1.42745840549469,0.6699607968330383,,,,
382,9191,,,0.5351150035858154,1.676891803741455,0.42472583055496216,1.6581711769104004
382,9191,1.4199271202087402,0.6667155623435974,,,,
383,9215,,,0.5281094908714294,1.669973611831665,0.4261265993118286,1.682408094406128
383,9215,1.449750542640686,0.6767200827598572,,,,
384,9239,,,0.5183812975883484,1.6837763786315918,0.41716906428337097,1.6611497402191162
384,9239,1.4424649477005005,0.6815112233161926,,,,
385,9263,,,0.5072094202041626,1.6709818840026855,0.4312918782234192,1.6708976030349731
385,9263,1.4012318849563599,0.6835176348686218,,,,
386,9287,,,0.5358324646949768,1.7063175439834595,0.41654571890830994,1.6593784093856812
386,9287,1.4428402185440063,0.6760300993919373,,,,
387,9311,,,0.5306052565574646,1.6917001008987427,0.42243242263793945,1.6673837900161743
387,9311,1.4146485328674316,0.6777051091194153,,,,
388,9335,,,0.5465306043624878,1.677901268005371,0.42033106088638306,1.6399997472763062
388,9335,1.439404845237732,0.6832473278045654,,,,
389,9359,,,0.5287371277809143,1.6633726358413696,0.43117326498031616,1.657504677772522
389,9359,1.4205204248428345,0.6731486916542053,,,,
390,9383,,,0.543150007724762,1.6728758811950684,0.41108426451683044,1.6738947629928589
390,9383,1.4331703186035156,0.6803591847419739,,,,
391,9407,,,0.5284900665283203,1.6731656789779663,0.424630343914032,1.687642216682434
391,9407,1.4418206214904785,0.6689729690551758,,,,
392,9431,,,0.5353190302848816,1.6871742010116577,0.4234597384929657,1.6666010618209839
392,9431,1.4210783243179321,0.6579383611679077,,,,
393,9455,,,0.5267826914787292,1.6903977394104004,0.4108981490135193,1.6639926433563232
393,9455,1.4297055006027222,0.6714513897895813,,,,
394,9479,,,0.5195754170417786,1.691152811050415,0.4103536605834961,1.6815106868743896
394,9479,1.4161778688430786,0.6757529377937317,,,,
395,9503,,,0.5286998748779297,1.6885842084884644,0.416727751493454,1.6693925857543945
395,9503,1.4171031713485718,0.6867467761039734,,,,
396,9527,,,0.538952648639679,1.6755930185317993,0.42967256903648376,1.693838357925415
396,9527,1.432606816291809,0.6850829720497131,,,,
397,9551,,,0.5377106666564941,1.6684410572052002,0.4095948040485382,1.6633785963058472
397,9551,1.4145921468734741,0.6690806746482849,,,,
398,9575,,,0.5320362448692322,1.6633166074752808,0.40422558784484863,1.6650575399398804
398,9575,1.4368019104003906,0.6768803596496582,,,,
399,9599,,,0.5310868620872498,1.6937649250030518,0.4022654891014099,1.6531057357788086
399,9599,1.450067400932312,0.6663744449615479,,,,
400,9623,,,0.5264477729797363,1.6978892087936401,0.4106857180595398,1.6846657991409302
400,9623,1.4455705881118774,0.6703505516052246,,,,
401,9647,,,0.5186018347740173,1.68923020362854,0.4120972752571106,1.6868789196014404
401,9647,1.4275764226913452,0.6832324862480164,,,,
402,9671,,,0.528910756111145,1.691061019897461,0.41627267003059387,1.6643556356430054
402,9671,1.4365965127944946,0.6712181568145752,,,,
403,9695,,,0.5382804870605469,1.679195761680603,0.4028153717517853,1.6615715026855469
403,9695,1.4206719398498535,0.6833897233009338,,,,
404,9719,,,0.5248175859451294,1.6740126609802246,0.4153910279273987,1.677851676940918
404,9719,1.4235445261001587,0.6843621134757996,,,,
405,9743,,,0.5433038473129272,1.6728270053863525,0.42032724618911743,1.6619442701339722
405,9743,1.4419041872024536,0.6724081039428711,,,,
406,9767,,,0.5393314361572266,1.689731240272522,0.420369416475296,1.6888481378555298
406,9767,1.4219304323196411,0.6792075037956238,,,,
407,9791,,,0.5410096645355225,1.6690715551376343,0.4204257130622864,1.6763027906417847
407,9791,1.409279704093933,0.683323085308075,,,,
408,9815,,,0.5305736064910889,1.6443934440612793,0.41961905360221863,1.687808632850647
408,9815,1.4242669343948364,0.6765957474708557,,,,
409,9839,,,0.5251255035400391,1.684281587600708,0.41180551052093506,1.6711575984954834
409,9839,1.4226293563842773,0.6899670958518982,,,,
410,9863,,,0.5373908281326294,1.6822184324264526,0.4193621873855591,1.7074005603790283
410,9863,1.4126315116882324,0.6813223958015442,,,,
411,9887,,,0.5454251766204834,1.7117433547973633,0.42823150753974915,1.6774672269821167
411,9887,1.4263845682144165,0.6777657866477966,,,,
412,9911,,,0.5219119191169739,1.6987992525100708,0.4087304174900055,1.6668051481246948
412,9911,1.4380990266799927,0.6729938387870789,,,,
413,9935,,,0.5101139545440674,1.6982027292251587,0.4143705666065216,1.6790498495101929
413,9935,1.4346970319747925,0.68934565782547,,,,
414,9959,,,0.5400213003158569,1.669188141822815,0.41454386711120605,1.6861343383789062
414,9959,1.4213595390319824,0.6720269322395325,,,,
415,9983,,,0.5236919522285461,1.6970560550689697,0.40095269680023193,1.6897863149642944
415,9983,1.4305826425552368,0.6905838847160339,,,,
416,10007,,,0.5388237237930298,1.6850603818893433,0.423488050699234,1.6840009689331055
416,10007,1.4235401153564453,0.6860091686248779,,,,
417,10031,,,0.5303873419761658,1.6902230978012085,0.4196976125240326,1.6692367792129517
417,10031,1.4264785051345825,0.6780280470848083,,,,
418,10055,,,0.5179824829101562,1.697329044342041,0.42045533657073975,1.7028977870941162
418,10055,1.4359345436096191,0.6686406135559082,,,,
419,10079,,,0.5303336977958679,1.6838834285736084,0.40369942784309387,1.6588985919952393
419,10079,1.4276466369628906,0.6851718425750732,,,,
420,10103,,,0.5387009382247925,1.7041387557983398,0.40302884578704834,1.676401138305664
420,10103,1.4460664987564087,0.6668837666511536,,,,
421,10127,,,0.5456938743591309,1.68129301071167,0.4141814112663269,1.6866874694824219
421,10127,1.4512100219726562,0.6847564578056335,,,,
422,10151,,,0.529948353767395,1.6966633796691895,0.40780794620513916,1.6891868114471436
422,10151,1.4182642698287964,0.6822155117988586,,,,
423,10175,,,0.5352264642715454,1.687748908996582,0.41053149104118347,1.6838496923446655
423,10175,1.4065302610397339,0.6907699108123779,,,,
424,10199,,,0.5184553265571594,1.6707093715667725,0.4155954122543335,1.698069453239441
424,10199,1.4372438192367554,0.6854574084281921,,,,
425,10223,,,0.5405446290969849,1.6805881261825562,0.4107764959335327,1.6760233640670776
425,10223,1.4515714645385742,0.683828592300415,,,,
426,10247,,,0.5226351618766785,1.6822926998138428,0.4106317162513733,1.6915700435638428
426,10247,1.42117178440094,0.6972896456718445,,,,
427,10271,,,0.5279033184051514,1.6864691972732544,0.426265686750412,1.6742379665374756
427,10271,1.428167462348938,0.6847968101501465,,,,
428,10295,,,0.5400540828704834,1.713215708732605,0.412638396024704,1.6969178915023804
428,10295,1.4158722162246704,0.6801717877388,,,,
429,10319,,,0.5280128121376038,1.7026219367980957,0.4283398389816284,1.6752396821975708
429,10319,1.4493675231933594,0.6869338154792786,,,,
430,10343,,,0.5420369505882263,1.6990761756896973,0.42166268825531006,1.6880136728286743
430,10343,1.435893177986145,0.6788440346717834,,,,
431,10367,,,0.5331609845161438,1.7006510496139526,0.42147526144981384,1.6764429807662964
431,10367,1.4051982164382935,0.6789460182189941,,,,
432,10391,,,0.5163763761520386,1.6721957921981812,0.39805328845977783,1.6799464225769043
432,10391,1.438166618347168,0.6720815300941467,,,,
433,10415,,,0.5201723575592041,1.6711221933364868,0.41553056240081787,1.690425157546997
433,10415,1.4242671728134155,0.6761756539344788,,,,
434,10439,,,0.5262134671211243,1.7124769687652588,0.42259687185287476,1.6646692752838135
434,10439,1.4265512228012085,0.679758608341217,,,,
435,10463,,,0.5089483261108398,1.7333135604858398,0.419767826795578,1.6912691593170166
435,10463,1.4219212532043457,0.6758204102516174,,,,
436,10487,,,0.5163628458976746,1.7147488594055176,0.40848517417907715,1.6824018955230713
436,10487,1.4562758207321167,0.6918935775756836,,,,
437,10511,,,0.525847315788269,1.6740565299987793,0.41668370366096497,1.6830459833145142
437,10511,1.4457992315292358,0.678335964679718,,,,
438,10535,,,0.5324586629867554,1.701285719871521,0.40513506531715393,1.6889231204986572
438,10535,1.449912428855896,0.6780650019645691,,,,
439,10559,,,0.5118193626403809,1.6829973459243774,0.41504254937171936,1.6897950172424316
439,10559,1.4011906385421753,0.6839161515235901,,,,
440,10583,,,0.5289124250411987,1.6812779903411865,0.40898406505584717,1.6968483924865723
440,10583,1.4304189682006836,0.6780636310577393,,,,
441,10607,,,0.5135307312011719,1.7352187633514404,0.3997630476951599,1.7002694606781006
441,10607,1.4375673532485962,0.6804062724113464,,,,
442,10631,,,0.5198692083358765,1.7124388217926025,0.42378753423690796,1.7093496322631836
442,10631,1.417171835899353,0.684152364730835,,,,
443,10655,,,0.5201718211174011,1.7198175191879272,0.40616574883461,1.6956290006637573
443,10655,1.4328099489212036,0.6923317313194275,,,,
444,10679,,,0.5391380786895752,1.7062005996704102,0.39988836646080017,1.700044870376587
444,10679,1.4229191541671753,0.6893957257270813,,,,
445,10703,,,0.511582612991333,1.7069250345230103,0.3965398669242859,1.6839919090270996
445,10703,1.4338741302490234,0.6813334822654724,,,,
446,10727,,,0.5335056781768799,1.6949033737182617,0.40634065866470337,1.7058076858520508
446,10727,1.4220356941223145,0.6791212558746338,,,,
447,10751,,,0.5260993242263794,1.7106986045837402,0.42979681491851807,1.680053472518921
447,10751,1.428181767463684,0.6829070448875427,,,,
448,10775,,,0.5105327367782593,1.6675958633422852,0.41227275133132935,1.6948455572128296
448,10775,1.448106288909912,0.6942610144615173,,,,
449,10799,,,0.5198284983634949,1.7019225358963013,0.40397146344184875,1.6796396970748901
449,10799,1.4071540832519531,0.6844456195831299,,,,
450,10823,,,0.5265642404556274,1.6785011291503906,0.44421178102493286,1.674484133720398
450,10823,1.4288080930709839,0.6948627829551697,,,,
451,10847,,,0.5086638927459717,1.6895167827606201,0.43005454540252686,1.704455852508545
451,10847,1.4109798669815063,0.6814679503440857,,,,
452,10871,,,0.5185319185256958,1.6766456365585327,0.41223227977752686,1.699332594871521
452,10871,1.4368290901184082,0.6909465193748474,,,,
453,10895,,,0.5233863592147827,1.7201752662658691,0.42317742109298706,1.6889688968658447
453,10895,1.4440020322799683,0.6879735589027405,,,,
454,10919,,,0.5257323384284973,1.6895256042480469,0.42690664529800415,1.6883031129837036
454,10919,1.4121378660202026,0.6937655806541443,,,,
455,10943,,,0.5190097689628601,1.6741491556167603,0.3959663212299347,1.6963229179382324
455,10943,1.4035240411758423,0.6818544864654541,,,,
456,10967,,,0.5259897708892822,1.7005064487457275,0.429375022649765,1.6853653192520142
456,10967,1.456381916999817,0.688255250453949,,,,
457,10991,,,0.523318886756897,1.697613000869751,0.4090555012226105,1.709985375404358
457,10991,1.4195432662963867,0.6916841864585876,,,,
458,11015,,,0.5188999772071838,1.6939735412597656,0.40277326107025146,1.7038332223892212
458,11015,1.4246619939804077,0.6872881054878235,,,,
459,11039,,,0.5039546489715576,1.6934514045715332,0.42119336128234863,1.6928421258926392
459,11039,1.4259878396987915,0.678141176700592,,,,
460,11063,,,0.5313582420349121,1.7074837684631348,0.39790645241737366,1.7184255123138428
460,11063,1.4318948984146118,0.6819062829017639,,,,
461,11087,,,0.5115096569061279,1.704698920249939,0.4144258201122284,1.708240032196045
461,11087,1.427965760231018,0.6800746917724609,,,,
462,11111,,,0.519573986530304,1.6933945417404175,0.4251518249511719,1.720067024230957
462,11111,1.4343891143798828,0.6871616840362549,,,,
463,11135,,,0.5056976079940796,1.7214173078536987,0.41190728545188904,1.700905680656433
463,11135,1.4280585050582886,0.6845371723175049,,,,
464,11159,,,0.5159148573875427,1.707992434501648,0.41163119673728943,1.6817121505737305
464,11159,1.4320001602172852,0.6842617988586426,,,,
465,11183,,,0.517106294631958,1.694061517715454,0.41042277216911316,1.7057647705078125
465,11183,1.4134039878845215,0.6944294571876526,,,,
466,11207,,,0.5274438858032227,1.7175805568695068,0.40577295422554016,1.6939868927001953
466,11207,1.4231268167495728,0.689599335193634,,,,
467,11231,,,0.5266993045806885,1.7163574695587158,0.41936349868774414,1.7055474519729614
467,11231,1.4161089658737183,0.6882882714271545,,,,
468,11255,,,0.530932605266571,1.7009581327438354,0.4192292094230652,1.6937857866287231
468,11255,1.420077919960022,0.7164543271064758,,,,
469,11279,,,0.5227790474891663,1.7289059162139893,0.4215550422668457,1.7005633115768433
469,11279,1.4535897970199585,0.692913293838501,,,,
470,11303,,,0.5260076522827148,1.7144476175308228,0.40839633345603943,1.7106695175170898
470,11303,1.432838797569275,0.6840167045593262,,,,
471,11327,,,0.5292938947677612,1.6872482299804688,0.39783966541290283,1.6980080604553223
471,11327,1.433482050895691,0.6848418712615967,,,,
472,11351,,,0.535351574420929,1.7406888008117676,0.3985695242881775,1.6945180892944336
472,11351,1.421420693397522,0.6941530704498291,,,,
473,11375,,,0.521657407283783,1.7331689596176147,0.4047963321208954,1.700653314590454
473,11375,1.4200292825698853,0.680403470993042,,,,
474,11399,,,0.5443720817565918,1.6961791515350342,0.41720888018608093,1.7002391815185547
474,11399,1.438699722290039,0.6905655264854431,,,,
475,11423,,,0.4949849843978882,1.686946153640747,0.4197639226913452,1.6952605247497559
475,11423,1.428976058959961,0.685147762298584,,,,
476,11447,,,0.5323687791824341,1.714523196220398,0.41383230686187744,1.70915687084198
476,11447,1.4327927827835083,0.6950117945671082,,,,
477,11471,,,0.523758053779602,1.695638656616211,0.4175916016101837,1.7192248106002808
477,11471,1.422154426574707,0.6909439563751221,,,,
478,11495,,,0.5390270352363586,1.6849987506866455,0.410352498292923,1.6882565021514893
478,11495,1.4069727659225464,0.6878601908683777,,,,
479,11519,,,0.5169259905815125,1.7097322940826416,0.40890049934387207,1.7040843963623047
479,11519,1.4410972595214844,0.6985799670219421,,,,
480,11543,,,0.5157977342605591,1.7094491720199585,0.4123413860797882,1.7069311141967773
480,11543,1.4249202013015747,0.6912546753883362,,,,
481,11567,,,0.5325004458427429,1.7226742506027222,0.40302062034606934,1.6900091171264648
481,11567,1.4186735153198242,0.6863366961479187,,,,
482,11591,,,0.5189919471740723,1.688544511795044,0.4213537275791168,1.7124749422073364
482,11591,1.4223049879074097,0.6828102469444275,,,,
483,11615,,,0.5232586860656738,1.7158222198486328,0.3894047141075134,1.679466962814331
483,11615,1.4192875623703003,0.7025849223136902,,,,
484,11639,,,0.5207834839820862,1.7173149585723877,0.4027978181838989,1.7080241441726685
484,11639,1.4227663278579712,0.7076644897460938,,,,
485,11663,,,0.5143341422080994,1.6973116397857666,0.40242084860801697,1.7175118923187256
485,11663,1.4310284852981567,0.6821722984313965,,,,
486,11687,,,0.5241851806640625,1.6994889974594116,0.410638689994812,1.7122323513031006
486,11687,1.4347437620162964,0.6959616541862488,,,,
487,11711,,,0.5182759165763855,1.7192270755767822,0.41414207220077515,1.7195836305618286
487,11711,1.4256407022476196,0.6914348602294922,,,,
488,11735,,,0.5255953669548035,1.7138679027557373,0.4085898995399475,1.6993250846862793
488,11735,1.448091983795166,0.6967947483062744,,,,
489,11759,,,0.5174024701118469,1.7104103565216064,0.3976854085922241,1.7100770473480225
489,11759,1.4206441640853882,0.6891853213310242,,,,
490,11783,,,0.5219666361808777,1.7019675970077515,0.40076708793640137,1.705426573753357
490,11783,1.4123939275741577,0.6976825594902039,,,,
491,11807,,,0.5159480571746826,1.7469745874404907,0.4084666967391968,1.715955376625061
491,11807,1.4141939878463745,0.6902856826782227,,,,
492,11831,,,0.5182329416275024,1.7247076034545898,0.41058629751205444,1.7114412784576416
492,11831,1.4004679918289185,0.6891965866088867,,,,
493,11855,,,0.5242806673049927,1.7225291728973389,0.39870399236679077,1.6954437494277954
493,11855,1.4507789611816406,0.6970732808113098,,,,
494,11879,,,0.5273404121398926,1.7277336120605469,0.4047101140022278,1.7113126516342163
494,11879,1.412649154663086,0.6928290724754333,,,,
495,11903,,,0.5380083322525024,1.719717264175415,0.41460344195365906,1.692872166633606
495,11903,1.4242267608642578,0.699029266834259,,,,
496,11927,,,0.5225006937980652,1.7327890396118164,0.40393713116645813,1.7074755430221558
496,11927,1.4457817077636719,0.6929201483726501,,,,
497,11951,,,0.5162113904953003,1.7228237390518188,0.4059046506881714,1.7147220373153687
497,11951,1.4155826568603516,0.690509021282196,,,,
498,11975,,,0.5272701978683472,1.7103575468063354,0.3996490240097046,1.7330305576324463
498,11975,1.4284782409667969,0.6819972991943359,,,,
499,11999,,,0.5109788775444031,1.7300149202346802,0.41921526193618774,1.7139298915863037
499,11999,1.4002076387405396,0.6897647976875305,,,,
