epoch,step,train_acc,train_class_loss,train_total_loss,val_src_acc,val_src_class_loss,val_tgt_acc,val_tgt_class_loss
0,23,,,,0.2844494879245758,1.377007007598877,0.30024197697639465,1.3623522520065308
0,23,0.2903139293193817,1.372795581817627,1.400351881980896,,,,
1,47,,,,0.32883715629577637,1.3744103908538818,0.3654075860977173,1.3608132600784302
1,47,0.30134832859039307,1.3728119134902954,1.4000029563903809,,,,
2,71,,,,0.409311443567276,1.3622061014175415,0.46830183267593384,1.348902940750122
2,71,0.3346606492996216,1.3675956726074219,1.3944954872131348,,,,
3,95,,,,0.47104448080062866,1.3558359146118164,0.6104045510292053,1.3336962461471558
3,95,0.3539857864379883,1.362560749053955,1.3891997337341309,,,,
4,119,,,,0.5229765772819519,1.3500480651855469,0.6441043615341187,1.3180227279663086
4,119,0.37963294982910156,1.353163719177246,1.3795453310012817,,,,
5,143,,,,0.5633354187011719,1.3325607776641846,0.6791689395904541,1.2930598258972168
5,143,0.4198225736618042,1.3505233526229858,1.376608967781067,,,,
6,167,,,,0.5734902620315552,1.3329927921295166,0.6894953846931458,1.2813317775726318
6,167,0.43520376086235046,1.336300015449524,1.3621459007263184,,,,
7,191,,,,0.5671823024749756,1.3290330171585083,0.6943989396095276,1.2796193361282349
7,191,0.4521976411342621,1.3270299434661865,1.3526467084884644,,,,
8,215,,,,0.573819637298584,1.3278714418411255,0.7021353840827942,1.263647437095642
8,215,0.5210241079330444,1.31415593624115,1.3394964933395386,,,,
9,239,,,,0.573819637298584,1.3175536394119263,0.6962446570396423,1.2476195096969604
9,239,0.5120965838432312,1.308326244354248,1.333487629890442,,,,
10,263,,,,0.573819637298584,1.3112218379974365,0.7021353840827942,1.227121114730835
10,263,0.5253675580024719,1.3050986528396606,1.3299511671066284,,,,
11,287,,,,0.573819637298584,1.3004393577575684,0.7021353840827942,1.2242774963378906
11,287,0.5531498789787292,1.3008756637573242,1.3255621194839478,,,,
12,311,,,,0.573819637298584,1.2826098203659058,0.7021353840827942,1.2099207639694214
12,311,0.5489429831504822,1.2861722707748413,1.3106952905654907,,,,
13,335,,,,0.573819637298584,1.2814486026763916,0.7021353840827942,1.2020082473754883
13,335,0.5440547466278076,1.2769832611083984,1.3012351989746094,,,,
14,359,,,,0.5724853277206421,1.277052402496338,0.7021353840827942,1.1986600160598755
14,359,0.5653029084205627,1.277841329574585,1.3019304275512695,,,,
15,383,,,,0.573819637298584,1.2565937042236328,0.7021353840827942,1.1668626070022583
15,383,0.5757881999015808,1.2486916780471802,1.2727054357528687,,,,
16,407,,,,0.5737072229385376,1.2355607748031616,0.6996961832046509,1.142298936843872
16,407,0.5777179002761841,1.2530916929244995,1.2771692276000977,,,,
17,431,,,,0.573020339012146,1.2151821851730347,0.6985216736793518,1.1239025592803955
17,431,0.573847234249115,1.2227401733398438,1.2467554807662964,,,,
18,455,,,,0.5698367357254028,1.1813896894454956,0.6972030997276306,1.0987637042999268
18,455,0.575431764125824,1.2142993211746216,1.2383521795272827,,,,
19,479,,,,0.5591012239456177,1.156166434288025,0.6949623823165894,1.076615810394287
19,479,0.587100625038147,1.1950873136520386,1.2193055152893066,,,,
20,503,,,,0.5726796984672546,1.1226351261138916,0.689195454120636,1.0477691888809204
20,503,0.5946971774101257,1.149446725845337,1.173932671546936,,,,
21,527,,,,0.5735182166099548,1.0850032567977905,0.6911830306053162,1.0148975849151611
21,527,0.6009436249732971,1.1272473335266113,1.1520442962646484,,,,
22,551,,,,0.6194261312484741,1.0545588731765747,0.7009090781211853,0.9806650876998901
22,551,0.6008809208869934,1.096843957901001,1.1219562292099,,,,
23,575,,,,0.6394280195236206,1.0217573642730713,0.7123048305511475,0.951813280582428
23,575,0.6210089921951294,1.062612771987915,1.0882097482681274,,,,
24,599,,,,0.7029290795326233,0.9787757396697998,0.7481415271759033,0.9172632694244385
24,599,0.6246371865272522,1.038629174232483,1.0645043849945068,,,,
25,623,,,,0.7387025952339172,0.9320989847183228,0.7547163963317871,0.8663285374641418
25,623,0.6541630029678345,0.9924592971801758,1.019187569618225,,,,
26,647,,,,0.7534956336021423,0.9031590223312378,0.8209195137023926,0.8520457744598389
26,647,0.6842578053474426,0.9539340138435364,0.9812679886817932,,,,
27,671,,,,0.7394553422927856,0.8775544762611389,0.7966933250427246,0.8039730787277222
27,671,0.643894374370575,0.9667773842811584,0.9945952296257019,,,,
28,695,,,,0.7403513193130493,0.8456772565841675,0.825139045715332,0.7952410578727722
28,695,0.6623530983924866,0.9214820861816406,0.9500629305839539,,,,
29,719,,,,0.7385582327842712,0.8165453672409058,0.8304175138473511,0.7645877003669739
29,719,0.6796672344207764,0.8915382027626038,0.920663058757782,,,,
30,743,,,,0.7150827050209045,0.792869508266449,0.8231468200683594,0.7603514790534973
30,743,0.6785456538200378,0.8856217265129089,0.9154714941978455,,,,
31,767,,,,0.7270909547805786,0.777062714099884,0.8212848901748657,0.7443735003471375
31,767,0.6837811470031738,0.8718538880348206,0.9018973708152771,,,,
32,791,,,,0.716599702835083,0.7644180059432983,0.8324729800224304,0.7366873621940613
32,791,0.692537248134613,0.8398134112358093,0.8705968856811523,,,,
33,815,,,,0.7108640074729919,0.7471324801445007,0.8126423358917236,0.7421269416809082
33,815,0.6863667964935303,0.8359072208404541,0.8670046925544739,,,,
34,839,,,,0.7093327641487122,0.7393196225166321,0.8341271877288818,0.7160824537277222
34,839,0.6884714961051941,0.8276195526123047,0.8590306639671326,,,,
35,863,,,,0.7018284797668457,0.7247646450996399,0.8384462594985962,0.7105441689491272
35,863,0.6871258616447449,0.800755500793457,0.8329110741615295,,,,
36,887,,,,0.7450832724571228,0.7146130800247192,0.8441497683525085,0.6653405427932739
36,887,0.6854868531227112,0.8292513489723206,0.8614401817321777,,,,
37,911,,,,0.7336614727973938,0.7056208848953247,0.8271105289459229,0.6793543100357056
37,911,0.6949939131736755,0.8078279495239258,0.8404541611671448,,,,
38,935,,,,0.718672513961792,0.6970517635345459,0.8285632729530334,0.699478805065155
38,935,0.696997880935669,0.7851366400718689,0.8184103965759277,,,,
39,959,,,,0.7542036771774292,0.6881794929504395,0.8603389263153076,0.6582735776901245
39,959,0.6941114068031311,0.7690979838371277,0.8024404644966125,,,,
40,983,,,,0.7295774221420288,0.6779855489730835,0.8259008526802063,0.6610618829727173
40,983,0.7064334750175476,0.767863929271698,0.8014946579933167,,,,
41,1007,,,,0.7587934732437134,0.6804214715957642,0.8470115065574646,0.6826470494270325
41,1007,0.688847541809082,0.7556245923042297,0.7895615696907043,,,,
42,1031,,,,0.7570393085479736,0.6680651903152466,0.8503063917160034,0.6444125175476074
42,1031,0.7064822316169739,0.7280964851379395,0.7627692222595215,,,,
43,1055,,,,0.7558324337005615,0.6591231226921082,0.8410615921020508,0.6710659861564636
43,1055,0.7175168395042419,0.7344855666160583,0.7688881754875183,,,,
44,1079,,,,0.7665830850601196,0.6644853949546814,0.8555137515068054,0.6589876413345337
44,1079,0.6964796185493469,0.7340867519378662,0.7686788439750671,,,,
45,1103,,,,0.7839643955230713,0.6516772508621216,0.8637251853942871,0.6478727459907532
45,1103,0.6859514117240906,0.7420985102653503,0.7769923806190491,,,,
46,1127,,,,0.7787988781929016,0.6576612591743469,0.8533904552459717,0.6597626805305481
46,1127,0.6916897296905518,0.731133222579956,0.7661080360412598,,,,
47,1151,,,,0.7632764577865601,0.6516873240470886,0.8551862239837646,0.6769458651542664
47,1151,0.6888768076896667,0.7180891633033752,0.7530713081359863,,,,
48,1175,,,,0.7653992772102356,0.6420647501945496,0.8641033172607422,0.6487084031105042
48,1175,0.7073046565055847,0.7126152515411377,0.7482333779335022,,,,
49,1199,,,,0.7759372591972351,0.6371273994445801,0.8804665207862854,0.652072548866272
49,1199,0.701508104801178,0.7215151786804199,0.7566509246826172,,,,
50,1223,,,,0.8054941296577454,0.6323262453079224,0.8488092422485352,0.6440577507019043
50,1223,0.6784681677818298,0.7251989841461182,0.7604043483734131,,,,
51,1247,,,,0.78872150182724,0.63102126121521,0.845829427242279,0.6491724848747253
51,1247,0.7025447487831116,0.7002665996551514,0.7365190386772156,,,,
52,1271,,,,0.7935171127319336,0.6322497129440308,0.852863073348999,0.6620975732803345
52,1271,0.6968967318534851,0.6991739273071289,0.734731137752533,,,,
53,1295,,,,0.8002145290374756,0.6256666779518127,0.8505544662475586,0.6550382375717163
53,1295,0.7012979388237,0.6793191432952881,0.7156808376312256,,,,
54,1319,,,,0.833827018737793,0.620034396648407,0.8646419048309326,0.6434544324874878
54,1319,0.6961069107055664,0.6899293065071106,0.7259414196014404,,,,
55,1343,,,,0.8111953735351562,0.6246100068092346,0.8564670085906982,0.6688193082809448
55,1343,0.7025987505912781,0.6868583559989929,0.7227485775947571,,,,
56,1367,,,,0.7719753980636597,0.6174569725990295,0.8421996831893921,0.6585314273834229
56,1367,0.704699695110321,0.6677598357200623,0.704233705997467,,,,
57,1391,,,,0.8253371715545654,0.609151303768158,0.8416069746017456,0.6504491567611694
57,1391,0.6974069476127625,0.6743380427360535,0.7105703949928284,,,,
58,1415,,,,0.7919007539749146,0.6111518144607544,0.8464280366897583,0.6506821513175964
58,1415,0.7089136242866516,0.6799773573875427,0.7161657214164734,,,,
59,1439,,,,0.8193021416664124,0.6041171550750732,0.8399885296821594,0.6715636253356934
59,1439,0.6952515244483948,0.674273669719696,0.7110677361488342,,,,
60,1463,,,,0.7871114611625671,0.6068933606147766,0.8422864079475403,0.6410201191902161
60,1463,0.7168955206871033,0.6724369525909424,0.7092133164405823,,,,
61,1487,,,,0.8040893077850342,0.6026406288146973,0.8563475608825684,0.6505109071731567
61,1487,0.709726095199585,0.6581178307533264,0.6948835253715515,,,,
62,1511,,,,0.8024898171424866,0.6027279496192932,0.8625046014785767,0.6194184422492981
62,1511,0.7118756175041199,0.6614992618560791,0.69813472032547,,,,
63,1535,,,,0.7850046753883362,0.5999742150306702,0.8003110289573669,0.6932079195976257
63,1535,0.7061481475830078,0.6646912693977356,0.7015554308891296,,,,
64,1559,,,,0.8095803260803223,0.5987017750740051,0.8122127652168274,0.6479361057281494
64,1559,0.6910755634307861,0.6575704216957092,0.6949765086174011,,,,
65,1583,,,,0.8078051209449768,0.5930968523025513,0.8601133227348328,0.6352536082267761
65,1583,0.6941946148872375,0.664774477481842,0.7016608715057373,,,,
66,1607,,,,0.8194355964660645,0.5897800326347351,0.8550474047660828,0.6528440117835999
66,1607,0.7044633030891418,0.6458789110183716,0.6823465824127197,,,,
67,1631,,,,0.7808058857917786,0.5962414145469666,0.8579224348068237,0.6411489844322205
67,1631,0.7060542106628418,0.6541972756385803,0.6911943554878235,,,,
68,1655,,,,0.8188766241073608,0.5837938785552979,0.8574390411376953,0.6479893922805786
68,1655,0.7077884674072266,0.6380873322486877,0.6749789118766785,,,,
69,1679,,,,0.8244237899780273,0.587928295135498,0.8472050428390503,0.6589349508285522
69,1679,0.7101077437400818,0.6451143622398376,0.6820197701454163,,,,
70,1703,,,,0.8342218399047852,0.588756799697876,0.8520199060440063,0.6327667832374573
70,1703,0.711165189743042,0.6321442723274231,0.6695448756217957,,,,
71,1727,,,,0.8008955121040344,0.5797080993652344,0.8427066802978516,0.6390802264213562
71,1727,0.7031328082084656,0.6370430588722229,0.674245297908783,,,,
72,1751,,,,0.8171156644821167,0.5821923017501831,0.8218449950218201,0.6377001404762268
72,1751,0.6978228688240051,0.6409211158752441,0.6784902215003967,,,,
73,1775,,,,0.7725622653961182,0.5833091139793396,0.8080533146858215,0.6482519507408142
73,1775,0.700459897518158,0.6218767762184143,0.6588584184646606,,,,
74,1799,,,,0.820386528968811,0.5737324953079224,0.7977664470672607,0.6670625805854797
74,1799,0.7065377235412598,0.6227482557296753,0.6596481800079346,,,,
75,1823,,,,0.8058339357376099,0.5716063976287842,0.855741024017334,0.6160326600074768
75,1823,0.7051377892494202,0.6427885293960571,0.6798980832099915,,,,
76,1847,,,,0.8231759071350098,0.5705032348632812,0.81235271692276,0.6867770552635193
76,1847,0.702768862247467,0.6238802671432495,0.6613571047782898,,,,
77,1871,,,,0.7918426990509033,0.5706611275672913,0.7967924475669861,0.6384176015853882
77,1871,0.6991807818412781,0.6263356804847717,0.6641400456428528,,,,
78,1895,,,,0.8112908601760864,0.5683041214942932,0.8122193813323975,0.6706345677375793
78,1895,0.6994277834892273,0.6132225394248962,0.650806188583374,,,,
79,1919,,,,0.8296414017677307,0.5650594234466553,0.8211819529533386,0.6457476019859314
79,1919,0.724583089351654,0.6201774477958679,0.6573487520217896,,,,
80,1943,,,,0.8278436660766602,0.5597876310348511,0.8326456546783447,0.6192999482154846
80,1943,0.7125865817070007,0.6225528120994568,0.6599058508872986,,,,
81,1967,,,,0.8116198182106018,0.5626673102378845,0.7960911989212036,0.667272686958313
81,1967,0.7061821818351746,0.604947030544281,0.6417281031608582,,,,
82,1991,,,,0.8359082341194153,0.5605188608169556,0.8296629190444946,0.6311970949172974
82,1991,0.7189198136329651,0.5969380736351013,0.6347635388374329,,,,
83,2015,,,,0.807579755783081,0.5540390014648438,0.8217166662216187,0.6442752480506897
83,2015,0.7192137837409973,0.6052672863006592,0.6427949070930481,,,,
84,2039,,,,0.7872814536094666,0.557692289352417,0.8148354291915894,0.6287440061569214
84,2039,0.7412917017936707,0.5940003395080566,0.6315082907676697,,,,
85,2063,,,,0.8281804323196411,0.5464400053024292,0.8234266042709351,0.6586952209472656
85,2063,0.7147271633148193,0.6047510504722595,0.6418363451957703,,,,
86,2087,,,,0.8261673450469971,0.5553476810455322,0.8300385475158691,0.6292956471443176
86,2087,0.7180180549621582,0.6146278381347656,0.6514082551002502,,,,
87,2111,,,,0.8087785243988037,0.5578166842460632,0.7691247463226318,0.6492717266082764
87,2111,0.7283925414085388,0.5974308252334595,0.6331716179847717,,,,
88,2135,,,,0.7768775224685669,0.5514213442802429,0.7967961430549622,0.6413832306861877
88,2135,0.7350859045982361,0.5906954407691956,0.6272507309913635,,,,
89,2159,,,,0.8315714597702026,0.5465781092643738,0.8305431604385376,0.6122602820396423
89,2159,0.7424649596214294,0.5786279439926147,0.6161635518074036,,,,
90,2183,,,,0.8336343169212341,0.5366359353065491,0.8176078796386719,0.6525264978408813
90,2183,0.7346842885017395,0.5933750867843628,0.631034791469574,,,,
91,2207,,,,0.8661767244338989,0.5337761640548706,0.8351294994354248,0.6175634860992432
91,2207,0.728442370891571,0.6011313199996948,0.6383145451545715,,,,
92,2231,,,,0.8422456383705139,0.5372636914253235,0.8103088140487671,0.6461256146430969
92,2231,0.7038761973381042,0.6002891659736633,0.6360819935798645,,,,
93,2255,,,,0.834534764289856,0.54146409034729,0.7822944521903992,0.6790859699249268
93,2255,0.726345956325531,0.5901872515678406,0.6260117292404175,,,,
94,2279,,,,0.8302369117736816,0.5341966152191162,0.8297135829925537,0.6233325004577637
94,2279,0.7130720019340515,0.6059014797210693,0.6420031785964966,,,,
95,2303,,,,0.8495227694511414,0.5277843475341797,0.7739938497543335,0.6640511155128479
95,2303,0.7158669829368591,0.602271556854248,0.6386137008666992,,,,
96,2327,,,,0.8330257534980774,0.531715452671051,0.8305344581604004,0.6272266507148743
96,2327,0.719632089138031,0.5780367851257324,0.6143854260444641,,,,
97,2351,,,,0.8392976522445679,0.5275002121925354,0.8292567729949951,0.6038708686828613
97,2351,0.7432470321655273,0.577496349811554,0.6141846776008606,,,,
98,2375,,,,0.833625853061676,0.5251687169075012,0.8287519216537476,0.649735689163208
98,2375,0.728226363658905,0.592428982257843,0.629539430141449,,,,
99,2399,,,,0.8396941423416138,0.5206751823425293,0.7720489501953125,0.6341172456741333
99,2399,0.7346202731132507,0.5716421008110046,0.6076655983924866,,,,
100,2423,,,,0.879795253276825,0.505486249923706,0.7919142842292786,0.641843318939209
100,2423,0.7379794716835022,0.5768818259239197,0.6126773953437805,,,,
101,2447,,,,0.8619608879089355,0.5178859233856201,0.7768471240997314,0.6920861005783081
101,2447,0.7417116761207581,0.5785068869590759,0.6140866279602051,,,,
102,2471,,,,0.8728775978088379,0.512877345085144,0.780547022819519,0.6615908145904541
102,2471,0.7691411375999451,0.5617635846138,0.5994818806648254,,,,
103,2495,,,,0.871929407119751,0.5053087472915649,0.7707309126853943,0.6563525199890137
103,2495,0.7563669085502625,0.5557770729064941,0.5934720635414124,,,,
104,2519,,,,0.8717053532600403,0.4956786334514618,0.8126233816146851,0.5985580682754517
104,2519,0.726485550403595,0.5750172734260559,0.6109698414802551,,,,
105,2543,,,,0.8569815754890442,0.5072433948516846,0.7787625789642334,0.6850379705429077
105,2543,0.7442765831947327,0.5562271475791931,0.5928095579147339,,,,
106,2567,,,,0.8722785711288452,0.49673992395401,0.8155335783958435,0.6200278997421265
106,2567,0.7478346824645996,0.5523481965065002,0.5891250371932983,,,,
107,2591,,,,0.8664783835411072,0.49381572008132935,0.8006364107131958,0.6492385268211365
107,2591,0.7372133731842041,0.575790286064148,0.61223965883255,,,,
108,2615,,,,0.8517414927482605,0.49504613876342773,0.8141887187957764,0.6185404658317566
108,2615,0.775679349899292,0.5480722784996033,0.5854089856147766,,,,
109,2639,,,,0.8674074411392212,0.4877648949623108,0.7818633913993835,0.659497857093811
109,2639,0.7557873725891113,0.5376457571983337,0.574810802936554,,,,
110,2663,,,,0.8790559768676758,0.48481324315071106,0.8245219588279724,0.6039305925369263
110,2663,0.762242317199707,0.5334520936012268,0.5716251134872437,,,,
111,2687,,,,0.8699558973312378,0.47441789507865906,0.8181395530700684,0.6191896200180054
111,2687,0.7664611339569092,0.5460301637649536,0.5835458636283875,,,,
112,2711,,,,0.8926612138748169,0.4791746437549591,0.8196074962615967,0.6009294986724854
112,2711,0.7577807307243347,0.5410439372062683,0.5789187550544739,,,,
113,2735,,,,0.8881129026412964,0.47884413599967957,0.8704525232315063,0.5784317851066589
113,2735,0.7569596171379089,0.5290769934654236,0.5664747357368469,,,,
114,2759,,,,0.8711725473403931,0.47516465187072754,0.8265925645828247,0.6032871007919312
114,2759,0.7613598704338074,0.5320096015930176,0.5693063735961914,,,,
115,2783,,,,0.8783689141273499,0.4783787131309509,0.7693136930465698,0.6412128210067749
115,2783,0.7701911330223083,0.5295684933662415,0.566657543182373,,,,
116,2807,,,,0.8964982628822327,0.46373313665390015,0.8172839879989624,0.6147744059562683
116,2807,0.763032853603363,0.5221664309501648,0.5587825179100037,,,,
117,2831,,,,0.886242151260376,0.4611550569534302,0.8026162981987,0.6014641523361206
117,2831,0.7600416541099548,0.5301182866096497,0.5672937631607056,,,,
118,2855,,,,0.8973512649536133,0.4568833112716675,0.7818668484687805,0.6213393211364746
118,2855,0.7663981318473816,0.5221475958824158,0.5593125224113464,,,,
119,2879,,,,0.8842912316322327,0.456412136554718,0.75519859790802,0.6605421304702759
119,2879,0.7888194918632507,0.522743284702301,0.5600143074989319,,,,
120,2903,,,,0.8866828680038452,0.4479920566082001,0.8515548706054688,0.5609881281852722
120,2903,0.7834799885749817,0.4992420971393585,0.5365166068077087,,,,
121,2927,,,,0.8871574997901917,0.4432299733161926,0.7692810297012329,0.6268099546432495
121,2927,0.7774264812469482,0.5202849507331848,0.5577977299690247,,,,
122,2951,,,,0.88809734582901,0.4492620527744293,0.8386372327804565,0.5708913803100586
122,2951,0.767794668674469,0.5208061337471008,0.5586050152778625,,,,
123,2975,,,,0.8946561813354492,0.4395330548286438,0.8492439389228821,0.5693192481994629
123,2975,0.7832973003387451,0.5092357993125916,0.5475330948829651,,,,
124,2999,,,,0.9076076149940491,0.4346396327018738,0.8126689195632935,0.6113206744194031
124,2999,0.7749372124671936,0.5074090361595154,0.5450064539909363,,,,
125,3023,,,,0.8918014764785767,0.43741145730018616,0.8283429741859436,0.5869128108024597
125,3023,0.7790474891662598,0.5179464817047119,0.5557428598403931,,,,
126,3047,,,,0.9047526121139526,0.43046534061431885,0.7657164931297302,0.6471781134605408
126,3047,0.7723867893218994,0.5157133936882019,0.5528550744056702,,,,
127,3071,,,,0.8953977823257446,0.4242420196533203,0.8422983884811401,0.5739595293998718
127,3071,0.782207727432251,0.4920247793197632,0.5300253033638,,,,
128,3095,,,,0.8913035988807678,0.41910412907600403,0.8263086080551147,0.5507501363754272
128,3095,0.7419396042823792,0.5176219344139099,0.5556649565696716,,,,
129,3119,,,,0.9185212850570679,0.4191203713417053,0.7691947221755981,0.6332795023918152
129,3119,0.8159196972846985,0.47929099202156067,0.5175794959068298,,,,
130,3143,,,,0.9141973853111267,0.4158978760242462,0.8350670337677002,0.5805944204330444
130,3143,0.7955130934715271,0.4980262517929077,0.5353692173957825,,,,
131,3167,,,,0.9232200384140015,0.40814685821533203,0.8501684665679932,0.5439459085464478
131,3167,0.7897189259529114,0.47936728596687317,0.5170373320579529,,,,
132,3191,,,,0.922375500202179,0.40766385197639465,0.8387596011161804,0.5849093198776245
132,3191,0.7690433859825134,0.4944358766078949,0.5316390991210938,,,,
133,3215,,,,0.9108584523200989,0.41124212741851807,0.8078449368476868,0.61187744140625
133,3215,0.797344446182251,0.4795534908771515,0.5174645185470581,,,,
134,3239,,,,0.9119231104850769,0.40821242332458496,0.7944920063018799,0.6301840543746948
134,3239,0.7949495911598206,0.4662320613861084,0.5051656365394592,,,,
135,3263,,,,0.9042355418205261,0.40266433358192444,0.8294141292572021,0.6004407405853271
135,3263,0.7826336026191711,0.500403106212616,0.5387656092643738,,,,
136,3287,,,,0.9073470234870911,0.4033191204071045,0.8459575772285461,0.5594451427459717
136,3287,0.7990448474884033,0.47803017497062683,0.5167319178581238,,,,
137,3311,,,,0.9104595184326172,0.39737963676452637,0.7649063467979431,0.6369739770889282
137,3311,0.7654374241828918,0.4914120137691498,0.5292867422103882,,,,
138,3335,,,,0.8993622660636902,0.3986201882362366,0.8396651744842529,0.5803446173667908
138,3335,0.7876770496368408,0.4777657985687256,0.5148859620094299,,,,
139,3359,,,,0.9023361802101135,0.3906114101409912,0.7972970604896545,0.6018012166023254
139,3359,0.8146150708198547,0.4704655706882477,0.5072180032730103,,,,
140,3383,,,,0.91954505443573,0.3894215524196625,0.8137247562408447,0.6288330554962158
140,3383,0.8100542426109314,0.4531989097595215,0.49139440059661865,,,,
141,3407,,,,0.9152785539627075,0.3842194676399231,0.8290289640426636,0.5841720700263977
141,3407,0.8401476740837097,0.4333289563655853,0.472067266702652,,,,
142,3431,,,,0.9185630679130554,0.37918055057525635,0.7748709917068481,0.6365737915039062
142,3431,0.8287978768348694,0.4442886412143707,0.4824320077896118,,,,
143,3455,,,,0.9197830557823181,0.3822772204875946,0.8099740147590637,0.6155335307121277
143,3455,0.7985394597053528,0.46138283610343933,0.4995174705982208,,,,
144,3479,,,,0.9221457242965698,0.37744420766830444,0.8135969042778015,0.5770127177238464
144,3479,0.8039612770080566,0.4488198757171631,0.4876699447631836,,,,
145,3503,,,,0.9310868978500366,0.36562860012054443,0.7996145486831665,0.5849446058273315
145,3503,0.814918577671051,0.44706377387046814,0.4855539798736572,,,,
146,3527,,,,0.9208474159240723,0.3703494071960449,0.8879145979881287,0.5420529842376709
146,3527,0.7944967150688171,0.46933963894844055,0.5065944790840149,,,,
147,3551,,,,0.9224950671195984,0.37177300453186035,0.8197165727615356,0.5992416143417358
147,3551,0.8047974705696106,0.44520458579063416,0.4834270179271698,,,,
148,3575,,,,0.919380247592926,0.3615572154521942,0.7977681159973145,0.6084363460540771
148,3575,0.817022979259491,0.4417710304260254,0.4795358180999756,,,,
149,3599,,,,0.9213873744010925,0.3636455535888672,0.8239718675613403,0.599869966506958
149,3599,0.8153927326202393,0.43252646923065186,0.4716249704360962,,,,
150,3623,,,,0.9269653558731079,0.3597975969314575,0.8145739436149597,0.5858258605003357
150,3623,0.816264808177948,0.4418685734272003,0.48017337918281555,,,,
151,3647,,,,0.9335050582885742,0.35301658511161804,0.7957322001457214,0.6309258341789246
151,3647,0.8210534453392029,0.43419167399406433,0.4737643301486969,,,,
152,3671,,,,0.9222043752670288,0.34007537364959717,0.8161550164222717,0.5782902836799622
152,3671,0.8204236030578613,0.4335378408432007,0.4731478691101074,,,,
153,3695,,,,0.9307393431663513,0.3557552397251129,0.7948570251464844,0.6221781969070435
153,3695,0.8385006785392761,0.4197896718978882,0.45749008655548096,,,,
154,3719,,,,0.9141586422920227,0.3476267457008362,0.841454803943634,0.5580515265464783
154,3719,0.8300392627716064,0.42676088213920593,0.4652926027774811,,,,
155,3743,,,,0.9216463565826416,0.34898626804351807,0.863886296749115,0.5331012010574341
155,3743,0.8478726744651794,0.4166446626186371,0.45486143231391907,,,,
156,3767,,,,0.9225233793258667,0.3419235944747925,0.8411455750465393,0.5739936232566833
156,3767,0.8145309090614319,0.41892409324645996,0.457378625869751,,,,
157,3791,,,,0.9344939589500427,0.3379938006401062,0.7781773805618286,0.59600430727005
157,3791,0.8312528133392334,0.4243670403957367,0.4622129499912262,,,,
158,3815,,,,0.925869345664978,0.34018969535827637,0.7729906439781189,0.6307227611541748
158,3815,0.8295831084251404,0.4009046256542206,0.4411163330078125,,,,
159,3839,,,,0.9460091590881348,0.33379384875297546,0.7678755521774292,0.6311058402061462
159,3839,0.8305807113647461,0.4186560809612274,0.4577798545360565,,,,
160,3863,,,,0.9263738989830017,0.3388742208480835,0.7794603109359741,0.6128860712051392
160,3863,0.844414234161377,0.4072631597518921,0.446170449256897,,,,
161,3887,,,,0.9237726330757141,0.33664625883102417,0.7763383984565735,0.6325756311416626
161,3887,0.8303940296173096,0.4065757989883423,0.4449165165424347,,,,
162,3911,,,,0.9337529540061951,0.3259449005126953,0.7808013558387756,0.6522225141525269
162,3911,0.8168623447418213,0.42521998286247253,0.4638758599758148,,,,
163,3935,,,,0.9343882203102112,0.3318507671356201,0.8496978878974915,0.5773913860321045
163,3935,0.8158352971076965,0.4075287878513336,0.4457891285419464,,,,
164,3959,,,,0.9218214750289917,0.32820382714271545,0.7851336598396301,0.6324523687362671
164,3959,0.8269396424293518,0.42303505539894104,0.4617692232131958,,,,
165,3983,,,,0.9335142970085144,0.33171379566192627,0.8212999105453491,0.5573974251747131
165,3983,0.8164395689964294,0.42238542437553406,0.4607352316379547,,,,
166,4007,,,,0.9487717151641846,0.3200600743293762,0.7864952087402344,0.6121878027915955
166,4007,0.8390672206878662,0.3880287706851959,0.4272678792476654,,,,
167,4031,,,,0.9421085715293884,0.3186928331851959,0.7978664636611938,0.6174018383026123
167,4031,0.830897331237793,0.402667373418808,0.4404294490814209,,,,
168,4055,,,,0.934756338596344,0.32606446743011475,0.6828873753547668,0.7297090888023376
168,4055,0.8074079155921936,0.41337916254997253,0.45144450664520264,,,,
169,4079,,,,0.9463247060775757,0.3135705292224884,0.8239405751228333,0.5849173665046692
169,4079,0.8407812118530273,0.3929080069065094,0.43057766556739807,,,,
170,4103,,,,0.9346376657485962,0.3198561370372772,0.8431656956672668,0.5623003840446472
170,4103,0.8170452117919922,0.40575098991394043,0.4452696144580841,,,,
171,4127,,,,0.9424118995666504,0.3094959557056427,0.8019152879714966,0.6187410354614258
171,4127,0.82680743932724,0.39080145955085754,0.43012353777885437,,,,
172,4151,,,,0.9539294242858887,0.30076277256011963,0.801643967628479,0.5813325643539429
172,4151,0.8552079796791077,0.38983818888664246,0.4290969669818878,,,,
173,4175,,,,0.9465681314468384,0.2959490120410919,0.7777620553970337,0.6044799089431763
173,4175,0.8405562043190002,0.3767663538455963,0.41655731201171875,,,,
174,4199,,,,0.9308106899261475,0.29918572306632996,0.8327125906944275,0.5574933290481567
174,4199,0.835501492023468,0.38753971457481384,0.4270153343677521,,,,
175,4223,,,,0.9385295510292053,0.3086753487586975,0.7650021910667419,0.6072611212730408
175,4223,0.8409438133239746,0.39882931113243103,0.43813419342041016,,,,
176,4247,,,,0.9306251406669617,0.30793023109436035,0.7477430105209351,0.6689423322677612
176,4247,0.8476969599723816,0.3698880672454834,0.40882012248039246,,,,
177,4271,,,,0.938349187374115,0.29929834604263306,0.830160915851593,0.5311238765716553
177,4271,0.8456317782402039,0.38774368166923523,0.42728421092033386,,,,
178,4295,,,,0.9416893124580383,0.2899233400821686,0.7636213302612305,0.6568772792816162
178,4295,0.8578788638114929,0.3594977855682373,0.39884698390960693,,,,
179,4319,,,,0.9465105533599854,0.29264724254608154,0.7857970595359802,0.6568002700805664
179,4319,0.8454315662384033,0.386067271232605,0.4244113266468048,,,,
180,4343,,,,0.9541872143745422,0.28486084938049316,0.8086219429969788,0.5619340538978577
180,4343,0.8502006530761719,0.3738977909088135,0.4138627052307129,,,,
181,4367,,,,0.9501519203186035,0.2919880151748657,0.811160147190094,0.5732583403587341
181,4367,0.847794234752655,0.37944886088371277,0.4190020263195038,,,,
182,4391,,,,0.9459209442138672,0.2938542664051056,0.787743330001831,0.6327893137931824
182,4391,0.8540127277374268,0.3735511004924774,0.4139254093170166,,,,
183,4415,,,,0.9385778903961182,0.29371708631515503,0.8192662596702576,0.5834371447563171
183,4415,0.8460757732391357,0.37253472208976746,0.4123052656650543,,,,
184,4439,,,,0.9394658207893372,0.2850457429885864,0.8370928168296814,0.5753207802772522
184,4439,0.8375043869018555,0.3680288791656494,0.4087275266647339,,,,
185,4463,,,,0.9305283427238464,0.2960532307624817,0.8113372325897217,0.6304553151130676
185,4463,0.8612270355224609,0.36807990074157715,0.4084721505641937,,,,
186,4487,,,,0.954085111618042,0.2800351083278656,0.8124749660491943,0.6079787015914917
186,4487,0.8599398136138916,0.36824190616607666,0.4088101387023926,,,,
187,4511,,,,0.937678873538971,0.284670352935791,0.7503244876861572,0.6637017726898193
187,4511,0.8548407554626465,0.36664509773254395,0.4055105745792389,,,,
188,4535,,,,0.9424424767494202,0.2808414697647095,0.7408897876739502,0.7174834609031677
188,4535,0.8702183365821838,0.3423425853252411,0.3809297978878021,,,,
189,4559,,,,0.9353757500648499,0.2783617377281189,0.8238530158996582,0.5702152848243713
189,4559,0.8458079695701599,0.3706800043582916,0.41107162833213806,,,,
190,4583,,,,0.9426082968711853,0.28649821877479553,0.7963050007820129,0.6552543640136719
190,4583,0.8560479283332825,0.37388360500335693,0.41347870230674744,,,,
191,4607,,,,0.9464698433876038,0.2685995399951935,0.7551407217979431,0.7421318292617798
191,4607,0.85035640001297,0.3483893871307373,0.3879411518573761,,,,
192,4631,,,,0.942503809928894,0.2789945602416992,0.8111717104911804,0.5921598076820374
192,4631,0.8579314351081848,0.36786291003227234,0.40618810057640076,,,,
193,4655,,,,0.9533045291900635,0.26733675599098206,0.8120366930961609,0.6209538578987122
193,4655,0.8610441088676453,0.35390403866767883,0.393674373626709,,,,
194,4679,,,,0.942433774471283,0.27794745564460754,0.7821747064590454,0.670040488243103
194,4679,0.8582992553710938,0.35822978615760803,0.3975958824157715,,,,
195,4703,,,,0.9390366077423096,0.2780190706253052,0.8237862586975098,0.5877944827079773
195,4703,0.8581562638282776,0.34336769580841064,0.38308215141296387,,,,
196,4727,,,,0.9502961039543152,0.26170870661735535,0.7098503708839417,0.774332582950592
196,4727,0.8492321372032166,0.34734177589416504,0.387189656496048,,,,
197,4751,,,,0.9463409185409546,0.2676718533039093,0.7966398596763611,0.6014879941940308
197,4751,0.8406543731689453,0.356921523809433,0.39669546484947205,,,,
198,4775,,,,0.9462490081787109,0.2569078803062439,0.7348147034645081,0.6909612417221069
198,4775,0.8681666851043701,0.32724878191947937,0.3663123846054077,,,,
199,4799,,,,0.9538698196411133,0.25372225046157837,0.7847192883491516,0.6554558873176575
199,4799,0.8535218238830566,0.357756644487381,0.396916002035141,,,,
200,4823,,,,0.9424538016319275,0.2676694095134735,0.777458667755127,0.6800991296768188
200,4823,0.8534994125366211,0.35706615447998047,0.3963283598423004,,,,
201,4847,,,,0.9580965638160706,0.25405728816986084,0.7493242621421814,0.639851450920105
201,4847,0.8460840582847595,0.345013827085495,0.3838188350200653,,,,
202,4871,,,,0.9385039806365967,0.2612612545490265,0.7936127781867981,0.6784681081771851
202,4871,0.8674877285957336,0.33567503094673157,0.3746434152126312,,,,
203,4895,,,,0.9423213601112366,0.24911823868751526,0.7595005631446838,0.6956450343132019
203,4895,0.8569350838661194,0.34735965728759766,0.38713720440864563,,,,
204,4919,,,,0.9503880739212036,0.2513275742530823,0.7619173526763916,0.684548556804657
204,4919,0.8506119251251221,0.34169113636016846,0.3808339834213257,,,,
205,4943,,,,0.9462490081787109,0.24301376938819885,0.707011342048645,0.7605911493301392
205,4943,0.8474535346031189,0.3410443365573883,0.38047361373901367,,,,
206,4967,,,,0.9457460641860962,0.250569224357605,0.760656476020813,0.6868896484375
206,4967,0.8517525792121887,0.3526374399662018,0.39205121994018555,,,,
207,4991,,,,0.942450761795044,0.26170703768730164,0.7565190196037292,0.7052566409111023
207,4991,0.8672874569892883,0.3438150882720947,0.3828534185886383,,,,
208,5015,,,,0.9499922394752502,0.2494432032108307,0.7942618131637573,0.6223666667938232
208,5015,0.8621490001678467,0.34999319911003113,0.38935792446136475,,,,
209,5039,,,,0.9546483755111694,0.2504151165485382,0.8291627764701843,0.5584132671356201
209,5039,0.8553934693336487,0.34287378191947937,0.3836241066455841,,,,
210,5063,,,,0.9463518857955933,0.2578156292438507,0.7278252840042114,0.728628933429718
210,5063,0.8712041974067688,0.34524989128112793,0.3850339353084564,,,,
211,5087,,,,0.9383525848388672,0.24503837525844574,0.7646989226341248,0.6925554275512695
211,5087,0.8524015545845032,0.35415759682655334,0.39374151825904846,,,,
212,5111,,,,0.9501199126243591,0.23811326920986176,0.7581225633621216,0.7654386758804321
212,5111,0.8736233115196228,0.3188685476779938,0.35830748081207275,,,,
213,5135,,,,0.9384365081787109,0.24378129839897156,0.7440636157989502,0.7199992537498474
213,5135,0.856514036655426,0.33305230736732483,0.3715563714504242,,,,
214,5159,,,,0.9503650069236755,0.24102705717086792,0.7539902925491333,0.6951679587364197
214,5159,0.8634483814239502,0.3236665427684784,0.36291947960853577,,,,
215,5183,,,,0.9390020966529846,0.24999533593654633,0.8299471139907837,0.5861205458641052
215,5183,0.8704951405525208,0.32177093625068665,0.3617534339427948,,,,
216,5207,,,,0.9540615081787109,0.23509427905082703,0.7426590919494629,0.7298410534858704
216,5207,0.8654686808586121,0.3457712233066559,0.38610267639160156,,,,
217,5231,,,,0.9501199126243591,0.2337522953748703,0.6897546648979187,0.7874411344528198
217,5231,0.8341527581214905,0.3372616469860077,0.3762477934360504,,,,
218,5255,,,,0.946286678314209,0.22655409574508667,0.7749459147453308,0.6982653737068176
218,5255,0.8708836436271667,0.3114731013774872,0.35078251361846924,,,,
219,5279,,,,0.950246274471283,0.23308826982975006,0.7677293419837952,0.7082383632659912
219,5279,0.8606979846954346,0.3333554267883301,0.37323975563049316,,,,
220,5303,,,,0.9507610201835632,0.2343313992023468,0.753359317779541,0.7096856236457825
220,5303,0.8577835559844971,0.3394840955734253,0.37901270389556885,,,,
221,5327,,,,0.950246274471283,0.2379206269979477,0.8047653436660767,0.6712235808372498
221,5327,0.8728063106536865,0.3263985812664032,0.36631226539611816,,,,
222,5351,,,,0.9624388813972473,0.23120039701461792,0.785281777381897,0.6404034495353699
222,5351,0.8458530306816101,0.34639492630958557,0.38571086525917053,,,,
223,5375,,,,0.9501575827598572,0.2324286550283432,0.7673835754394531,0.6849539875984192
223,5375,0.8773808479309082,0.3052023947238922,0.3455924093723297,,,,
224,5399,,,,0.9548534154891968,0.22768917679786682,0.7917986512184143,0.6398993730545044
224,5399,0.8743287920951843,0.30585479736328125,0.3456038534641266,,,,
225,5423,,,,0.9463747143745422,0.231846883893013,0.7855741381645203,0.6326449513435364
225,5423,0.8829759955406189,0.301665723323822,0.3424515426158905,,,,
226,5447,,,,0.9463081955909729,0.2286849468946457,0.7753233909606934,0.6437362432479858
226,5447,0.8681898713111877,0.3088899552822113,0.3485695421695709,,,,
227,5471,,,,0.9540504217147827,0.2271631509065628,0.6989471912384033,0.768404483795166
227,5471,0.885740339756012,0.3117094933986664,0.35101282596588135,,,,
228,5495,,,,0.9503547549247742,0.21364828944206238,0.7535398602485657,0.7020255923271179
228,5495,0.8755316138267517,0.3336987793445587,0.3724290132522583,,,,
229,5519,,,,0.957906186580658,0.21440158784389496,0.7561175227165222,0.7431461811065674
229,5519,0.8812239170074463,0.30231890082359314,0.34214305877685547,,,,
230,5543,,,,0.9462490081787109,0.21798062324523926,0.8119067549705505,0.6165478825569153
230,5543,0.8853240013122559,0.32413211464881897,0.3636479377746582,,,,
231,5567,,,,0.9539294242858887,0.2302377074956894,0.771910548210144,0.7512404322624207
231,5567,0.8877303600311279,0.30937492847442627,0.3483147621154785,,,,
232,5591,,,,0.9502200484275818,0.21240723133087158,0.7773476839065552,0.6479896903038025
232,5591,0.8728649020195007,0.3289888799190521,0.3675743341445923,,,,
233,5615,,,,0.9547585248947144,0.21904532611370087,0.752911388874054,0.7583017349243164
233,5615,0.8595151901245117,0.31006547808647156,0.34900689125061035,,,,
234,5639,,,,0.9543405175209045,0.21098655462265015,0.7667795419692993,0.6675697565078735
234,5639,0.8794693946838379,0.31020453572273254,0.3499632179737091,,,,
235,5663,,,,0.9501795172691345,0.2131703644990921,0.7635118365287781,0.713641345500946
235,5663,0.8750426769256592,0.2968147397041321,0.33586129546165466,,,,
236,5687,,,,0.9541903138160706,0.21007007360458374,0.7317450642585754,0.7709309458732605
236,5687,0.8671138882637024,0.307944655418396,0.3462073802947998,,,,
237,5711,,,,0.9620155096054077,0.20958790183067322,0.7966269850730896,0.6724753379821777
237,5711,0.8704027533531189,0.29827985167503357,0.3372838497161865,,,,
238,5735,,,,0.9580692052841187,0.20469412207603455,0.7883433699607849,0.6418909430503845
238,5735,0.8712272047996521,0.29851165413856506,0.33839794993400574,,,,
239,5759,,,,0.9530929923057556,0.20470426976680756,0.7516588568687439,0.7464449405670166
239,5759,0.8710296154022217,0.3270054757595062,0.3670300543308258,,,,
240,5783,,,,0.9542823433876038,0.21027548611164093,0.7272154092788696,0.806909441947937
240,5783,0.881080150604248,0.2906741201877594,0.3309776484966278,,,,
241,5807,,,,0.9618297219276428,0.20210765302181244,0.7577948570251465,0.6721872687339783
241,5807,0.8838788866996765,0.299277663230896,0.33860155940055847,,,,
242,5831,,,,0.9542604088783264,0.20692680776119232,0.7721632719039917,0.6925392150878906
242,5831,0.8682699799537659,0.3189179003238678,0.35911309719085693,,,,
243,5855,,,,0.9660239219665527,0.1980159729719162,0.8835471272468567,0.4775044322013855
243,5855,0.8878175616264343,0.29432523250579834,0.3333176076412201,,,,
244,5879,,,,0.9581068754196167,0.20530922710895538,0.8066447973251343,0.6099144220352173
244,5879,0.8820312023162842,0.28713154792785645,0.32670608162879944,,,,
245,5903,,,,0.9501199126243591,0.20011669397354126,0.7031671404838562,0.8837672472000122
245,5903,0.8795509934425354,0.3087068498134613,0.34760573506355286,,,,
246,5927,,,,0.9581201076507568,0.19519968330860138,0.6984965801239014,0.87998366355896
246,5927,0.8785176277160645,0.30676212906837463,0.34505629539489746,,,,
247,5951,,,,0.9450111985206604,0.21899525821208954,0.7602443695068359,0.6674231290817261
247,5951,0.872792661190033,0.3141883909702301,0.35308003425598145,,,,
248,5975,,,,0.9588190913200378,0.1968865543603897,0.7700755596160889,0.6828417778015137
248,5975,0.8857225775718689,0.29067084193229675,0.329818993806839,,,,
249,5999,,,,0.9578080177307129,0.19604577124118805,0.7624062299728394,0.6722037196159363
249,5999,0.8807587623596191,0.29171186685562134,0.33045169711112976,,,,
250,6023,,,,0.9543649554252625,0.20064415037631989,0.7730565071105957,0.7101947069168091
250,6023,0.8713653087615967,0.3175910413265228,0.35601699352264404,,,,
251,6047,,,,0.9625599384307861,0.19051697850227356,0.7790976166725159,0.6967243552207947
251,6047,0.8864147067070007,0.2995375096797943,0.3375140428543091,,,,
252,6071,,,,0.9542539715766907,0.18713617324829102,0.8001161217689514,0.6381077766418457
252,6071,0.8739296793937683,0.3062935173511505,0.34587836265563965,,,,
253,6095,,,,0.9618259072303772,0.1861540675163269,0.7798318266868591,0.6339505910873413
253,6095,0.8939504027366638,0.2931930720806122,0.332843154668808,,,,
254,6119,,,,0.9658597707748413,0.1908879578113556,0.7386751174926758,0.7644913196563721
254,6119,0.8798048496246338,0.2983801066875458,0.3371579647064209,,,,
255,6143,,,,0.9620155096054077,0.1857524961233139,0.7427112460136414,0.8190072774887085
255,6143,0.886690616607666,0.2902657687664032,0.32881954312324524,,,,
256,6167,,,,0.9487268924713135,0.20101532340049744,0.7886640429496765,0.6782103180885315
256,6167,0.8817008137702942,0.28437432646751404,0.323729008436203,,,,
257,6191,,,,0.957360029220581,0.1963028758764267,0.767870306968689,0.7441185712814331
257,6191,0.8976396918296814,0.2738178074359894,0.31357669830322266,,,,
258,6215,,,,0.9734037518501282,0.1768513172864914,0.7703497409820557,0.6716468334197998
258,6215,0.8808789849281311,0.2950843870639801,0.3327685296535492,,,,
259,6239,,,,0.9542539715766907,0.1870584934949875,0.8417798280715942,0.5607902407646179
259,6239,0.8787305355072021,0.3007160425186157,0.3399922549724579,,,,
260,6263,,,,0.9664754867553711,0.1769019514322281,0.8098913431167603,0.5972529649734497
260,6263,0.8770932555198669,0.2936878502368927,0.3341495990753174,,,,
261,6287,,,,0.9542256593704224,0.17951573431491852,0.7460764646530151,0.7639181017875671
261,6287,0.8848522305488586,0.2926591634750366,0.3305397033691406,,,,
262,6311,,,,0.9620815515518188,0.17437361180782318,0.7479568719863892,0.7589452266693115
262,6311,0.8815035820007324,0.2919493317604065,0.33038240671157837,,,,
263,6335,,,,0.9586760401725769,0.1756659299135208,0.7501391768455505,0.7656298875808716
263,6335,0.8764119148254395,0.28755882382392883,0.3265516459941864,,,,
264,6359,,,,0.9540638327598572,0.18735703825950623,0.7315336465835571,0.7835825085639954
264,6359,0.8745043277740479,0.2923670709133148,0.3314051330089569,,,,
265,6383,,,,0.9580078125,0.17071160674095154,0.7436965703964233,0.7051867842674255
265,6383,0.9023507237434387,0.25466543436050415,0.2937488853931427,,,,
266,6407,,,,0.9663804173469543,0.17410895228385925,0.7301127910614014,0.8299290537834167
266,6407,0.8830516934394836,0.2815183401107788,0.3219122290611267,,,,
267,6431,,,,0.9617902636528015,0.17219772934913635,0.7924866080284119,0.6552921533584595
267,6431,0.8837606906890869,0.28499600291252136,0.32366514205932617,,,,
268,6455,,,,0.9500306844711304,0.17284265160560608,0.7258375287055969,0.8414122462272644
268,6455,0.8812406063079834,0.2928895056247711,0.3316405117511749,,,,
269,6479,,,,0.9535318613052368,0.17235001921653748,0.7232432961463928,0.7751225233078003
269,6479,0.8771049380302429,0.2831312119960785,0.32113397121429443,,,,
270,6503,,,,0.9626802206039429,0.17143715918064117,0.7683975696563721,0.6635618209838867
270,6503,0.8916054368019104,0.2740122079849243,0.31314924359321594,,,,
271,6527,,,,0.9619357585906982,0.16919183731079102,0.7240899205207825,0.7673048377037048
271,6527,0.8967540860176086,0.2561357915401459,0.29460960626602173,,,,
272,6551,,,,0.9540038704872131,0.1719723641872406,0.7592121362686157,0.7026675939559937
272,6551,0.8900058269500732,0.2661728262901306,0.3047347366809845,,,,
273,6575,,,,0.966521680355072,0.16659767925739288,0.79969722032547,0.6675680875778198
273,6575,0.8780592083930969,0.28800293803215027,0.3277603089809418,,,,
274,6599,,,,0.9780025482177734,0.15877178311347961,0.77862548828125,0.6602770090103149
274,6599,0.8995306491851807,0.27061906456947327,0.30949029326438904,,,,
275,6623,,,,0.9620119333267212,0.16981399059295654,0.8104526996612549,0.6261870861053467
275,6623,0.8956751823425293,0.27899712324142456,0.31748875975608826,,,,
276,6647,,,,0.965886116027832,0.16833898425102234,0.7722976207733154,0.6405246257781982
276,6647,0.8885617852210999,0.2717167139053345,0.30955398082733154,,,,
277,6671,,,,0.9548354744911194,0.16762937605381012,0.766853928565979,0.7370630502700806
277,6671,0.887667179107666,0.2663339674472809,0.3064851462841034,,,,
278,6695,,,,0.9627737402915955,0.16271671652793884,0.7820658683776855,0.6827719211578369
278,6695,0.8765414357185364,0.2985289394855499,0.3378114700317383,,,,
279,6719,,,,0.9540638327598572,0.18186810612678528,0.8633673191070557,0.5087462663650513
279,6719,0.8678262233734131,0.3152364194393158,0.35333168506622314,,,,
280,6743,,,,0.9663097858428955,0.1638578176498413,0.7942792773246765,0.6269418597221375
280,6743,0.8972339034080505,0.26416751742362976,0.3031843900680542,,,,
281,6767,,,,0.9733787775039673,0.1627182811498642,0.8099879622459412,0.6031761169433594
281,6767,0.8803508281707764,0.28770390152931213,0.32711026072502136,,,,
282,6791,,,,0.9619994759559631,0.17047065496444702,0.7870884537696838,0.6814789772033691
282,6791,0.9058545231819153,0.2467549443244934,0.2860271632671356,,,,
283,6815,,,,0.9736706018447876,0.1583920270204544,0.7126863598823547,0.9053735733032227
283,6815,0.8980066776275635,0.26077306270599365,0.29843488335609436,,,,
284,6839,,,,0.9541763663291931,0.17415426671504974,0.7582207322120667,0.7272265553474426
284,6839,0.8980535864830017,0.2588426172733307,0.2971018850803375,,,,
285,6863,,,,0.9706220626831055,0.14921998977661133,0.8099705576896667,0.6148003935813904
285,6863,0.8983101844787598,0.280058354139328,0.31878042221069336,,,,
286,6887,,,,0.962343156337738,0.1565658152103424,0.7648638486862183,0.7072038650512695
286,6887,0.8860158920288086,0.2696482241153717,0.30843386054039,,,,
287,6911,,,,0.9580581188201904,0.15587055683135986,0.8038862347602844,0.6386684775352478
287,6911,0.8927584290504456,0.27244555950164795,0.31032902002334595,,,,
288,6935,,,,0.954121470451355,0.15839740633964539,0.8430967926979065,0.5285137295722961
288,6935,0.9058758616447449,0.255700021982193,0.2948543131351471,,,,
289,6959,,,,0.9745500087738037,0.15474295616149902,0.8534443378448486,0.5366514325141907
289,6959,0.8956664204597473,0.2646576166152954,0.3037587106227875,,,,
290,6983,,,,0.9733806848526001,0.1520678550004959,0.8363419771194458,0.5669432878494263
290,6983,0.8860886693000793,0.26418372988700867,0.3037066161632538,,,,
291,7007,,,,0.9617919325828552,0.15407823026180267,0.7578501105308533,0.6737023591995239
291,7007,0.8695671558380127,0.2922952473163605,0.3318333327770233,,,,
292,7031,,,,0.9695228338241577,0.15661519765853882,0.8026145696640015,0.6108375787734985
292,7031,0.8846803307533264,0.2807603180408478,0.3197430670261383,,,,
293,7055,,,,0.9780443906784058,0.15302513539791107,0.7728143930435181,0.6862967014312744
293,7055,0.8940083980560303,0.273492693901062,0.311654657125473,,,,
294,7079,,,,0.9618751406669617,0.1542588472366333,0.764618992805481,0.7213976979255676
294,7079,0.8849170804023743,0.26364269852638245,0.3018943965435028,,,,
295,7103,,,,0.9742318391799927,0.1498216837644577,0.784414529800415,0.6557900309562683
295,7103,0.8949641585350037,0.27606508135795593,0.3147183358669281,,,,
296,7127,,,,0.9696589112281799,0.15799517929553986,0.7886881828308105,0.6525555849075317
296,7127,0.8950559496879578,0.2624276578426361,0.30033162236213684,,,,
297,7151,,,,0.9698113203048706,0.14768508076667786,0.7721324563026428,0.6426254510879517
297,7151,0.8999952673912048,0.2510876953601837,0.28965893387794495,,,,
298,7175,,,,0.965943455696106,0.15524013340473175,0.7807730436325073,0.6872653961181641
298,7175,0.8918945789337158,0.25726404786109924,0.29633626341819763,,,,
299,7199,,,,0.9697570204734802,0.15606552362442017,0.8073820471763611,0.5995994806289673
299,7199,0.8996379375457764,0.2553534507751465,0.2952289879322052,,,,
300,7223,,,,0.9816253185272217,0.14079393446445465,0.8075039386749268,0.5990031957626343
300,7223,0.8959894776344299,0.24301911890506744,0.2826031744480133,,,,
301,7247,,,,0.9781410694122314,0.14943189918994904,0.8044940233230591,0.6076244115829468
301,7247,0.8931925296783447,0.2835738956928253,0.3225680887699127,,,,
302,7271,,,,0.9620475769042969,0.14698921144008636,0.787929117679596,0.652301549911499
302,7271,0.9006249308586121,0.2370176762342453,0.27607035636901855,,,,
303,7295,,,,0.9741600155830383,0.14725999534130096,0.7625605463981628,0.6840800046920776
303,7295,0.8939582705497742,0.27077415585517883,0.30866602063179016,,,,
304,7319,,,,0.9780443906784058,0.14085446298122406,0.7857315540313721,0.6085763573646545
304,7319,0.8871267437934875,0.24685782194137573,0.2851769030094147,,,,
305,7343,,,,0.970355212688446,0.14149220287799835,0.8537514209747314,0.5171982645988464
305,7343,0.9073405861854553,0.2479054182767868,0.2865202724933624,,,,
306,7367,,,,0.9699791073799133,0.15226048231124878,0.7547515034675598,0.6692067980766296
306,7367,0.9010847210884094,0.24735774099826813,0.2872089743614197,,,,
307,7391,,,,0.962597668170929,0.15143325924873352,0.7931689620018005,0.670770525932312
307,7391,0.9029677510261536,0.2454470843076706,0.2836883068084717,,,,
308,7415,,,,0.9744088649749756,0.13937383890151978,0.8350751399993896,0.5954923033714294
308,7415,0.9126930236816406,0.2340894490480423,0.27241113781929016,,,,
309,7439,,,,0.9742544293403625,0.13384972512722015,0.8349893093109131,0.564600944519043
309,7439,0.8942303657531738,0.2667447626590729,0.30729830265045166,,,,
310,7463,,,,0.9580472707748413,0.14324189722537994,0.8721910715103149,0.5401776432991028
310,7463,0.9029615521430969,0.260593056678772,0.2988099753856659,,,,
311,7487,,,,0.9658634662628174,0.13993504643440247,0.8058506846427917,0.5775830149650574
311,7487,0.904589831829071,0.23658710718154907,0.27594077587127686,,,,
312,7511,,,,0.9582253694534302,0.14273592829704285,0.8282257318496704,0.5803978443145752
312,7511,0.9003157019615173,0.24777691066265106,0.28828418254852295,,,,
313,7535,,,,0.9772716164588928,0.1401011049747467,0.8249101638793945,0.5931273698806763
313,7535,0.9019618034362793,0.24446982145309448,0.283535361289978,,,,
314,7559,,,,0.9779905676841736,0.1369129717350006,0.8497657775878906,0.5391005873680115
314,7559,0.8966270089149475,0.25260284543037415,0.29159072041511536,,,,
315,7583,,,,0.9780740737915039,0.1290954351425171,0.8164946436882019,0.6257492899894714
315,7583,0.8950254917144775,0.26259684562683105,0.3023717701435089,,,,
316,7607,,,,0.9819725155830383,0.13122135400772095,0.7915502190589905,0.6357355713844299
316,7607,0.9170565605163574,0.23001867532730103,0.2683986723423004,,,,
317,7631,,,,0.9817942976951599,0.13416245579719543,0.8475572466850281,0.5268911719322205
317,7631,0.9088099598884583,0.24064616858959198,0.2790093719959259,,,,
318,7655,,,,0.9780740737915039,0.13289949297904968,0.8061039447784424,0.6388037800788879
318,7655,0.9148321747779846,0.24026967585086823,0.27965259552001953,,,,
319,7679,,,,0.9782998561859131,0.1295950710773468,0.7329874038696289,0.7825393080711365
319,7679,0.9206083416938782,0.22774706780910492,0.2667713165283203,,,,
320,7703,,,,0.9782998561859131,0.1333809792995453,0.7904612421989441,0.7175174951553345
320,7703,0.9036044478416443,0.2489752173423767,0.2866043746471405,,,,
321,7727,,,,0.9743340015411377,0.13349726796150208,0.809016764163971,0.6128483414649963
321,7727,0.9022619724273682,0.2359587550163269,0.2754306495189667,,,,
322,7751,,,,0.9780838489532471,0.13379938900470734,0.7968310713768005,0.6201716661453247
322,7751,0.9137003421783447,0.22445403039455414,0.26425614953041077,,,,
323,7775,,,,0.9857224225997925,0.12325823307037354,0.8076968193054199,0.5931155681610107
323,7775,0.907799243927002,0.24251912534236908,0.28119194507598877,,,,
324,7799,,,,0.9857224225997925,0.12317072600126266,0.7986974716186523,0.6057642102241516
324,7799,0.8946889042854309,0.2618826627731323,0.3005121648311615,,,,
325,7823,,,,0.9774221181869507,0.1241275817155838,0.8898585438728333,0.4553656280040741
325,7823,0.9058935046195984,0.2541329860687256,0.29430100321769714,,,,
326,7847,,,,0.9741994738578796,0.1257435530424118,0.8294975757598877,0.5916469097137451
326,7847,0.9033889770507812,0.23867236077785492,0.27796313166618347,,,,
327,7871,,,,0.9736179709434509,0.12530721724033356,0.869804859161377,0.5009466409683228
327,7871,0.9112332463264465,0.22622472047805786,0.26629966497421265,,,,
328,7895,,,,0.9698681235313416,0.13606366515159607,0.8130219578742981,0.6183203458786011
328,7895,0.9039952754974365,0.23852698504924774,0.27779731154441833,,,,
329,7919,,,,0.9627745747566223,0.12807922065258026,0.7820160984992981,0.7529311180114746
329,7919,0.91925448179245,0.23716740310192108,0.27487868070602417,,,,
330,7943,,,,0.9779233932495117,0.12802347540855408,0.8106352090835571,0.5808824300765991
330,7943,0.9169812798500061,0.2407611608505249,0.28087231516838074,,,,
331,7967,,,,0.9781510233879089,0.12406764924526215,0.8691165447235107,0.550579845905304
331,7967,0.9161592125892639,0.2338457554578781,0.273278146982193,,,,
332,7991,,,,0.974240243434906,0.13359642028808594,0.7989491820335388,0.6729097366333008
332,7991,0.9120650887489319,0.23572488129138947,0.27434828877449036,,,,
333,8015,,,,0.9741600155830383,0.1287313997745514,0.7872479557991028,0.6160019636154175
333,8015,0.9038715958595276,0.22655050456523895,0.2654196321964264,,,,
334,8039,,,,0.9857224225997925,0.1171896904706955,0.8634392619132996,0.5217993259429932
334,8039,0.9174358248710632,0.2328636646270752,0.270766943693161,,,,
335,8063,,,,0.9820119738578796,0.11756647378206253,0.8314658403396606,0.5996719002723694
335,8063,0.923914909362793,0.2089909166097641,0.24785052239894867,,,,
336,8087,,,,0.9820119738578796,0.12342235445976257,0.8433247804641724,0.5297289490699768
336,8087,0.9054708480834961,0.24655617773532867,0.28692427277565,,,,
337,8111,,,,0.9743424654006958,0.12279345840215683,0.7602105140686035,0.7107173800468445
337,8111,0.9165104031562805,0.22138188779354095,0.25976625084877014,,,,
338,8135,,,,0.9741994738578796,0.12272915989160538,0.7428561449050903,0.7663239240646362
338,8135,0.9091452956199646,0.23651982843875885,0.27410683035850525,,,,
339,8159,,,,0.9780443906784058,0.12314008176326752,0.8009305000305176,0.6248594522476196
339,8159,0.8892059922218323,0.25512459874153137,0.29430800676345825,,,,
340,8183,,,,0.9857224225997925,0.11671401560306549,0.7604737877845764,0.7710229158401489
340,8183,0.9300024509429932,0.2037922739982605,0.24261341989040375,,,,
341,8207,,,,0.9780443906784058,0.11828535795211792,0.7937057018280029,0.7090356945991516
341,8207,0.9038158059120178,0.24459387362003326,0.2833450138568878,,,,
342,8231,,,,0.9735784530639648,0.12548287212848663,0.7837372422218323,0.6705150604248047
342,8231,0.9100604057312012,0.21164070069789886,0.24898362159729004,,,,
343,8255,,,,0.978057324886322,0.12094467133283615,0.7428795695304871,0.8320023417472839
343,8255,0.9190857410430908,0.22211098670959473,0.25951674580574036,,,,
344,8279,,,,0.9819725155830383,0.12052697688341141,0.8158888816833496,0.5688060522079468
344,8279,0.9104599952697754,0.24079062044620514,0.27923816442489624,,,,
345,8303,,,,0.9779099225997925,0.11969839036464691,0.7692654728889465,0.6521182656288147
345,8303,0.904353678226471,0.24584223330020905,0.2844364047050476,,,,
346,8327,,,,0.9706142544746399,0.12669266760349274,0.7256694436073303,0.8195991516113281
346,8327,0.9122087955474854,0.2210230827331543,0.25925397872924805,,,,
347,8351,,,,0.9819725155830383,0.11394966393709183,0.7478083968162537,0.7508089542388916
347,8351,0.9091959595680237,0.24141763150691986,0.2791917026042938,,,,
348,8375,,,,0.9780443906784058,0.11494352668523788,0.7598110437393188,0.7148421406745911
348,8375,0.9286778569221497,0.20920391380786896,0.24614430963993073,,,,
349,8399,,,,0.9818614721298218,0.11509380489587784,0.7513231039047241,0.7863244414329529
349,8399,0.9008308053016663,0.2479168325662613,0.28567665815353394,,,,
350,8423,,,,0.9857224225997925,0.10705306380987167,0.7658867835998535,0.6657639741897583
350,8423,0.9112003445625305,0.22340361773967743,0.26152291893959045,,,,
351,8447,,,,0.9819725155830383,0.11082414537668228,0.7602839469909668,0.642166018486023
351,8447,0.8968225121498108,0.24987079203128815,0.2882615625858307,,,,
352,8471,,,,0.9857224225997925,0.11010606586933136,0.7611264586448669,0.6901968121528625
352,8471,0.9166121482849121,0.23268544673919678,0.2702963948249817,,,,
353,8495,,,,0.9857224225997925,0.10501330345869064,0.8697526454925537,0.49286940693855286
353,8495,0.9204047322273254,0.21069401502609253,0.24982865154743195,,,,
354,8519,,,,0.9859808683395386,0.11411242187023163,0.7502005696296692,0.8032553791999817
354,8519,0.9006049633026123,0.24745912849903107,0.2855101525783539,,,,
355,8543,,,,0.9820119738578796,0.11421713978052139,0.8050653338432312,0.5798540115356445
355,8543,0.9205979704856873,0.22932948172092438,0.26834550499916077,,,,
356,8567,,,,0.9818614721298218,0.11077985912561417,0.8780403137207031,0.44200342893600464
356,8567,0.9257565140724182,0.20137135684490204,0.2409055233001709,,,,
357,8591,,,,0.9817942976951599,0.10942143201828003,0.8087242841720581,0.5877944231033325
357,8591,0.915755569934845,0.21953152120113373,0.2594730854034424,,,,
358,8615,,,,0.9857224225997925,0.11104177683591843,0.8504128456115723,0.4970490336418152
358,8615,0.9218825697898865,0.2297414392232895,0.26826560497283936,,,,
359,8639,,,,0.9667564630508423,0.11619920283555984,0.7946240305900574,0.5901511311531067
359,8639,0.9149889945983887,0.22350287437438965,0.26149865984916687,,,,
360,8663,,,,0.9704126119613647,0.1136808693408966,0.7476873993873596,0.7563751339912415
360,8663,0.9218719005584717,0.20034290850162506,0.23862701654434204,,,,
361,8687,,,,0.9781115651130676,0.10995342582464218,0.7520999312400818,0.7406259775161743
361,8687,0.9078227877616882,0.233109250664711,0.2726821005344391,,,,
362,8711,,,,0.9780838489532471,0.11551132053136826,0.7973896265029907,0.6229815483093262
362,8711,0.9111714959144592,0.24437564611434937,0.2821475565433502,,,,
363,8735,,,,0.9782621264457703,0.10965525358915329,0.8192219734191895,0.5966912508010864
363,8735,0.908883273601532,0.22702062129974365,0.2660120725631714,,,,
364,8759,,,,0.9819725155830383,0.1102801188826561,0.792988121509552,0.6424567699432373
364,8759,0.9118995666503906,0.22984445095062256,0.26922258734703064,,,,
365,8783,,,,0.9820119738578796,0.10773281753063202,0.8148683905601501,0.6278273463249207
365,8783,0.9133713245391846,0.2208559364080429,0.2593092918395996,,,,
366,8807,,,,0.9818515181541443,0.11546320468187332,0.8743823766708374,0.5129775404930115
366,8807,0.9164876937866211,0.2268339991569519,0.2659834921360016,,,,
367,8831,,,,0.9817942976951599,0.10961304605007172,0.8096751570701599,0.6129099130630493
367,8831,0.9266309142112732,0.19984422624111176,0.2399040311574936,,,,
368,8855,,,,0.9820119738578796,0.10677548497915268,0.7758888602256775,0.648247480392456
368,8855,0.9144821763038635,0.24101543426513672,0.2787174880504608,,,,
369,8879,,,,0.9818614721298218,0.1088269054889679,0.8710625171661377,0.49460774660110474
369,8879,0.9260690212249756,0.21599258482456207,0.25510433316230774,,,,
370,8903,,,,0.9857224225997925,0.10115541517734528,0.8241556882858276,0.6002510190010071
370,8903,0.9407187104225159,0.2118542641401291,0.2517116069793701,,,,
371,8927,,,,0.9857224225997925,0.10641996562480927,0.8117671012878418,0.5939673781394958
371,8927,0.9158005118370056,0.2155900001525879,0.25331518054008484,,,,
372,8951,,,,0.9818161725997925,0.10161883383989334,0.8383474946022034,0.5152828097343445
372,8951,0.9211199283599854,0.21246188879013062,0.2516706883907318,,,,
373,8975,,,,0.9782621264457703,0.10510880500078201,0.7572075128555298,0.7065218687057495
373,8975,0.9187336564064026,0.23534171283245087,0.2729990482330322,,,,
374,8999,,,,0.9780443906784058,0.11107707023620605,0.7553684115409851,0.8135675191879272
374,8999,0.9175513386726379,0.23353753983974457,0.270931214094162,,,,
375,9023,,,,0.9857224225997925,0.10161584615707397,0.8154926896095276,0.5567032694816589
375,9023,0.9085798263549805,0.2212333083152771,0.2592752277851105,,,,
376,9047,,,,0.9700629115104675,0.11416848003864288,0.7765320539474487,0.6425591111183167
376,9047,0.929496705532074,0.19701330363750458,0.23679031431674957,,,,
377,9071,,,,0.9857224225997925,0.10404222458600998,0.7685280442237854,0.6790502667427063
377,9071,0.9224972724914551,0.2302025705575943,0.26804396510124207,,,,
378,9095,,,,0.9817688465118408,0.10634437948465347,0.8192187547683716,0.5625889897346497
378,9095,0.917381227016449,0.21066373586654663,0.24916760623455048,,,,
379,9119,,,,0.9817942976951599,0.09982284903526306,0.8413850665092468,0.6126559972763062
379,9119,0.9217009544372559,0.21051530539989471,0.24919426441192627,,,,
380,9143,,,,0.9820119738578796,0.10221926867961884,0.8130494356155396,0.6555500626564026
380,9143,0.9397960305213928,0.21106034517288208,0.24992530047893524,,,,
381,9167,,,,0.9817942976951599,0.1030251532793045,0.8413400650024414,0.5680757164955139
381,9167,0.9303975105285645,0.2033243179321289,0.24256043136119843,,,,
382,9191,,,,0.9818614721298218,0.10081896930932999,0.8327674269676208,0.5833536982536316
382,9191,0.9371249079704285,0.19787418842315674,0.23736071586608887,,,,
383,9215,,,,0.9817688465118408,0.10290519148111343,0.7685726881027222,0.6794024705886841
383,9215,0.9432099461555481,0.19520844519138336,0.23326216638088226,,,,
384,9239,,,,0.9780662655830383,0.10294952243566513,0.7874010801315308,0.6914864182472229
384,9239,0.9239012598991394,0.23804433643817902,0.27577027678489685,,,,
385,9263,,,,0.9858026504516602,0.09525344520807266,0.8590669631958008,0.5200783610343933
385,9263,0.9082590937614441,0.22420980036258698,0.26191458106040955,,,,
386,9287,,,,0.9857224225997925,0.09587360918521881,0.8022060394287109,0.5691260695457458
386,9287,0.9299468994140625,0.20410966873168945,0.2441096156835556,,,,
387,9311,,,,0.9857224225997925,0.09713573753833771,0.7568880319595337,0.7197406888008118
387,9311,0.9122307896614075,0.23642897605895996,0.2745496928691864,,,,
388,9335,,,,0.9741600155830383,0.10334888845682144,0.7479410171508789,0.7634059190750122
388,9335,0.9246813654899597,0.21324080228805542,0.2504150867462158,,,,
389,9359,,,,0.9817942976951599,0.09677668660879135,0.7760034799575806,0.6554427146911621
389,9359,0.9265074729919434,0.21832847595214844,0.2556517720222473,,,,
390,9383,,,,0.9780838489532471,0.09959325194358826,0.7983573079109192,0.6152060031890869
390,9383,0.933437168598175,0.20591755211353302,0.24393010139465332,,,,
391,9407,,,,0.9857224225997925,0.09868200123310089,0.8700803518295288,0.5273452401161194
391,9407,0.9391574859619141,0.19579994678497314,0.23400838673114777,,,,
392,9431,,,,0.9740045070648193,0.10329123586416245,0.8913244605064392,0.4830225110054016
392,9431,0.916662871837616,0.2186441868543625,0.2584041655063629,,,,
393,9455,,,,0.9857618808746338,0.09428046643733978,0.8597092628479004,0.5520988702774048
393,9455,0.922034502029419,0.20570725202560425,0.24563591182231903,,,,
394,9479,,,,0.9857224225997925,0.08951031416654587,0.7619608044624329,0.6959424614906311
394,9479,0.9395608901977539,0.19686931371688843,0.2355545312166214,,,,
395,9503,,,,0.9819725155830383,0.09917265176773071,0.7865161299705505,0.724649965763092
395,9503,0.9103973507881165,0.23119240999221802,0.26905426383018494,,,,
396,9527,,,,0.9818614721298218,0.0988248959183693,0.8239777088165283,0.6230872869491577
396,9527,0.9228299260139465,0.22238843142986298,0.2620212733745575,,,,
397,9551,,,,0.9857224225997925,0.08910339325666428,0.8777591586112976,0.5119815468788147
397,9551,0.9304637312889099,0.20782269537448883,0.24794910848140717,,,,
398,9575,,,,0.9857224225997925,0.09592927247285843,0.8645246028900146,0.514934778213501
398,9575,0.9219352602958679,0.2073255181312561,0.24656443297863007,,,,
399,9599,,,,0.9857224225997925,0.09407249838113785,0.8410789370536804,0.5826594829559326
399,9599,0.9240941405296326,0.2125396579504013,0.2500254809856415,,,,
400,9623,,,,0.9857224225997925,0.09246357530355453,0.7907577753067017,0.6509689688682556
400,9623,0.9224342703819275,0.21069101989269257,0.24769920110702515,,,,
401,9647,,,,0.9819182753562927,0.0972655639052391,0.7895931005477905,0.6230303049087524
401,9647,0.9343438744544983,0.2053835242986679,0.2442258596420288,,,,
402,9671,,,,0.9857224225997925,0.09444573521614075,0.7737206220626831,0.6994221806526184
402,9671,0.9143735766410828,0.22962038218975067,0.26695045828819275,,,,
403,9695,,,,0.9820119738578796,0.10141634941101074,0.7635704278945923,0.7304769158363342
403,9695,0.9359938502311707,0.19230176508426666,0.22958652675151825,,,,
404,9719,,,,0.9857224225997925,0.0893411710858345,0.7976055145263672,0.6853443384170532
404,9719,0.9193196892738342,0.19765138626098633,0.2356150597333908,,,,
405,9743,,,,0.9897307753562927,0.0893956795334816,0.8150386214256287,0.6147509217262268
405,9743,0.9304720759391785,0.19505028426647186,0.23318107426166534,,,,
406,9767,,,,0.9817942976951599,0.0962890163064003,0.8250554203987122,0.5911903977394104
406,9767,0.9199718832969666,0.2129461169242859,0.2506806254386902,,,,
407,9791,,,,0.9857224225997925,0.09122222661972046,0.7994126081466675,0.6916933059692383
407,9791,0.9344492554664612,0.21405278146266937,0.253452867269516,,,,
408,9815,,,,0.9857224225997925,0.09478168934583664,0.8050951361656189,0.6479892730712891
408,9815,0.9294564127922058,0.2206849902868271,0.2593676447868347,,,,
409,9839,,,,0.9857224225997925,0.08901306986808777,0.7670823335647583,0.7421021461486816
409,9839,0.9249632954597473,0.19952194392681122,0.2374729961156845,,,,
410,9863,,,,0.9818515181541443,0.09338860958814621,0.8289449214935303,0.600679874420166
410,9863,0.9341022968292236,0.2123803347349167,0.2502896785736084,,,,
411,9887,,,,0.9857224225997925,0.09468672424554825,0.8462631702423096,0.5102335214614868
411,9887,0.9422875046730042,0.18953432142734528,0.22780998051166534,,,,
412,9911,,,,0.9857224225997925,0.08760038018226624,0.7957327961921692,0.7189977765083313
412,9911,0.9259421825408936,0.19098709523677826,0.22918128967285156,,,,
413,9935,,,,0.9857224225997925,0.08841628581285477,0.786252498626709,0.6801109313964844
413,9935,0.9324033260345459,0.20297770202159882,0.2413523942232132,,,,
414,9959,,,,0.9857224225997925,0.08937785774469376,0.8456642627716064,0.6136623024940491
414,9959,0.9316313862800598,0.18571297824382782,0.22335688769817352,,,,
415,9983,,,,0.9897307753562927,0.08730350434780121,0.8293548822402954,0.556720495223999
415,9983,0.9275148510932922,0.21991212666034698,0.25859329104423523,,,,
416,10007,,,,0.9857224225997925,0.08861158043146133,0.8501777052879333,0.555462121963501
416,10007,0.9313607215881348,0.18736644089221954,0.22639475762844086,,,,
417,10031,,,,0.9816253185272217,0.09070397168397903,0.8612537384033203,0.5708884596824646
417,10031,0.932828962802887,0.18979354202747345,0.22909004986286163,,,,
418,10055,,,,0.9857224225997925,0.08583715558052063,0.8474593758583069,0.5430809855461121
418,10055,0.9280775189399719,0.20374168455600739,0.24243265390396118,,,,
419,10079,,,,0.9857224225997925,0.08770769089460373,0.86339271068573,0.49534034729003906
419,10079,0.9331011772155762,0.19664768874645233,0.23635150492191315,,,,
420,10103,,,,0.9817942976951599,0.0880977213382721,0.8616850972175598,0.5429033637046814
420,10103,0.9273344874382019,0.22674478590488434,0.26613014936447144,,,,
421,10127,,,,0.9818515181541443,0.09363456070423126,0.7621082067489624,0.667878270149231
421,10127,0.9130780696868896,0.2309543937444687,0.2693057954311371,,,,
422,10151,,,,0.978058397769928,0.09304114431142807,0.8465321660041809,0.6118652820587158
422,10151,0.9245774149894714,0.21473972499370575,0.2522708475589752,,,,
423,10175,,,,0.9816253185272217,0.08974805474281311,0.8482940793037415,0.547213077545166
423,10175,0.9250451922416687,0.21147094666957855,0.24868150055408478,,,,
424,10199,,,,0.9857224225997925,0.08823113143444061,0.772707462310791,0.7646712064743042
424,10199,0.9242722392082214,0.21265333890914917,0.24959494173526764,,,,
425,10223,,,,0.9820119738578796,0.09154784679412842,0.7739511728286743,0.7514015436172485
425,10223,0.9318234920501709,0.20955942571163177,0.24815499782562256,,,,
426,10247,,,,0.9857224225997925,0.08379828929901123,0.8002998232841492,0.6328762173652649
426,10247,0.9237506985664368,0.2020697444677353,0.24039745330810547,,,,
427,10271,,,,0.9816253185272217,0.08685866743326187,0.8175065517425537,0.5546755790710449
427,10271,0.9360923767089844,0.19483143091201782,0.23379068076610565,,,,
428,10295,,,,0.9857224225997925,0.08856271952390671,0.8490843176841736,0.5769640207290649
428,10295,0.9290913939476013,0.22046233713626862,0.2603377401828766,,,,
429,10319,,,,0.9857224225997925,0.0886581540107727,0.8314704895019531,0.621676504611969
429,10319,0.9252133965492249,0.20457278192043304,0.24368149042129517,,,,
430,10343,,,,0.9817942976951599,0.08604114502668381,0.831538200378418,0.6252998113632202
430,10343,0.9193267226219177,0.20564784109592438,0.24313253164291382,,,,
431,10367,,,,0.9857224225997925,0.08356833457946777,0.8500266671180725,0.5709688663482666
431,10367,0.9215574264526367,0.19817139208316803,0.23674072325229645,,,,
432,10391,,,,0.9857224225997925,0.08590240776538849,0.8836231231689453,0.5391215682029724
432,10391,0.9351670145988464,0.1891697198152542,0.23108987510204315,,,,
433,10415,,,,0.9897307753562927,0.08519415557384491,0.855068564414978,0.5485082268714905
433,10415,0.925881564617157,0.19042177498340607,0.23030133545398712,,,,
434,10439,,,,0.9819725155830383,0.09187587350606918,0.7975512742996216,0.6420636773109436
434,10439,0.9416736960411072,0.1792534738779068,0.2175455242395401,,,,
435,10463,,,,0.9857224225997925,0.08300866931676865,0.8060423135757446,0.6619663834571838
435,10463,0.9468936920166016,0.18464577198028564,0.22298258543014526,,,,
436,10487,,,,0.9897307753562927,0.08158021420240402,0.8158797025680542,0.6250975728034973
436,10487,0.9388034343719482,0.18073584139347076,0.22015739977359772,,,,
437,10511,,,,0.9897307753562927,0.08292938768863678,0.8080552220344543,0.6521322131156921
437,10511,0.9316985011100769,0.21000881493091583,0.24834074079990387,,,,
438,10535,,,,0.9820119738578796,0.08735398948192596,0.8022691607475281,0.6488032341003418
438,10535,0.9366791844367981,0.19493186473846436,0.23350483179092407,,,,
439,10559,,,,0.9857224225997925,0.08362656086683273,0.7828710079193115,0.7223571538925171
439,10559,0.9181458353996277,0.20568664371967316,0.2446851283311844,,,,
440,10583,,,,0.9819725155830383,0.0875590443611145,0.8095270991325378,0.6222788691520691
440,10583,0.9448032975196838,0.195421501994133,0.2331688404083252,,,,
441,10607,,,,0.9819725155830383,0.08520280569791794,0.8097721934318542,0.6504415273666382
441,10607,0.914594829082489,0.21198783814907074,0.2501300871372223,,,,
442,10631,,,,0.9818515181541443,0.08964865654706955,0.8407226204872131,0.5691962242126465
442,10631,0.9273634552955627,0.20439185202121735,0.24298781156539917,,,,
443,10655,,,,0.9857224225997925,0.08007567375898361,0.850030243396759,0.5734032988548279
443,10655,0.9334024786949158,0.2045036107301712,0.24331408739089966,,,,
444,10679,,,,0.9897307753562927,0.08267520368099213,0.8173744678497314,0.5374187231063843
444,10679,0.9360547661781311,0.18628837168216705,0.2263040989637375,,,,
445,10703,,,,0.9857224225997925,0.07894334942102432,0.8211460113525391,0.6318514347076416
445,10703,0.9413304328918457,0.17541001737117767,0.21483302116394043,,,,
446,10727,,,,0.9819725155830383,0.09064706414937973,0.8160318732261658,0.6044347286224365
446,10727,0.9299765229225159,0.2133515477180481,0.2531532943248749,,,,
447,10751,,,,0.9857224225997925,0.08851443976163864,0.824241042137146,0.661137580871582
447,10751,0.9274477958679199,0.20967118442058563,0.24831335246562958,,,,
448,10775,,,,0.9857224225997925,0.08207162469625473,0.8167902231216431,0.6056703925132751
448,10775,0.9435376524925232,0.18959885835647583,0.22901050746440887,,,,
449,10799,,,,0.9897307753562927,0.08094531297683716,0.7972081899642944,0.6466478705406189
449,10799,0.9497895836830139,0.15874890983104706,0.19679145514965057,,,,
450,10823,,,,0.9857224225997925,0.0812167227268219,0.7495304346084595,0.7791609764099121
450,10823,0.9339051246643066,0.2003685086965561,0.2393297553062439,,,,
451,10847,,,,0.9818515181541443,0.0869324579834938,0.7425575852394104,0.7477485537528992
451,10847,0.9343487620353699,0.18258251249790192,0.22111038863658905,,,,
452,10871,,,,0.9857224225997925,0.08424060791730881,0.7655352354049683,0.7643483877182007
452,10871,0.9365532994270325,0.1948079615831375,0.2321910709142685,,,,
453,10895,,,,0.9858026504516602,0.08034470677375793,0.7810651063919067,0.7103793621063232
453,10895,0.9450335502624512,0.18406260013580322,0.2218487709760666,,,,
454,10919,,,,0.9857224225997925,0.08138906955718994,0.7883331775665283,0.6710425019264221
454,10919,0.9329090714454651,0.19388289749622345,0.2317522019147873,,,,
455,10943,,,,0.9816253185272217,0.08638627082109451,0.840958833694458,0.567909836769104
455,10943,0.9440438151359558,0.2023548036813736,0.2412080615758896,,,,
456,10967,,,,0.9857224225997925,0.08590061962604523,0.8124160170555115,0.6755210161209106
456,10967,0.9381441473960876,0.19126033782958984,0.229811429977417,,,,
457,10991,,,,0.9857224225997925,0.08108022063970566,0.7791648507118225,0.6907432079315186
457,10991,0.9244171977043152,0.20676076412200928,0.24607020616531372,,,,
458,11015,,,,0.9857224225997925,0.08037570863962173,0.8548056483268738,0.46347516775131226
458,11015,0.9317629933357239,0.19517336785793304,0.23331137001514435,,,,
459,11039,,,,0.9857224225997925,0.08424530923366547,0.8508196473121643,0.5364941358566284
459,11039,0.9357871413230896,0.18921004235744476,0.22748778760433197,,,,
460,11063,,,,0.9857224225997925,0.0824771523475647,0.7703574895858765,0.6802634000778198
460,11063,0.9323084950447083,0.1917678862810135,0.22976744174957275,,,,
461,11087,,,,0.9857224225997925,0.07665851712226868,0.7093181014060974,0.922304630279541
461,11087,0.932175874710083,0.17463940382003784,0.21406151354312897,,,,
462,11111,,,,0.9857224225997925,0.07776620984077454,0.7364376187324524,0.9143483638763428
462,11111,0.9539503455162048,0.15621398389339447,0.19354493916034698,,,,
463,11135,,,,0.9857224225997925,0.07824675738811493,0.7969775199890137,0.6454318761825562
463,11135,0.9324188828468323,0.18625962734222412,0.22464333474636078,,,,
464,11159,,,,0.9857224225997925,0.07813801616430283,0.8170026540756226,0.6135878562927246
464,11159,0.9498917460441589,0.15626755356788635,0.19483210146427155,,,,
465,11183,,,,0.9818515181541443,0.08129101246595383,0.7812058925628662,0.7211121916770935
465,11183,0.9267065525054932,0.20826268196105957,0.24664628505706787,,,,
466,11207,,,,0.9857224225997925,0.07575353980064392,0.7681965827941895,0.7353713512420654
466,11207,0.9411048889160156,0.17655116319656372,0.21505136787891388,,,,
467,11231,,,,0.9897307753562927,0.07288410514593124,0.7473508715629578,0.8053807020187378
467,11231,0.9544495940208435,0.17375731468200684,0.21284276247024536,,,,
468,11255,,,,0.9857224225997925,0.07856686413288116,0.7867600917816162,0.7091352939605713
468,11255,0.9424285888671875,0.1733015924692154,0.21191512048244476,,,,
469,11279,,,,0.9857224225997925,0.07716105133295059,0.8150765299797058,0.6387112140655518
469,11279,0.9360957145690918,0.18214678764343262,0.22074894607067108,,,,
470,11303,,,,0.9820119738578796,0.07928953319787979,0.8333353996276855,0.6708151698112488
470,11303,0.95220547914505,0.15735501050949097,0.19587068259716034,,,,
471,11327,,,,0.9857224225997925,0.07616101950407028,0.8368504643440247,0.5646309852600098
471,11327,0.9393391013145447,0.180288627743721,0.2202264666557312,,,,
472,11351,,,,0.9857224225997925,0.07810304313898087,0.8672634363174438,0.5366771817207336
472,11351,0.9465143084526062,0.18630172312259674,0.22519369423389435,,,,
473,11375,,,,0.9857224225997925,0.07486679404973984,0.8642599582672119,0.5710962414741516
473,11375,0.9348347783088684,0.19096551835536957,0.23166674375534058,,,,
474,11399,,,,0.9857224225997925,0.07572044432163239,0.8243933916091919,0.5799784660339355
474,11399,0.9501592516899109,0.16547264158725739,0.20510482788085938,,,,
475,11423,,,,0.9857224225997925,0.07835464179515839,0.8072221279144287,0.6344279050827026
475,11423,0.9515290856361389,0.16841627657413483,0.20695824921131134,,,,
476,11447,,,,0.9817942976951599,0.07991210371255875,0.7845500111579895,0.7228931188583374
476,11447,0.9347825646400452,0.17783619463443756,0.21791476011276245,,,,
477,11471,,,,0.9897307753562927,0.07062511891126633,0.7866569757461548,0.6753414869308472
477,11471,0.9414559006690979,0.1851799637079239,0.22381170094013214,,,,
478,11495,,,,0.9857224225997925,0.0760001465678215,0.8362740874290466,0.6221179366111755
478,11495,0.9264928698539734,0.20918649435043335,0.24818171560764313,,,,
479,11519,,,,0.9820119738578796,0.07850657403469086,0.8104824423789978,0.6395760178565979
479,11519,0.9422155022621155,0.1753949671983719,0.2145087718963623,,,,
480,11543,,,,0.9857224225997925,0.0732741430401802,0.8285940885543823,0.6389602422714233
480,11543,0.9316521286964417,0.1903780847787857,0.2297501116991043,,,,
481,11567,,,,0.9857224225997925,0.07343821227550507,0.8209654092788696,0.6160712838172913
481,11567,0.9423515200614929,0.18691344559192657,0.22505176067352295,,,,
482,11591,,,,0.9857224225997925,0.0762854740023613,0.8291833400726318,0.5850354433059692
482,11591,0.9413759708404541,0.16900677978992462,0.2089802771806717,,,,
483,11615,,,,0.9857224225997925,0.07403386384248734,0.8127467036247253,0.6453894972801208
483,11615,0.9411664605140686,0.17308670282363892,0.21272800862789154,,,,
484,11639,,,,0.9819725155830383,0.07927584648132324,0.8207764029502869,0.5892154574394226
484,11639,0.9359180331230164,0.1904272884130478,0.22898943722248077,,,,
485,11663,,,,0.9897307753562927,0.07750740647315979,0.8510787487030029,0.5761184692382812
485,11663,0.9396452307701111,0.18805576860904694,0.22717319428920746,,,,
486,11687,,,,0.9857224225997925,0.07511523365974426,0.8033977746963501,0.5972592234611511
486,11687,0.940053403377533,0.20877371728420258,0.24806644022464752,,,,
487,11711,,,,0.9816253185272217,0.08374258875846863,0.791353702545166,0.6877692937850952
487,11711,0.9302396178245544,0.18627913296222687,0.22466737031936646,,,,
488,11735,,,,0.9897307753562927,0.07527757436037064,0.8203582763671875,0.549691915512085
488,11735,0.9550655484199524,0.16353632509708405,0.20180493593215942,,,,
489,11759,,,,0.9857224225997925,0.08075489848852158,0.8611816167831421,0.5428367853164673
489,11759,0.9306552410125732,0.20235401391983032,0.24017030000686646,,,,
490,11783,,,,0.9897307753562927,0.06888747960329056,0.8315386772155762,0.6035552024841309
490,11783,0.9412910342216492,0.18490569293498993,0.22386188805103302,,,,
491,11807,,,,0.9857224225997925,0.07432103157043457,0.857207715511322,0.5527673959732056
491,11807,0.9450855255126953,0.18833458423614502,0.227580264210701,,,,
492,11831,,,,0.9857224225997925,0.07380552589893341,0.7994318008422852,0.6772406101226807
492,11831,0.9440646171569824,0.18560533225536346,0.22487424314022064,,,,
493,11855,,,,0.9857224225997925,0.07456135004758835,0.8227719068527222,0.6501237154006958
493,11855,0.9433432221412659,0.18696624040603638,0.2258228063583374,,,,
494,11879,,,,0.9857224225997925,0.0756879523396492,0.81670081615448,0.6482059359550476
494,11879,0.9439272880554199,0.1620805412530899,0.200944721698761,,,,
495,11903,,,,0.9857224225997925,0.07594636082649231,0.8341831564903259,0.6258149147033691
495,11903,0.9402771592140198,0.15920807421207428,0.19752627611160278,,,,
496,11927,,,,0.9857224225997925,0.07454506307840347,0.8391051888465881,0.6302674412727356
496,11927,0.9304327964782715,0.1787041872739792,0.2177000641822815,,,,
497,11951,,,,0.9816253185272217,0.07689837366342545,0.868633508682251,0.547154426574707
497,11951,0.934852123260498,0.2074815183877945,0.24739505350589752,,,,
498,11975,,,,0.9818515181541443,0.0791693776845932,0.8928367495536804,0.4902656674385071
498,11975,0.9275934100151062,0.2004997581243515,0.2403007298707962,,,,
499,11999,,,,0.9857224225997925,0.07171786576509476,0.8798209428787231,0.5450555682182312
499,11999,0.9514184594154358,0.16627411544322968,0.20596128702163696,,,,
