epoch,step,train_acc,train_loss,val_src_acc,val_src_loss,val_tgt_acc,val_tgt_loss
0,23,,,0.32756441831588745,1.3861217498779297,0.31199538707733154,1.3707456588745117
0,23,0.26981279253959656,1.4026541709899902,,,,
1,47,,,0.39481863379478455,1.376030683517456,0.3871389329433441,1.3602015972137451
1,47,0.3035924434661865,1.3882783651351929,,,,
2,71,,,0.4399645924568176,1.369014859199524,0.505281925201416,1.3346788883209229
2,71,0.35448476672172546,1.3726693391799927,,,,
3,95,,,0.4831245541572571,1.3651013374328613,0.6019351482391357,1.3141645193099976
3,95,0.37984728813171387,1.368207573890686,,,,
4,119,,,0.5273447632789612,1.3525748252868652,0.6680722832679749,1.2940583229064941
4,119,0.4460000991821289,1.354920744895935,,,,
5,143,,,0.5602905750274658,1.3415249586105347,0.6846367716789246,1.278159260749817
5,143,0.49102702736854553,1.3411612510681152,,,,
6,167,,,0.5548382997512817,1.3386324644088745,0.6901636123657227,1.2669634819030762
6,167,0.5073522925376892,1.3291500806808472,,,,
7,191,,,0.5734984874725342,1.330924153327942,0.7021353840827942,1.2511131763458252
7,191,0.5171875357627869,1.3211573362350464,,,,
8,215,,,0.5740848779678345,1.3092057704925537,0.7021353840827942,1.2333333492279053
8,215,0.5552496314048767,1.313212513923645,,,,
9,239,,,0.573819637298584,1.2978869676589966,0.7013223767280579,1.218231439590454
9,239,0.5537983775138855,1.3101909160614014,,,,
10,263,,,0.5675927400588989,1.2992212772369385,0.7021353840827942,1.2179627418518066
10,263,0.5759734511375427,1.3003549575805664,,,,
11,287,,,0.5743662118911743,1.2885998487472534,0.7021353840827942,1.207115650177002
11,287,0.5348307490348816,1.3080698251724243,,,,
12,311,,,0.5730318427085876,1.264499306678772,0.701029360294342,1.1839845180511475
12,311,0.5636649131774902,1.2740684747695923,,,,
13,335,,,0.5719847083091736,1.2506039142608643,0.7021353840827942,1.1699026823043823
13,335,0.5786500573158264,1.2533615827560425,,,,
14,359,,,0.568341076374054,1.2347744703292847,0.7000585198402405,1.142449140548706
14,359,0.5732540488243103,1.2451562881469727,,,,
15,383,,,0.5682309865951538,1.204848051071167,0.6965357661247253,1.124307632446289
15,383,0.5754758715629578,1.2194249629974365,,,,
16,407,,,0.5721482038497925,1.1730306148529053,0.7029100060462952,1.1031802892684937
16,407,0.6072108745574951,1.1980947256088257,,,,
17,431,,,0.6126156449317932,1.148473858833313,0.7039874196052551,1.0664275884628296
17,431,0.6079184412956238,1.1677967309951782,,,,
18,455,,,0.6424485445022583,1.1003891229629517,0.7091068029403687,1.0315617322921753
18,455,0.6305926442146301,1.1629947423934937,,,,
19,479,,,0.6682522296905518,1.0729999542236328,0.7153638601303101,0.9992413520812988
19,479,0.6388236284255981,1.104986310005188,,,,
20,503,,,0.70651775598526,1.0381958484649658,0.7622990608215332,0.9642997980117798
20,503,0.6544998288154602,1.0782556533813477,,,,
21,527,,,0.7210280895233154,1.0073261260986328,0.7670964002609253,0.92084801197052
21,527,0.6659824252128601,1.0529462099075317,,,,
22,551,,,0.7224557399749756,0.9720633625984192,0.8008975386619568,0.9112890958786011
22,551,0.6795777678489685,1.0179822444915771,,,,
23,575,,,0.7172600030899048,0.9359424114227295,0.8087871074676514,0.8615607023239136
23,575,0.6839256882667542,1.0059536695480347,,,,
24,599,,,0.7130652070045471,0.9068245887756348,0.7978793978691101,0.8331804275512695
24,599,0.7023038268089294,0.9605785012245178,,,,
25,623,,,0.7080614566802979,0.8787075877189636,0.8040338754653931,0.8028995394706726
25,623,0.6955795884132385,0.9638277888298035,,,,
26,647,,,0.7046911716461182,0.863028347492218,0.7958361506462097,0.7837614417076111
26,647,0.7066879868507385,0.9196957945823669,,,,
27,671,,,0.7061205506324768,0.8396188616752625,0.7857387065887451,0.7618159651756287
27,671,0.6832842230796814,0.9082615375518799,,,,
28,695,,,0.7018056511878967,0.8190069794654846,0.7890758514404297,0.7445448040962219
28,695,0.6886479258537292,0.8960943818092346,,,,
29,719,,,0.7004490494728088,0.8088384866714478,0.7870779037475586,0.7357656359672546
29,719,0.678519070148468,0.8946962356567383,,,,
30,743,,,0.7015537023544312,0.7841549515724182,0.7820601463317871,0.7340784072875977
30,743,0.6808590888977051,0.8738370537757874,,,,
31,767,,,0.6998032927513123,0.7786892652511597,0.7757384181022644,0.7241981625556946
31,767,0.701436460018158,0.8744258880615234,,,,
32,791,,,0.6914754509925842,0.7656420469284058,0.7762295007705688,0.7273445129394531
32,791,0.7133426666259766,0.8515665531158447,,,,
33,815,,,0.7123903036117554,0.7569361925125122,0.778213620185852,0.7096403241157532
33,815,0.6983639597892761,0.827296793460846,,,,
34,839,,,0.7096652984619141,0.7498233318328857,0.8106206655502319,0.6850549578666687
34,839,0.6931584477424622,0.8187219500541687,,,,
35,863,,,0.7243927121162415,0.7391948699951172,0.8340692520141602,0.6984233856201172
35,863,0.6854129433631897,0.814217746257782,,,,
36,887,,,0.75690096616745,0.7283381819725037,0.8278284072875977,0.6737465858459473
36,887,0.6923384070396423,0.8075341582298279,,,,
37,911,,,0.7563832402229309,0.7272228598594666,0.8068773150444031,0.6984987258911133
37,911,0.7069812417030334,0.8010867238044739,,,,
38,935,,,0.71357262134552,0.7211110591888428,0.8161041736602783,0.6864076852798462
38,935,0.7092716097831726,0.7979045510292053,,,,
39,959,,,0.749509334564209,0.7158821225166321,0.8330352306365967,0.6726494431495667
39,959,0.6584766507148743,0.8020505905151367,,,,
40,983,,,0.7718642950057983,0.7047123908996582,0.8230699896812439,0.6750009059906006
40,983,0.7097133994102478,0.7674270272254944,,,,
41,1007,,,0.7670935392379761,0.6970862150192261,0.8528250455856323,0.6794558763504028
41,1007,0.6881888508796692,0.781553328037262,,,,
42,1031,,,0.777497410774231,0.6916832327842712,0.8447446823120117,0.6642011404037476
42,1031,0.7021059393882751,0.7562593817710876,,,,
43,1055,,,0.7788640856742859,0.6823948621749878,0.8504760265350342,0.6636970639228821
43,1055,0.725548267364502,0.7583038210868835,,,,
44,1079,,,0.7700839042663574,0.6832890510559082,0.8379970192909241,0.6646686792373657
44,1079,0.6960110068321228,0.7400977611541748,,,,
45,1103,,,0.7772902846336365,0.6744980216026306,0.8446163535118103,0.6681650876998901
45,1103,0.7100078463554382,0.739020049571991,,,,
46,1127,,,0.7936645746231079,0.6678606867790222,0.8335282802581787,0.650367021560669
46,1127,0.6991296410560608,0.7387009263038635,,,,
47,1151,,,0.807007372379303,0.6679272651672363,0.8593034148216248,0.6681270599365234
47,1151,0.7022554278373718,0.7363371253013611,,,,
48,1175,,,0.8029177784919739,0.6597979068756104,0.7974674701690674,0.6503755450248718
48,1175,0.723231315612793,0.7213759422302246,,,,
49,1199,,,0.7890616655349731,0.6537126898765564,0.866044282913208,0.643487811088562
49,1199,0.7092687487602234,0.7132294178009033,,,,
50,1223,,,0.8001434803009033,0.646403431892395,0.857326090335846,0.6577577590942383
50,1223,0.7184236645698547,0.7182286381721497,,,,
51,1247,,,0.7849599123001099,0.6539367437362671,0.8058327436447144,0.7302658557891846
51,1247,0.7313137054443359,0.7069298624992371,,,,
52,1271,,,0.7946367859840393,0.6351536512374878,0.8398755788803101,0.6594440340995789
52,1271,0.7100586295127869,0.7074900269508362,,,,
53,1295,,,0.7917431592941284,0.6376817226409912,0.8314353227615356,0.6537328958511353
53,1295,0.7171828150749207,0.6985566020011902,,,,
54,1319,,,0.8059642910957336,0.6329802870750427,0.8277760148048401,0.6482118964195251
54,1319,0.7090024948120117,0.7006697058677673,,,,
55,1343,,,0.8034100532531738,0.6208901405334473,0.8496014475822449,0.6307446360588074
55,1343,0.7253509163856506,0.6800885796546936,,,,
56,1367,,,0.8196063041687012,0.6208198070526123,0.8251020908355713,0.6553870439529419
56,1367,0.7061560153961182,0.6944959759712219,,,,
57,1391,,,0.8235275149345398,0.607326328754425,0.8531880974769592,0.6439958810806274
57,1391,0.728114902973175,0.6696324348449707,,,,
58,1415,,,0.8231691122055054,0.6138392090797424,0.8392614722251892,0.6406278014183044
58,1415,0.7309572100639343,0.6728124618530273,,,,
59,1439,,,0.7923460006713867,0.6119421720504761,0.8447846174240112,0.641059935092926
59,1439,0.7310965657234192,0.665553629398346,,,,
60,1463,,,0.7908813953399658,0.6058372259140015,0.8578976988792419,0.6293747425079346
60,1463,0.6971624493598938,0.6811909079551697,,,,
61,1487,,,0.8046303987503052,0.6010780930519104,0.834479033946991,0.6280223727226257
61,1487,0.722500741481781,0.6705648303031921,,,,
62,1511,,,0.8192723989486694,0.5955469012260437,0.8210875391960144,0.6308728456497192
62,1511,0.7274011969566345,0.644095242023468,,,,
63,1535,,,0.8063986301422119,0.5895814299583435,0.864654004573822,0.627988874912262
63,1535,0.7156665921211243,0.6651042103767395,,,,
64,1559,,,0.8202178478240967,0.589980959892273,0.7938165664672852,0.6993939876556396
64,1559,0.723964512348175,0.6513246297836304,,,,
65,1583,,,0.8120583891868591,0.5797825455665588,0.8534175157546997,0.612389087677002
65,1583,0.704373300075531,0.6412730813026428,,,,
66,1607,,,0.8098053336143494,0.5753288269042969,0.8231756687164307,0.6536058783531189
66,1607,0.7332315444946289,0.6372672915458679,,,,
67,1631,,,0.8043969869613647,0.5672488212585449,0.8436320424079895,0.6227913498878479
67,1631,0.7502617239952087,0.6115543842315674,,,,
68,1655,,,0.8188076019287109,0.5721138715744019,0.842749297618866,0.6453965902328491
68,1655,0.7234882712364197,0.6264203786849976,,,,
69,1679,,,0.7905034422874451,0.5699270963668823,0.8421375155448914,0.6244540810585022
69,1679,0.6999035477638245,0.6524379849433899,,,,
70,1703,,,0.801924467086792,0.5629504919052124,0.8471656441688538,0.6361222267150879
70,1703,0.748039186000824,0.633953869342804,,,,
71,1727,,,0.802177369594574,0.5563380122184753,0.8556524515151978,0.6041745543479919
71,1727,0.7095603942871094,0.6349024176597595,,,,
72,1751,,,0.8022207021713257,0.5592023730278015,0.8252930641174316,0.6190681457519531
72,1751,0.733501136302948,0.6110747456550598,,,,
73,1775,,,0.8186852931976318,0.5533890724182129,0.8364436626434326,0.6256216168403625
73,1775,0.7384228110313416,0.6094179749488831,,,,
74,1799,,,0.8159282207489014,0.5469408631324768,0.8000491261482239,0.6717170476913452
74,1799,0.7329456210136414,0.606762707233429,,,,
75,1823,,,0.8129457831382751,0.5464397668838501,0.848025918006897,0.6225812435150146
75,1823,0.7325196862220764,0.6292555928230286,,,,
76,1847,,,0.7948265075683594,0.5525005459785461,0.82246994972229,0.636522650718689
76,1847,0.7247874140739441,0.6147469878196716,,,,
77,1871,,,0.8036795258522034,0.5426003932952881,0.8566386103630066,0.6002759337425232
77,1871,0.7283763289451599,0.6205843091011047,,,,
78,1895,,,0.8184773325920105,0.5389951467514038,0.8044147491455078,0.6387289762496948
78,1895,0.7520578503608704,0.599809467792511,,,,
79,1919,,,0.8322018384933472,0.5363683104515076,0.809251606464386,0.625529944896698
79,1919,0.7415101528167725,0.6002651453018188,,,,
80,1943,,,0.8238486051559448,0.5307390689849854,0.8491576313972473,0.6194031238555908
80,1943,0.7364230751991272,0.6016475558280945,,,,
81,1967,,,0.8539594411849976,0.5282689929008484,0.8008734583854675,0.6636899709701538
81,1967,0.7250284552574158,0.6084644794464111,,,,
82,1991,,,0.8336678147315979,0.5263863801956177,0.8399379253387451,0.6074568033218384
82,1991,0.7288596630096436,0.5876902937889099,,,,
83,2015,,,0.8214619159698486,0.5203209519386292,0.7724464535713196,0.6678444147109985
83,2015,0.7344748973846436,0.6113784909248352,,,,
84,2039,,,0.8376576900482178,0.5174564123153687,0.8229560852050781,0.6200480461120605
84,2039,0.7458317875862122,0.5697121024131775,,,,
85,2063,,,0.8304870128631592,0.5159925818443298,0.8394427299499512,0.5922260880470276
85,2063,0.7276142239570618,0.5906009674072266,,,,
86,2087,,,0.8462852239608765,0.5073221325874329,0.8334692120552063,0.6164355874061584
86,2087,0.7410433888435364,0.5754929184913635,,,,
87,2111,,,0.8364578485488892,0.5031887292861938,0.839182436466217,0.5859929323196411
87,2111,0.7363426089286804,0.5749935507774353,,,,
88,2135,,,0.8469051718711853,0.502951443195343,0.8078963160514832,0.6558893918991089
88,2135,0.7440897822380066,0.5643883347511292,,,,
89,2159,,,0.8357622623443604,0.49800392985343933,0.857443630695343,0.5789745450019836
89,2159,0.7655122876167297,0.5520724654197693,,,,
90,2183,,,0.8247433304786682,0.49869105219841003,0.8527686595916748,0.6022063493728638
90,2183,0.7396609783172607,0.5871445536613464,,,,
91,2207,,,0.8289330005645752,0.49170634150505066,0.8270100951194763,0.5863952040672302
91,2207,0.7580125331878662,0.5533934235572815,,,,
92,2231,,,0.8668188452720642,0.48553499579429626,0.8354266881942749,0.6104918718338013
92,2231,0.7593143582344055,0.5624859929084778,,,,
93,2255,,,0.8491827249526978,0.4829481244087219,0.7864682674407959,0.6549307107925415
93,2255,0.7513054013252258,0.5850107669830322,,,,
94,2279,,,0.8556654453277588,0.4809421896934509,0.8524498343467712,0.6073555946350098
94,2279,0.7534501552581787,0.5809842348098755,,,,
95,2303,,,0.859809935092926,0.4798281192779541,0.8182355165481567,0.6328161358833313
95,2303,0.759571373462677,0.5312787294387817,,,,
96,2327,,,0.8533022999763489,0.4817482829093933,0.8646958470344543,0.5631915926933289
96,2327,0.7631807923316956,0.5741872191429138,,,,
97,2351,,,0.8621507883071899,0.46631738543510437,0.8114697933197021,0.6362572312355042
97,2351,0.7764120101928711,0.5324754118919373,,,,
98,2375,,,0.8819369077682495,0.45863839983940125,0.8392302393913269,0.5728006958961487
98,2375,0.7459074854850769,0.5313910841941833,,,,
99,2399,,,0.8696998953819275,0.45813339948654175,0.8069313764572144,0.6309823989868164
99,2399,0.7496419548988342,0.5509104132652283,,,,
100,2423,,,0.8741929531097412,0.4575364589691162,0.8443036079406738,0.6018449068069458
100,2423,0.7751908898353577,0.5400622487068176,,,,
101,2447,,,0.8893962502479553,0.45620906352996826,0.8308899402618408,0.5974423885345459
101,2447,0.7659397125244141,0.5520994663238525,,,,
102,2471,,,0.8751057386398315,0.4513622224330902,0.8421456217765808,0.5826563239097595
102,2471,0.804729700088501,0.5122116208076477,,,,
103,2495,,,0.8910371661186218,0.4505132734775543,0.8208053112030029,0.6178279519081116
103,2495,0.7716735005378723,0.5460913777351379,,,,
104,2519,,,0.9009010791778564,0.4480384886264801,0.8628562092781067,0.5802143812179565
104,2519,0.771555483341217,0.5379467606544495,,,,
105,2543,,,0.8891849517822266,0.4446382522583008,0.8100888133049011,0.6103262901306152
105,2543,0.7712678909301758,0.5273485779762268,,,,
106,2567,,,0.9050861597061157,0.4421088695526123,0.8587074279785156,0.5653076171875
106,2567,0.7566191554069519,0.5489391684532166,,,,
107,2591,,,0.9176254868507385,0.43395671248435974,0.845697283744812,0.5775130987167358
107,2591,0.7845962643623352,0.5233104825019836,,,,
108,2615,,,0.9057682752609253,0.43101802468299866,0.7981739640235901,0.6343657970428467
108,2615,0.8086865544319153,0.4918294847011566,,,,
109,2639,,,0.895039975643158,0.42960625886917114,0.8481191396713257,0.5655167102813721
109,2639,0.7913937568664551,0.5140591263771057,,,,
110,2663,,,0.9163227677345276,0.4269561767578125,0.845475435256958,0.5786037445068359
110,2663,0.7950984835624695,0.5085540413856506,,,,
111,2687,,,0.9176716208457947,0.4206501245498657,0.8643720746040344,0.5577107071876526
111,2687,0.8021747469902039,0.5071730017662048,,,,
112,2711,,,0.9062647223472595,0.4190199375152588,0.802841305732727,0.5955443978309631
112,2711,0.8211806416511536,0.4763987362384796,,,,
113,2735,,,0.8933351039886475,0.4165525734424591,0.7986088991165161,0.6133366823196411
113,2735,0.802246630191803,0.497624009847641,,,,
114,2759,,,0.8921067714691162,0.41420790553092957,0.8725258111953735,0.5404000878334045
114,2759,0.7990357279777527,0.4871172606945038,,,,
115,2783,,,0.913396418094635,0.4047536849975586,0.8485475778579712,0.5568563342094421
115,2783,0.7956688404083252,0.48591840267181396,,,,
116,2807,,,0.9080485105514526,0.4031447470188141,0.757519006729126,0.6361232995986938
116,2807,0.8244006037712097,0.4633919298648834,,,,
117,2831,,,0.9103582501411438,0.4005606472492218,0.8217282295227051,0.6045240163803101
117,2831,0.7965462803840637,0.47512200474739075,,,,
118,2855,,,0.9210960268974304,0.3887740969657898,0.8508293628692627,0.5604259967803955
118,2855,0.7721371054649353,0.5154059529304504,,,,
119,2879,,,0.9252610802650452,0.3913648724555969,0.7904734015464783,0.6038724184036255
119,2879,0.790708065032959,0.49819281697273254,,,,
120,2903,,,0.9357624650001526,0.386851966381073,0.842216968536377,0.5854211449623108
120,2903,0.8220463395118713,0.47058072686195374,,,,
121,2927,,,0.940438985824585,0.3791176378726959,0.8146706819534302,0.6117841601371765
121,2927,0.7966226935386658,0.48147547245025635,,,,
122,2951,,,0.9285997748374939,0.3832121193408966,0.8171671628952026,0.6191999316215515
122,2951,0.8164709210395813,0.47853603959083557,,,,
123,2975,,,0.9305526614189148,0.3712693452835083,0.827979326248169,0.5737701654434204
123,2975,0.8341616988182068,0.45410728454589844,,,,
124,2999,,,0.9360069036483765,0.37395936250686646,0.834654688835144,0.5771387815475464
124,2999,0.8151137232780457,0.4679027795791626,,,,
125,3023,,,0.9353728890419006,0.3665026128292084,0.8852440118789673,0.540250301361084
125,3023,0.7970797419548035,0.47930213809013367,,,,
126,3047,,,0.9177869558334351,0.3702070713043213,0.8248301148414612,0.5811926126480103
126,3047,0.8312674164772034,0.45262789726257324,,,,
127,3071,,,0.9272150993347168,0.37321802973747253,0.7861021161079407,0.620131254196167
127,3071,0.8189017176628113,0.45577073097229004,,,,
128,3095,,,0.9246341586112976,0.37072473764419556,0.8575685620307922,0.5379540920257568
128,3095,0.8191275596618652,0.45407834649086,,,,
129,3119,,,0.9242823123931885,0.3602744936943054,0.8583347201347351,0.5554360747337341
129,3119,0.8243581652641296,0.4407157599925995,,,,
130,3143,,,0.9232578277587891,0.36344945430755615,0.8263375163078308,0.6002568006515503
130,3143,0.8189358711242676,0.46650341153144836,,,,
131,3167,,,0.9331920742988586,0.3591828942298889,0.8037859797477722,0.5907770395278931
131,3167,0.8338976502418518,0.4407777488231659,,,,
132,3191,,,0.9324914216995239,0.35327810049057007,0.833911120891571,0.6090208292007446
132,3191,0.8300179839134216,0.43817535042762756,,,,
133,3215,,,0.9437496662139893,0.35947170853614807,0.7826839089393616,0.6100603342056274
133,3215,0.8079182505607605,0.448252409696579,,,,
134,3239,,,0.9353827834129333,0.35352379083633423,0.8576226830482483,0.5752946734428406
134,3239,0.8278202414512634,0.4598320722579956,,,,
135,3263,,,0.9356485605239868,0.3493189811706543,0.805138349533081,0.5934762358665466
135,3263,0.830208957195282,0.4501288831233978,,,,
136,3287,,,0.9273812770843506,0.3423084318637848,0.8211524486541748,0.6043950319290161
136,3287,0.8358650803565979,0.4399966895580292,,,,
137,3311,,,0.9429553747177124,0.33892685174942017,0.8031660914421082,0.6395288109779358
137,3311,0.8318045139312744,0.4369352161884308,,,,
138,3335,,,0.9281091690063477,0.3314848840236664,0.8208081126213074,0.5937274098396301
138,3335,0.8459429740905762,0.4220763146877289,,,,
139,3359,,,0.9451549649238586,0.33696767687797546,0.8185904622077942,0.5951583385467529
139,3359,0.8385811448097229,0.4382799565792084,,,,
140,3383,,,0.943261444568634,0.3329940140247345,0.7864567637443542,0.6291837096214294
140,3383,0.8329256176948547,0.41818979382514954,,,,
141,3407,,,0.927890956401825,0.3378228545188904,0.8169711232185364,0.5899684429168701
141,3407,0.8531139492988586,0.4053173363208771,,,,
142,3431,,,0.947687566280365,0.32922473549842834,0.836724042892456,0.5898418426513672
142,3431,0.8325791358947754,0.43881261348724365,,,,
143,3455,,,0.9509390592575073,0.32608354091644287,0.8655602931976318,0.5522475242614746
143,3455,0.8420705199241638,0.4273141920566559,,,,
144,3479,,,0.9239407181739807,0.3322887420654297,0.857733428478241,0.5736991763114929
144,3479,0.8464865684509277,0.42448553442955017,,,,
145,3503,,,0.9346116185188293,0.3238145112991333,0.8624847531318665,0.5757893323898315
145,3503,0.8411008715629578,0.4269998371601105,,,,
146,3527,,,0.9281997680664062,0.32704153656959534,0.7711013555526733,0.6630113124847412
146,3527,0.851128101348877,0.4244253933429718,,,,
147,3551,,,0.954850971698761,0.30673307180404663,0.8092725276947021,0.6063202023506165
147,3551,0.8692631125450134,0.40590667724609375,,,,
148,3575,,,0.9389817118644714,0.32518458366394043,0.8146783113479614,0.6097028255462646
148,3575,0.8590585589408875,0.41450342535972595,,,,
149,3599,,,0.9316748976707458,0.31495165824890137,0.845552921295166,0.5731458067893982
149,3599,0.8504552841186523,0.39005735516548157,,,,
150,3623,,,0.9468322396278381,0.3082547187805176,0.8353562355041504,0.5730000734329224
150,3623,0.8555935025215149,0.4047377109527588,,,,
151,3647,,,0.9394235014915466,0.30318912863731384,0.7920980453491211,0.6633053421974182
151,3647,0.8498714566230774,0.39990362524986267,,,,
152,3671,,,0.9307170510292053,0.3139648139476776,0.8345429301261902,0.5594030618667603
152,3671,0.8544092774391174,0.37908828258514404,,,,
153,3695,,,0.9462794661521912,0.30154669284820557,0.785142183303833,0.6256844401359558
153,3695,0.8314467072486877,0.39788779616355896,,,,
154,3719,,,0.9508510231971741,0.2915169596672058,0.7929826974868774,0.6642550230026245
154,3719,0.8381373882293701,0.3873593807220459,,,,
155,3743,,,0.9462851285934448,0.2984238564968109,0.8558685779571533,0.5757015347480774
155,3743,0.8442459106445312,0.3946986496448517,,,,
156,3767,,,0.9508960843086243,0.29906314611434937,0.8494993448257446,0.5794023275375366
156,3767,0.8285088539123535,0.4252108037471771,,,,
157,3791,,,0.9496331810951233,0.2989896833896637,0.8066713213920593,0.6394467353820801
157,3791,0.861646831035614,0.384785920381546,,,,
158,3815,,,0.9471891522407532,0.29755738377571106,0.875652015209198,0.5422812104225159
158,3815,0.8608987331390381,0.3930729925632477,,,,
159,3839,,,0.9509753584861755,0.29020431637763977,0.7901775240898132,0.6397472620010376
159,3839,0.8511643409729004,0.41716599464416504,,,,
160,3863,,,0.9470040202140808,0.2877426743507385,0.8377186059951782,0.6132077574729919
160,3863,0.8463305830955505,0.41109731793403625,,,,
161,3887,,,0.939360499382019,0.2918376326560974,0.8308896422386169,0.5915355086326599
161,3887,0.8679373264312744,0.38778236508369446,,,,
162,3911,,,0.9385409355163574,0.2940788269042969,0.8666272759437561,0.5662456154823303
162,3911,0.8703241944313049,0.3908267319202423,,,,
163,3935,,,0.9548472166061401,0.2824728786945343,0.8843865990638733,0.5820956230163574
163,3935,0.8555635809898376,0.3859981596469879,,,,
164,3959,,,0.9505424499511719,0.28208887577056885,0.8192310333251953,0.6425992250442505
164,3959,0.8475597500801086,0.3807651698589325,,,,
165,3983,,,0.9461397528648376,0.2805289924144745,0.776553213596344,0.6828773021697998
165,3983,0.8469547629356384,0.4043475389480591,,,,
166,4007,,,0.9475658535957336,0.27699199318885803,0.8250479698181152,0.6389532089233398
166,4007,0.8808901906013489,0.36388739943504333,,,,
167,4031,,,0.9510447382926941,0.2723783254623413,0.861885130405426,0.5722780227661133
167,4031,0.8498266339302063,0.389855295419693,,,,
168,4055,,,0.9501913785934448,0.2786228656768799,0.856916069984436,0.589706540107727
168,4055,0.8661527633666992,0.3752932548522949,,,,
169,4079,,,0.950353741645813,0.27861708402633667,0.8584268093109131,0.5903216004371643
169,4079,0.871120035648346,0.3711705505847931,,,,
170,4103,,,0.9585860371589661,0.2719596326351166,0.8207080364227295,0.5870350003242493
170,4103,0.8540262579917908,0.4072684049606323,,,,
171,4127,,,0.9431117177009583,0.26828837394714355,0.8386309742927551,0.5827341079711914
171,4127,0.8797327876091003,0.35451969504356384,,,,
172,4151,,,0.9503368735313416,0.2723786532878876,0.8666186928749084,0.544038712978363
172,4151,0.8677549362182617,0.359081894159317,,,,
173,4175,,,0.9441748857498169,0.26394832134246826,0.8156434893608093,0.6355701684951782
173,4175,0.8516595363616943,0.3691079914569855,,,,
174,4199,,,0.9510313272476196,0.267398864030838,0.7714613676071167,0.6754231452941895
174,4199,0.8542292714118958,0.389665812253952,,,,
175,4223,,,0.9314332604408264,0.2764575779438019,0.8302765488624573,0.6454623937606812
175,4223,0.8446653485298157,0.3833526372909546,,,,
176,4247,,,0.9511398077011108,0.2692843973636627,0.8195753693580627,0.6444937586784363
176,4247,0.8551805019378662,0.3850460350513458,,,,
177,4271,,,0.9664089679718018,0.25673770904541016,0.8268016576766968,0.6351985335350037
177,4271,0.8564328551292419,0.38304373621940613,,,,
178,4295,,,0.946340024471283,0.26257070899009705,0.7750409841537476,0.6697313785552979
178,4295,0.861424446105957,0.37359705567359924,,,,
179,4319,,,0.961809515953064,0.2598119378089905,0.7983461618423462,0.6454939842224121
179,4319,0.8522047996520996,0.36744341254234314,,,,
180,4343,,,0.9547812342643738,0.25750935077667236,0.8486519455909729,0.6159555315971375
180,4343,0.8600581288337708,0.3867354094982147,,,,
181,4367,,,0.9581736326217651,0.2593359351158142,0.8150643110275269,0.6396406888961792
181,4367,0.8505482077598572,0.38905397057533264,,,,
182,4391,,,0.9501441717147827,0.26475790143013,0.8043693900108337,0.658018171787262
182,4391,0.8740808367729187,0.34576210379600525,,,,
183,4415,,,0.9541093111038208,0.2603725790977478,0.8635527491569519,0.5970461964607239
183,4415,0.8528173565864563,0.37663212418556213,,,,
184,4439,,,0.9586536884307861,0.26665380597114563,0.8861684203147888,0.5865801572799683
184,4439,0.8689132332801819,0.35503485798835754,,,,
185,4463,,,0.9501441717147827,0.25964322686195374,0.8746168613433838,0.5978214144706726
185,4463,0.8674326539039612,0.3583117425441742,,,,
186,4487,,,0.9589523077011108,0.25797900557518005,0.8636992573738098,0.5959769487380981
186,4487,0.8718421459197998,0.3610590398311615,,,,
187,4511,,,0.9501441717147827,0.251959890127182,0.8574203848838806,0.6305128931999207
187,4511,0.8666608333587646,0.3579384982585907,,,,
188,4535,,,0.9623901844024658,0.24892430007457733,0.8397381901741028,0.619514524936676
188,4535,0.8540927767753601,0.3603127896785736,,,,
189,4559,,,0.9464548826217651,0.2472003996372223,0.8022069931030273,0.6847299933433533
189,4559,0.8638977408409119,0.3647420108318329,,,,
190,4583,,,0.9500908255577087,0.2561039626598358,0.8030996918678284,0.6885108947753906
190,4583,0.8645943999290466,0.3591563403606415,,,,
191,4607,,,0.9586935043334961,0.24089322984218597,0.7881117463111877,0.7167621850967407
191,4607,0.868687093257904,0.3411109149456024,,,,
192,4631,,,0.958024799823761,0.23920416831970215,0.8287081718444824,0.6511149406433105
192,4631,0.8749087452888489,0.35457953810691833,,,,
193,4655,,,0.946435809135437,0.24521099030971527,0.7776117920875549,0.7026165127754211
193,4655,0.8633277416229248,0.37102946639060974,,,,
194,4679,,,0.9589765667915344,0.23671051859855652,0.8845953941345215,0.57029789686203
194,4679,0.8766918778419495,0.3494860827922821,,,,
195,4703,,,0.9589548110961914,0.2372674196958542,0.8716446757316589,0.589937686920166
195,4703,0.8716256022453308,0.34269586205482483,,,,
196,4727,,,0.9627634882926941,0.24083128571510315,0.8229513168334961,0.6387802362442017
196,4727,0.8698388934135437,0.3540697991847992,,,,
197,4751,,,0.958682656288147,0.24380680918693542,0.780981719493866,0.7205405831336975
197,4751,0.86283278465271,0.34696558117866516,,,,
198,4775,,,0.9540504217147827,0.23594719171524048,0.7738847732543945,0.7379652857780457
198,4775,0.8840544819831848,0.3404906690120697,,,,
199,4799,,,0.9626613855361938,0.23004020750522614,0.8183780312538147,0.6211321353912354
199,4799,0.8928150534629822,0.3346817195415497,,,,
200,4823,,,0.9587494730949402,0.23044149577617645,0.8389841318130493,0.627944827079773
200,4823,0.872680127620697,0.35695016384124756,,,,
201,4847,,,0.9542086124420166,0.2563290596008301,0.8585938811302185,0.6359865665435791
201,4847,0.8733251690864563,0.3485679626464844,,,,
202,4871,,,0.958153247833252,0.2274889349937439,0.8456149697303772,0.6404824256896973
202,4871,0.8758240342140198,0.3427303731441498,,,,
203,4895,,,0.9658597707748413,0.2282266914844513,0.8186201453208923,0.6289114952087402
203,4895,0.8853421211242676,0.33691534399986267,,,,
204,4919,,,0.9503368735313416,0.22793005406856537,0.8549903631210327,0.6144750118255615
204,4919,0.8820511698722839,0.3211076557636261,,,,
205,4943,,,0.9625056385993958,0.22661413252353668,0.8202995657920837,0.6810600161552429
205,4943,0.884781539440155,0.349033921957016,,,,
206,4967,,,0.9581736326217651,0.2268371880054474,0.7911024689674377,0.6885440945625305
206,4967,0.8762606978416443,0.3469606935977936,,,,
207,4991,,,0.9510691165924072,0.2332591563463211,0.7659943103790283,0.740530252456665
207,4991,0.8797903060913086,0.35865283012390137,,,,
208,5015,,,0.950246274471283,0.23570196330547333,0.8027965426445007,0.6888448596000671
208,5015,0.8652485013008118,0.33684077858924866,,,,
209,5039,,,0.958819568157196,0.2300470769405365,0.8326653242111206,0.6231307983398438
209,5039,0.8763546943664551,0.3365044891834259,,,,
210,5063,,,0.9541659355163574,0.2265130579471588,0.7708353996276855,0.7116848230361938
210,5063,0.8800458908081055,0.3430745601654053,,,,
211,5087,,,0.9580479264259338,0.2256709635257721,0.8101029992103577,0.6889060139656067
211,5087,0.8820447325706482,0.3273272216320038,,,,
212,5111,,,0.9581068754196167,0.21579411625862122,0.8138706684112549,0.6681271195411682
212,5111,0.8732855319976807,0.32745182514190674,,,,
213,5135,,,0.9588572382926941,0.22760963439941406,0.8379604816436768,0.6422015428543091
213,5135,0.8905846476554871,0.3545064628124237,,,,
214,5159,,,0.9549371004104614,0.2293165922164917,0.7759124636650085,0.7011947631835938
214,5159,0.8598282337188721,0.37145665287971497,,,,
215,5183,,,0.9542712569236755,0.23249050974845886,0.8006539940834045,0.6787532567977905
215,5183,0.8568359017372131,0.3655760586261749,,,,
216,5207,,,0.9620556235313416,0.23611614108085632,0.851725161075592,0.6339254379272461
216,5207,0.8766475319862366,0.3640698194503784,,,,
217,5231,,,0.9466545581817627,0.22953449189662933,0.8163208365440369,0.6887845993041992
217,5231,0.8735718727111816,0.345070481300354,,,,
218,5255,,,0.9586536884307861,0.23226413130760193,0.8496217131614685,0.6116325259208679
218,5255,0.866753101348877,0.3585747182369232,,,,
219,5279,,,0.9665676355361938,0.22204583883285522,0.7985901236534119,0.6580536365509033
219,5279,0.8879010081291199,0.32188162207603455,,,,
220,5303,,,0.9514701962471008,0.2237943708896637,0.8166773915290833,0.6788346767425537
220,5303,0.8848779201507568,0.33480584621429443,,,,
221,5327,,,0.9579700827598572,0.2210056632757187,0.7936322689056396,0.7388745546340942
221,5327,0.8936395049095154,0.3037257194519043,,,,
222,5351,,,0.9580581188201904,0.21555477380752563,0.8001110553741455,0.7219969630241394
222,5351,0.8781814575195312,0.34395208954811096,,,,
223,5375,,,0.9587557911872864,0.21623915433883667,0.8299572467803955,0.6309317946434021
223,5375,0.8936219215393066,0.31572750210762024,,,,
224,5399,,,0.9665299654006958,0.21271008253097534,0.8593358993530273,0.636112630367279
224,5399,0.8854494094848633,0.3332522213459015,,,,
225,5423,,,0.954913318157196,0.2202439308166504,0.8301956057548523,0.6376583576202393
225,5423,0.8825222849845886,0.33913853764533997,,,,
226,5447,,,0.9470605850219727,0.22873565554618835,0.8630672097206116,0.6114605069160461
226,5447,0.8875005841255188,0.33933934569358826,,,,
227,5471,,,0.9503477215766907,0.2166120707988739,0.8145756721496582,0.6818460822105408
227,5471,0.8815250396728516,0.3410285711288452,,,,
228,5495,,,0.9626613855361938,0.22319214046001434,0.8208267688751221,0.6709743738174438
228,5495,0.8801921010017395,0.3435717821121216,,,,
229,5519,,,0.958824872970581,0.21227599680423737,0.7754434943199158,0.8178372979164124
229,5519,0.9001628756523132,0.3092723786830902,,,,
230,5543,,,0.9665676355361938,0.2060948610305786,0.8041417598724365,0.7156691551208496
230,5543,0.8860628008842468,0.3373667001724243,,,,
231,5567,,,0.9626479744911194,0.21508941054344177,0.8131062984466553,0.6650655269622803
231,5567,0.8883318901062012,0.32128483057022095,,,,
232,5591,,,0.95037841796875,0.21451732516288757,0.8338873982429504,0.6552001237869263
232,5591,0.8843759894371033,0.3208080530166626,,,,
233,5615,,,0.9666792154312134,0.21455788612365723,0.8062166571617126,0.6787841320037842
233,5615,0.8803549408912659,0.33799877762794495,,,,
234,5639,,,0.9702932238578796,0.20941728353500366,0.7894375324249268,0.7405977845191956
234,5639,0.9036688804626465,0.3031724691390991,,,,
235,5663,,,0.9664419293403625,0.20776677131652832,0.8295462131500244,0.6928279399871826
235,5663,0.8910024166107178,0.3280690312385559,,,,
236,5687,,,0.9588176608085632,0.21438013017177582,0.82126384973526,0.6997551918029785
236,5687,0.8874537944793701,0.32689228653907776,,,,
237,5711,,,0.954261064529419,0.2105855792760849,0.8227474093437195,0.6481400728225708
237,5711,0.8859888911247253,0.3308198153972626,,,,
238,5735,,,0.9701917767524719,0.21018782258033752,0.82415372133255,0.6711083650588989
238,5735,0.8793108463287354,0.342250257730484,,,,
239,5759,,,0.9665676355361938,0.20757904648780823,0.7956181764602661,0.773377537727356
239,5759,0.8878157734870911,0.31771203875541687,,,,
240,5783,,,0.9510486125946045,0.2107200026512146,0.8160459995269775,0.6795876026153564
240,5783,0.8935840129852295,0.2970859408378601,,,,
241,5807,,,0.9581736326217651,0.2088213413953781,0.7525836229324341,0.7872048616409302
241,5807,0.8870342373847961,0.3304237425327301,,,,
242,5831,,,0.9666454792022705,0.2043566107749939,0.8066710829734802,0.7052910327911377
242,5831,0.8862824440002441,0.3218189477920532,,,,
243,5855,,,0.9626377820968628,0.20547622442245483,0.8645878434181213,0.6428822875022888
243,5855,0.8944017291069031,0.31204327940940857,,,,
244,5879,,,0.9626014232635498,0.2090354859828949,0.8404082655906677,0.6473140120506287
244,5879,0.8901107311248779,0.3290477991104126,,,,
245,5903,,,0.9504308700561523,0.19786246120929718,0.8452997803688049,0.6357531547546387
245,5903,0.8961877226829529,0.30097496509552,,,,
246,5927,,,0.9590035676956177,0.20695342123508453,0.819084644317627,0.646812379360199
246,5927,0.8779684901237488,0.35118064284324646,,,,
247,5951,,,0.9703174829483032,0.19169950485229492,0.7940974831581116,0.7035849094390869
247,5951,0.8958864808082581,0.3022518455982208,,,,
248,5975,,,0.9548171758651733,0.20420458912849426,0.7726837396621704,0.759080171585083
248,5975,0.8800713419914246,0.3376061022281647,,,,
249,5999,,,0.9665676355361938,0.19652163982391357,0.7783355116844177,0.7814322710037231
249,5999,0.8951902985572815,0.31291627883911133,,,,
250,6023,,,0.9582852125167847,0.1989406794309616,0.7896581888198853,0.750941812992096
250,6023,0.9015073180198669,0.3099309504032135,,,,
251,6047,,,0.9619777798652649,0.19552162289619446,0.8215874433517456,0.7210570573806763
251,6047,0.8963790535926819,0.3278003931045532,,,,
252,6071,,,0.9665299654006958,0.2055802047252655,0.8145052194595337,0.7217118740081787
252,6071,0.8968412280082703,0.2928362786769867,,,,
253,6095,,,0.9666627049446106,0.19610892236232758,0.8617807626724243,0.6731602549552917
253,6095,0.8945090770721436,0.29855018854141235,,,,
254,6119,,,0.9580581188201904,0.19683389365673065,0.7719650268554688,0.7928275465965271
254,6119,0.8797512054443359,0.31686803698539734,,,,
255,6143,,,0.9627634882926941,0.19774672389030457,0.754878580570221,0.8839564323425293
255,6143,0.8839529156684875,0.31503239274024963,,,,
256,6167,,,0.9666454792022705,0.19008424878120422,0.8356339335441589,0.684173047542572
256,6167,0.882704496383667,0.3111414909362793,,,,
257,6191,,,0.9665133357048035,0.19237975776195526,0.8026960492134094,0.7449490427970886
257,6191,0.8893661499023438,0.29471683502197266,,,,
258,6215,,,0.9703174829483032,0.19236688315868378,0.8506871461868286,0.6314483284950256
258,6215,0.8936502933502197,0.3144504725933075,,,,
259,6239,,,0.9741994738578796,0.18909044563770294,0.7803219556808472,0.7921710014343262
259,6239,0.8906944394111633,0.32196900248527527,,,,
260,6263,,,0.9626224040985107,0.1944553703069687,0.8074296712875366,0.7250834107398987
260,6263,0.8871796131134033,0.31151822209358215,,,,
261,6287,,,0.962725818157196,0.19030988216400146,0.8095095157623291,0.7710406184196472
261,6287,0.8834588527679443,0.3310239613056183,,,,
262,6311,,,0.9657387137413025,0.19193129241466522,0.8465117812156677,0.6090489029884338
262,6311,0.8906905651092529,0.3103902041912079,,,,
263,6335,,,0.9582603573799133,0.19657447934150696,0.8142468929290771,0.7285305261611938
263,6335,0.9048656821250916,0.28683707118034363,,,,
264,6359,,,0.9705063104629517,0.18793918192386627,0.8130917549133301,0.7228264808654785
264,6359,0.9011747241020203,0.31939542293548584,,,,
265,6383,,,0.9627807140350342,0.18876837193965912,0.8302342891693115,0.6236774921417236
265,6383,0.9063443541526794,0.30708402395248413,,,,
266,6407,,,0.9742600917816162,0.18930155038833618,0.762163519859314,0.856643557548523
266,6407,0.8840959668159485,0.296520471572876,,,,
267,6431,,,0.9741994738578796,0.18846841156482697,0.7801671028137207,0.8026127815246582
267,6431,0.9084191918373108,0.289924293756485,,,,
268,6455,,,0.9665676355361938,0.1835954636335373,0.818589985370636,0.6600693464279175
268,6455,0.9036852717399597,0.32348307967185974,,,,
269,6479,,,0.9666454792022705,0.18467870354652405,0.814030110836029,0.696722149848938
269,6479,0.9049041271209717,0.2883521020412445,,,,
270,6503,,,0.9704496264457703,0.18736158311367035,0.8334052562713623,0.6676775217056274
270,6503,0.9012806415557861,0.29785290360450745,,,,
271,6527,,,0.9742600917816162,0.1864570528268814,0.8506283164024353,0.6529661417007446
271,6527,0.9109845757484436,0.28022798895835876,,,,
272,6551,,,0.9588438272476196,0.18349763751029968,0.8634610176086426,0.6281642913818359
272,6551,0.8993020057678223,0.3053330183029175,,,,
273,6575,,,0.9665676355361938,0.1878165602684021,0.7960321307182312,0.7395913600921631
273,6575,0.9052093625068665,0.278079092502594,,,,
274,6599,,,0.9666454792022705,0.18911714851856232,0.8255653381347656,0.6707912683486938
274,6599,0.902296781539917,0.2984871566295624,,,,
275,6623,,,0.9540638327598572,0.1827898770570755,0.8047417998313904,0.7648745179176331
275,6623,0.902590274810791,0.2956527769565582,,,,
276,6647,,,0.9704496264457703,0.18021002411842346,0.7925467491149902,0.7327594757080078
276,6647,0.8996975421905518,0.29275813698768616,,,,
277,6671,,,0.9665299654006958,0.17911258339881897,0.794103741645813,0.751891553401947
277,6671,0.899761974811554,0.2819817364215851,,,,
278,6695,,,0.9667194485664368,0.19120536744594574,0.841756284236908,0.6518789529800415
278,6695,0.8871511816978455,0.33063948154449463,,,,
279,6719,,,0.9740784764289856,0.18425653874874115,0.7683122158050537,0.7857230305671692
279,6719,0.889035165309906,0.3024263083934784,,,,
280,6743,,,0.9664890766143799,0.18989154696464539,0.7946841716766357,0.7973695993423462
280,6743,0.9135584831237793,0.28535398840904236,,,,
281,6767,,,0.9665676355361938,0.18154539167881012,0.8426602482795715,0.6943863034248352
281,6767,0.8840792775154114,0.31901904940605164,,,,
282,6791,,,0.9704496264457703,0.176054447889328,0.8012928366661072,0.8083547353744507
282,6791,0.8929259181022644,0.29799580574035645,,,,
283,6815,,,0.9704496264457703,0.18329766392707825,0.7709172368049622,0.7789044380187988
283,6815,0.8985974192619324,0.28871023654937744,,,,
284,6839,,,0.9705970287322998,0.17864325642585754,0.8654193878173828,0.593499481678009
284,6839,0.8890377879142761,0.3100382387638092,,,,
285,6863,,,0.9740584492683411,0.18940095603466034,0.8495147824287415,0.6382226943969727
285,6863,0.9023973345756531,0.28929904103279114,,,,
286,6887,,,0.9741994738578796,0.17403613030910492,0.8276945948600769,0.6882181763648987
286,6887,0.9026408195495605,0.2812080383300781,,,,
287,6911,,,0.9744011759757996,0.1734030544757843,0.7948818206787109,0.7669545412063599
287,6911,0.9036206603050232,0.2922861874103546,,,,
288,6935,,,0.9741994738578796,0.17469578981399536,0.8236010074615479,0.7099471092224121
288,6935,0.8935616612434387,0.28194883465766907,,,,
289,6959,,,0.9741994738578796,0.17778244614601135,0.8287407159805298,0.6840419769287109
289,6959,0.904634416103363,0.3123815059661865,,,,
290,6983,,,0.9704496264457703,0.1732824146747589,0.8326367735862732,0.6758518218994141
290,6983,0.9094292521476746,0.28033068776130676,,,,
291,7007,,,0.9665676355361938,0.18124131858348846,0.8174124360084534,0.7458271384239197
291,7007,0.911346435546875,0.2774788439273834,,,,
292,7031,,,0.9628922939300537,0.17411035299301147,0.7469484210014343,0.8393328189849854
292,7031,0.890437126159668,0.31053805351257324,,,,
293,7055,,,0.9742831587791443,0.17287680506706238,0.8271379470825195,0.6950443387031555
293,7055,0.9101818203926086,0.2920290529727936,,,,
294,7079,,,0.9705970287322998,0.18018589913845062,0.7823920249938965,0.7574456334114075
294,7079,0.9094405174255371,0.29432159662246704,,,,
295,7103,,,0.9666627049446106,0.17903156578540802,0.7819845676422119,0.8223846554756165
295,7103,0.9156747460365295,0.2770634889602661,,,,
296,7127,,,0.9666627049446106,0.1745816171169281,0.8656035661697388,0.6217648386955261
296,7127,0.8970453143119812,0.2951589822769165,,,,
297,7151,,,0.9666627049446106,0.17086157202720642,0.8221135139465332,0.7764979600906372
297,7151,0.9129395484924316,0.2612329125404358,,,,
298,7175,,,0.9703953266143799,0.1707897186279297,0.7836081385612488,0.7613880038261414
298,7175,0.9172038435935974,0.28409215807914734,,,,
299,7199,,,0.9743777513504028,0.17043691873550415,0.7480472326278687,0.8360263109207153
299,7199,0.8964110016822815,0.284984827041626,,,,
300,7223,,,0.9665676355361938,0.16847294569015503,0.8599551320075989,0.644514799118042
300,7223,0.893306314945221,0.2910061776638031,,,,
301,7247,,,0.9706278443336487,0.17399391531944275,0.7900216579437256,0.835548996925354
301,7247,0.903968870639801,0.27728185057640076,,,,
302,7271,,,0.9701917767524719,0.16311003267765045,0.7407388687133789,0.9033783674240112
302,7271,0.9046466946601868,0.28986820578575134,,,,
303,7295,,,0.9659164547920227,0.16653795540332794,0.8138272762298584,0.7036775946617126
303,7295,0.8926600813865662,0.2928871810436249,,,,
304,7319,,,0.9626070857048035,0.16767627000808716,0.8150271773338318,0.704677402973175
304,7319,0.92431640625,0.2539338171482086,,,,
305,7343,,,0.9781510233879089,0.16226999461650848,0.8415858745574951,0.6772971153259277
305,7343,0.9009667038917542,0.29646196961402893,,,,
306,7367,,,0.974457859992981,0.16454161703586578,0.867446780204773,0.7013601064682007
306,7367,0.9211164116859436,0.26243624091148376,,,,
307,7391,,,0.9703391790390015,0.16731086373329163,0.8478144407272339,0.6411117911338806
307,7391,0.8823407292366028,0.3098922371864319,,,,
308,7415,,,0.9741994738578796,0.1610017716884613,0.8191099762916565,0.6843390464782715
308,7415,0.9163246750831604,0.2614764869213104,,,,
309,7439,,,0.9744011759757996,0.17178834974765778,0.8011166453361511,0.754612386226654
309,7439,0.8965842723846436,0.29057225584983826,,,,
310,7463,,,0.9627392292022705,0.1745404154062271,0.7795121669769287,0.8175959587097168
310,7463,0.9122753143310547,0.2855776846408844,,,,
311,7487,,,0.9741994738578796,0.16458088159561157,0.851693868637085,0.6910654306411743
311,7487,0.8928934931755066,0.29419752955436707,,,,
312,7511,,,0.9665433764457703,0.16633595526218414,0.7845591306686401,0.7991313338279724
312,7511,0.9007778763771057,0.28227874636650085,,,,
313,7535,,,0.9741600155830383,0.15809014439582825,0.8304112553596497,0.6919761896133423
313,7535,0.9274627566337585,0.27724066376686096,,,,
314,7559,,,0.9740279316902161,0.1616131067276001,0.7798233032226562,0.7798783779144287
314,7559,0.9102320075035095,0.29008835554122925,,,,
315,7583,,,0.9704496264457703,0.16991005837917328,0.8326032757759094,0.702824592590332
315,7583,0.9121883511543274,0.2567303478717804,,,,
316,7607,,,0.9741994738578796,0.16373592615127563,0.8342072367668152,0.651711106300354
316,7607,0.903186023235321,0.2848021984100342,,,,
317,7631,,,0.9665133357048035,0.16624945402145386,0.811211109161377,0.7692476511001587
317,7631,0.9084751605987549,0.27123400568962097,,,,
318,7655,,,0.9665133357048035,0.16741904616355896,0.7939465045928955,0.7332378029823303
318,7655,0.8849694132804871,0.3133423924446106,,,,
319,7679,,,0.9742831587791443,0.16931162774562836,0.8451483249664307,0.6262590289115906
319,7679,0.9173645377159119,0.2653445899486542,,,,
320,7703,,,0.9703174829483032,0.1582135707139969,0.829716682434082,0.6880707740783691
320,7703,0.905330240726471,0.2633180320262909,,,,
321,7727,,,0.9703953266143799,0.1618744283914566,0.8608044981956482,0.6491522789001465
321,7727,0.9149482250213623,0.26373881101608276,,,,
322,7751,,,0.9741994738578796,0.15597522258758545,0.8231987357139587,0.7123597860336304
322,7751,0.9014661908149719,0.3075654208660126,,,,
323,7775,,,0.9742831587791443,0.15795421600341797,0.8064197301864624,0.7087293863296509
323,7775,0.9150515198707581,0.3077983260154724,,,,
324,7799,,,0.9617793560028076,0.16339311003684998,0.8107503652572632,0.7154368758201599
324,7799,0.9019960761070251,0.2818726599216461,,,,
325,7823,,,0.9704496264457703,0.16756600141525269,0.8069525957107544,0.7591687440872192
325,7823,0.9110891819000244,0.2527141869068146,,,,
326,7847,,,0.9821199178695679,0.1546192169189453,0.8422067165374756,0.7241214513778687
326,7847,0.894450843334198,0.296726793050766,,,,
327,7871,,,0.9742831587791443,0.15602347254753113,0.8305653929710388,0.7251703143119812
327,7871,0.9031254649162292,0.2641219198703766,,,,
328,7895,,,0.9819182753562927,0.1500994712114334,0.8198638558387756,0.7198011875152588
328,7895,0.9093387722969055,0.2789379060268402,,,,
329,7919,,,0.9702632427215576,0.1641741693019867,0.7722147703170776,0.8492361903190613
329,7919,0.8929670453071594,0.2902568578720093,,,,
330,7943,,,0.9741994738578796,0.15865497291088104,0.7567157745361328,0.8643248677253723
330,7943,0.9197030663490295,0.2548536956310272,,,,
331,7967,,,0.9704790115356445,0.154788076877594,0.7995214462280273,0.8095263838768005
331,7967,0.9122611880302429,0.2667829692363739,,,,
332,7991,,,0.9703953266143799,0.16730953752994537,0.7540522813796997,0.8932175636291504
332,7991,0.9061662554740906,0.27158159017562866,,,,
333,8015,,,0.9704126119613647,0.15745344758033752,0.7959669232368469,0.7873123288154602
333,8015,0.9052948355674744,0.2690732777118683,,,,
334,8039,,,0.9781510233879089,0.1568804234266281,0.8269762396812439,0.6293925642967224
334,8039,0.9063228964805603,0.27490612864494324,,,,
335,8063,,,0.9781510233879089,0.15730321407318115,0.7650858163833618,0.8112415671348572
335,8063,0.9110379815101624,0.2590424120426178,,,,
336,8087,,,0.9781510233879089,0.15908679366111755,0.7540922164916992,0.8751050233840942
336,8087,0.902547299861908,0.2795013189315796,,,,
337,8111,,,0.9703174829483032,0.15566560626029968,0.8163482546806335,0.7722042202949524
337,8111,0.9085982441902161,0.2778362035751343,,,,
338,8135,,,0.9741994738578796,0.1514112800359726,0.7792309522628784,0.8120318055152893
338,8135,0.9175437092781067,0.25771915912628174,,,,
339,8159,,,0.9781510233879089,0.14778439700603485,0.7431049346923828,1.0286593437194824
339,8159,0.9177541136741638,0.2638050615787506,,,,
340,8183,,,0.9781510233879089,0.15368814766407013,0.774922251701355,0.9103291630744934
340,8183,0.903322696685791,0.28377261757850647,,,,
341,8207,,,0.9741994738578796,0.1519913524389267,0.8177486062049866,0.7377592325210571
341,8207,0.9102005362510681,0.27590328454971313,,,,
342,8231,,,0.9743468761444092,0.14526577293872833,0.8150132894515991,0.7114685773849487
342,8231,0.9204649925231934,0.25277718901634216,,,,
343,8255,,,0.9742831587791443,0.14929251372814178,0.8551594614982605,0.6236376166343689
343,8255,0.9121410846710205,0.2762613594532013,,,,
344,8279,,,0.9741994738578796,0.15553252398967743,0.8667029142379761,0.6312792301177979
344,8279,0.9133170247077942,0.267686665058136,,,,
345,8303,,,0.9664890766143799,0.15793514251708984,0.8005991578102112,0.7113673090934753
345,8303,0.9124048352241516,0.2651664912700653,,,,
346,8327,,,0.9779099225997925,0.14923347532749176,0.8627461791038513,0.6500647664070129
346,8327,0.91805100440979,0.2553706765174866,,,,
347,8351,,,0.9781510233879089,0.15225666761398315,0.774452805519104,0.8016272187232971
347,8351,0.9184641242027283,0.255888432264328,,,,
348,8375,,,0.9781510233879089,0.14752225577831268,0.7722401022911072,0.8284696340560913
348,8375,0.907100260257721,0.2709139287471771,,,,
349,8399,,,0.9820119738578796,0.14287617802619934,0.8180881142616272,0.7017067670822144
349,8399,0.9061200618743896,0.2678646147251129,,,,
350,8423,,,0.9703174829483032,0.15411905944347382,0.7776799201965332,0.8047836422920227
350,8423,0.9263791441917419,0.2500448524951935,,,,
351,8447,,,0.9781510233879089,0.14284013211727142,0.7572818994522095,0.8364116549491882
351,8447,0.9218012690544128,0.2553665339946747,,,,
352,8471,,,0.9779493808746338,0.1430172473192215,0.8122913837432861,0.735115647315979
352,8471,0.9216832518577576,0.25983986258506775,,,,
353,8495,,,0.9743468761444092,0.14551761746406555,0.8439543843269348,0.680263102054596
353,8495,0.927093505859375,0.25489893555641174,,,,
354,8519,,,0.9819009304046631,0.14657224714756012,0.8107538223266602,0.7119312882423401
354,8519,0.9039590954780579,0.28585681319236755,,,,
355,8543,,,0.9819009304046631,0.14266981184482574,0.8310295939445496,0.6781982779502869
355,8543,0.9059036374092102,0.2651711702346802,,,,
356,8567,,,0.9819009304046631,0.14413553476333618,0.8206823468208313,0.7184888124465942
356,8567,0.9201696515083313,0.2724178731441498,,,,
357,8591,,,0.9741994738578796,0.15129229426383972,0.8202138543128967,0.7352659106254578
357,8591,0.9218422770500183,0.25688430666923523,,,,
358,8615,,,0.9779099225997925,0.14455856382846832,0.8172963261604309,0.7361122369766235
358,8615,0.912590742111206,0.26530882716178894,,,,
359,8639,,,0.9741994738578796,0.1416761875152588,0.7711914777755737,0.8235276341438293
359,8639,0.9138780236244202,0.26694580912590027,,,,
360,8663,,,0.9741994738578796,0.1411782205104828,0.8684481978416443,0.6375632286071777
360,8663,0.9029520153999329,0.2572772800922394,,,,
361,8687,,,0.9781510233879089,0.13746142387390137,0.8578158020973206,0.619879961013794
361,8687,0.9227177500724792,0.24627657234668732,,,,
362,8711,,,0.9702932238578796,0.1455584168434143,0.8174550533294678,0.6703765392303467
362,8711,0.9252803325653076,0.2596759498119354,,,,
363,8735,,,0.9781510233879089,0.13691839575767517,0.8251734375953674,0.6491534113883972
363,8735,0.9181846976280212,0.25815603137016296,,,,
364,8759,,,0.9781510233879089,0.14241346716880798,0.8835322856903076,0.6072906851768494
364,8759,0.9176068305969238,0.26206937432289124,,,,
365,8783,,,0.9743468761444092,0.13930769264698029,0.7681143283843994,0.9034925699234009
365,8783,0.9169125556945801,0.2590455710887909,,,,
366,8807,,,0.9779493808746338,0.1458342969417572,0.8344343900680542,0.7023302316665649
366,8807,0.9169971942901611,0.26972395181655884,,,,
367,8831,,,0.9742447733879089,0.14845307171344757,0.8072010278701782,0.7457045316696167
367,8831,0.901914656162262,0.2685687839984894,,,,
368,8855,,,0.9781510233879089,0.13901418447494507,0.7651714086532593,0.9239103198051453
368,8855,0.906693160533905,0.2728210389614105,,,,
369,8879,,,0.9781510233879089,0.13816232979297638,0.7834568619728088,0.770580530166626
369,8879,0.9167926907539368,0.2757440507411957,,,,
370,8903,,,0.9703085422515869,0.14210496842861176,0.7861217856407166,0.7578953504562378
370,8903,0.9044427871704102,0.2834911644458771,,,,
371,8927,,,0.9744319915771484,0.14977335929870605,0.863521933555603,0.6549878716468811
371,8927,0.9121612906455994,0.26477766036987305,,,,
372,8951,,,0.9779493808746338,0.1491939127445221,0.8412907123565674,0.6437362432479858
372,8951,0.9105315208435059,0.2761838138103485,,,,
373,8975,,,0.977764368057251,0.14809520542621613,0.8224096894264221,0.737483561038971
373,8975,0.9049500823020935,0.2904972434043884,,,,
374,8999,,,0.9703953266143799,0.14571157097816467,0.8625315427780151,0.6925191879272461
374,8999,0.9220572113990784,0.24079708755016327,,,,
375,9023,,,0.9741395711898804,0.14240580797195435,0.8299464583396912,0.6831501722335815
375,9023,0.9213624000549316,0.2511007785797119,,,,
376,9047,,,0.978057324886322,0.14224891364574432,0.8722953200340271,0.6313764452934265
376,9047,0.907041072845459,0.2784971594810486,,,,
377,9071,,,0.9741994738578796,0.13464415073394775,0.8403697609901428,0.6533876657485962
377,9071,0.9196779131889343,0.26007625460624695,,,,
378,9095,,,0.9818614721298218,0.1372212916612625,0.7954868078231812,0.7268692851066589
378,9095,0.9156603217124939,0.25283172726631165,,,,
379,9119,,,0.9818614721298218,0.14298921823501587,0.7932014465332031,0.780972421169281
379,9119,0.9098169207572937,0.2755461633205414,,,,
380,9143,,,0.9781510233879089,0.14391283690929413,0.8328157067298889,0.7187206149101257
380,9143,0.9339463710784912,0.2460332065820694,,,,
381,9167,,,0.9781510233879089,0.1384231150150299,0.8103681206703186,0.7208157777786255
381,9167,0.9040022492408752,0.2530909478664398,,,,
382,9191,,,0.9818614721298218,0.14231711626052856,0.8220627903938293,0.7122535109519958
382,9191,0.919687032699585,0.2664114832878113,,,,
383,9215,,,0.9779946804046631,0.12960068881511688,0.7738957405090332,0.8183465600013733
383,9215,0.9362624287605286,0.2510582506656647,,,,
384,9239,,,0.9779946804046631,0.13415580987930298,0.7606356143951416,0.8754377961158752
384,9239,0.917398989200592,0.23890525102615356,,,,
385,9263,,,0.9781510233879089,0.14313451945781708,0.787615180015564,0.7943114638328552
385,9263,0.9179245829582214,0.2513149678707123,,,,
386,9287,,,0.9818614721298218,0.13564644753932953,0.8372014760971069,0.7503700256347656
386,9287,0.9218118190765381,0.24847251176834106,,,,
387,9311,,,0.9741994738578796,0.14150862395763397,0.8533672094345093,0.6887679100036621
387,9311,0.9241178035736084,0.23099136352539062,,,,
388,9335,,,0.9781510233879089,0.13474103808403015,0.8872565031051636,0.6150953769683838
388,9335,0.9259213805198669,0.25108206272125244,,,,
389,9359,,,0.9818614721298218,0.14103840291500092,0.7684286236763,0.7992467880249023
389,9359,0.9286217093467712,0.2623385488986969,,,,
390,9383,,,0.981963574886322,0.14292730391025543,0.8108491897583008,0.7520244717597961
390,9383,0.9445716738700867,0.21684084832668304,,,,
391,9407,,,0.9818614721298218,0.13410153985023499,0.8695987462997437,0.6062543392181396
391,9407,0.9097080230712891,0.2623753845691681,,,,
392,9431,,,0.9818614721298218,0.14001232385635376,0.8405916094779968,0.6731327176094055
392,9431,0.9125325083732605,0.26017576456069946,,,,
393,9455,,,0.9781510233879089,0.13096565008163452,0.7889876961708069,0.8121402859687805
393,9455,0.9117855429649353,0.28762805461883545,,,,
394,9479,,,0.9857224225997925,0.12624037265777588,0.8393498063087463,0.7309018969535828
394,9479,0.9244717955589294,0.25661733746528625,,,,
395,9503,,,0.9818614721298218,0.12680938839912415,0.7822561860084534,0.870539665222168
395,9503,0.9278615117073059,0.24195532500743866,,,,
396,9527,,,0.9820119738578796,0.1274147778749466,0.7905932664871216,0.7678521871566772
396,9527,0.912457287311554,0.2610556185245514,,,,
397,9551,,,0.9781510233879089,0.13624627888202667,0.8764573335647583,0.5993337035179138
397,9551,0.9243683815002441,0.2519571781158447,,,,
398,9575,,,0.9857224225997925,0.12481739372015,0.8744504451751709,0.6778262853622437
398,9575,0.9298686385154724,0.2249128371477127,,,,
399,9599,,,0.9897307753562927,0.12417103350162506,0.8494570851325989,0.6612069010734558
399,9599,0.9236893653869629,0.24985788762569427,,,,
400,9623,,,0.9779099225997925,0.13093997538089752,0.8045943379402161,0.7994281053543091
400,9623,0.932263195514679,0.23210419714450836,,,,
401,9647,,,0.9781510233879089,0.13097690045833588,0.8220113515853882,0.7208667993545532
401,9647,0.9206330180168152,0.23393797874450684,,,,
402,9671,,,0.9741994738578796,0.13673576712608337,0.8563661575317383,0.6839102506637573
402,9671,0.9251112341880798,0.23608200252056122,,,,
403,9695,,,0.9818614721298218,0.12855671346187592,0.8483313322067261,0.6898807883262634
403,9695,0.9184101223945618,0.24250183999538422,,,,
404,9719,,,0.9857618808746338,0.12785184383392334,0.8226876258850098,0.7564176321029663
404,9719,0.9098465442657471,0.2559308707714081,,,,
405,9743,,,0.9781510233879089,0.13456608355045319,0.8559887409210205,0.6402020454406738
405,9743,0.9254551529884338,0.2614603340625763,,,,
406,9767,,,0.977764368057251,0.13136565685272217,0.7928971648216248,0.7915040850639343
406,9767,0.9145858287811279,0.24023650586605072,,,,
407,9791,,,0.9819009304046631,0.12990231812000275,0.7753111124038696,0.8176918029785156
407,9791,0.9235854744911194,0.24207334220409393,,,,
408,9815,,,0.9782078266143799,0.12661826610565186,0.77365642786026,0.9015092849731445
408,9815,0.9159078598022461,0.2593478560447693,,,,
409,9839,,,0.9818614721298218,0.12496542185544968,0.7934550046920776,0.7753974199295044
409,9839,0.928612232208252,0.2644692063331604,,,,
410,9863,,,0.9817942976951599,0.12439912557601929,0.8731725215911865,0.6250451803207397
410,9863,0.9087339043617249,0.27602729201316833,,,,
411,9887,,,0.9781424403190613,0.13473254442214966,0.7883020639419556,0.7536451816558838
411,9887,0.9180008769035339,0.24906331300735474,,,,
412,9911,,,0.9897307753562927,0.12395763397216797,0.8095602989196777,0.7176909446716309
412,9911,0.9119990468025208,0.26845261454582214,,,,
413,9935,,,0.9781510233879089,0.13172322511672974,0.8023074865341187,0.7496513724327087
413,9935,0.9246202111244202,0.25693178176879883,,,,
414,9959,,,0.9781510233879089,0.12999887764453888,0.7724201083183289,0.8094693422317505
414,9959,0.9202499389648438,0.23680377006530762,,,,
415,9983,,,0.9818614721298218,0.12612256407737732,0.7437368631362915,0.94184809923172
415,9983,0.9218087792396545,0.2432907223701477,,,,
416,10007,,,0.9818614721298218,0.12236813455820084,0.7832052707672119,0.807451069355011
416,10007,0.9189879894256592,0.25279149413108826,,,,
417,10031,,,0.9819182753562927,0.12495768070220947,0.8206853866577148,0.701877772808075
417,10031,0.9186134338378906,0.2697736322879791,,,,
418,10055,,,0.9781510233879089,0.12746049463748932,0.8324973583221436,0.6870838403701782
418,10055,0.9375119209289551,0.23726506531238556,,,,
419,10079,,,0.9819009304046631,0.1259101778268814,0.8551999926567078,0.6448264718055725
419,10079,0.9138070940971375,0.25711581110954285,,,,
420,10103,,,0.9819182753562927,0.12314477562904358,0.857368528842926,0.6224292516708374
420,10103,0.9165764451026917,0.2544541656970978,,,,
421,10127,,,0.9819009304046631,0.1295822560787201,0.7925262451171875,0.8739233016967773
421,10127,0.9311535358428955,0.24304284155368805,,,,
422,10151,,,0.9819009304046631,0.12009356170892715,0.8345587253570557,0.6718940734863281
422,10151,0.9320857524871826,0.2290864735841751,,,,
423,10175,,,0.9781510233879089,0.12880092859268188,0.8436604142189026,0.6834392547607422
423,10175,0.9350290298461914,0.22652281820774078,,,,
424,10199,,,0.9822611808776855,0.11843208968639374,0.8028180003166199,0.7892059683799744
424,10199,0.9381973147392273,0.23611296713352203,,,,
425,10223,,,0.9780967831611633,0.12570828199386597,0.7441524267196655,0.9950422048568726
425,10223,0.9126380085945129,0.25735941529273987,,,,
426,10247,,,0.9818614721298218,0.12653303146362305,0.7932177782058716,0.8002123236656189
426,10247,0.9146215915679932,0.25740399956703186,,,,
427,10271,,,0.9781510233879089,0.1263999342918396,0.8825699090957642,0.6303273439407349
427,10271,0.9239315986633301,0.24312569200992584,,,,
428,10295,,,0.9857224225997925,0.12144292145967484,0.8059489130973816,0.7228721380233765
428,10295,0.9169607758522034,0.2506723403930664,,,,
429,10319,,,0.9818614721298218,0.12421009689569473,0.8271585702896118,0.7355456352233887
429,10319,0.9335110783576965,0.22301822900772095,,,,
430,10343,,,0.9819009304046631,0.12215499579906464,0.7817952632904053,0.8752809166908264
430,10343,0.9369845986366272,0.20811808109283447,,,,
431,10367,,,0.9703953266143799,0.13058967888355255,0.8312263488769531,0.6421016454696655
431,10367,0.9188663959503174,0.23745320737361908,,,,
432,10391,,,0.9780838489532471,0.13133178651332855,0.7947508096694946,0.7426523566246033
432,10391,0.9192807674407959,0.25619855523109436,,,,
433,10415,,,0.9818614721298218,0.12320692092180252,0.8010655045509338,0.7889047265052795
433,10415,0.9235740303993225,0.22954581677913666,,,,
434,10439,,,0.9857618808746338,0.11834549158811569,0.8489290475845337,0.6887462139129639
434,10439,0.9354798197746277,0.2224256843328476,,,,
435,10463,,,0.9818614721298218,0.12002689391374588,0.8338698744773865,0.7000147104263306
435,10463,0.9270251393318176,0.24219352006912231,,,,
436,10487,,,0.9820119738578796,0.11848753690719604,0.8261790871620178,0.6864346265792847
436,10487,0.9218020439147949,0.2523258626461029,,,,
437,10511,,,0.9857224225997925,0.11897384375333786,0.8927868604660034,0.5726869106292725
437,10511,0.9199803471565247,0.25549250841140747,,,,
438,10535,,,0.9781510233879089,0.12268699705600739,0.8280884027481079,0.6852359771728516
438,10535,0.9300611019134521,0.24370177090168,,,,
439,10559,,,0.985869824886322,0.11365251243114471,0.7762948274612427,0.8274233937263489
439,10559,0.941288411617279,0.21127040684223175,,,,
440,10583,,,0.977764368057251,0.11840108036994934,0.7939443588256836,0.8439080715179443
440,10583,0.9238133430480957,0.23481066524982452,,,,
441,10607,,,0.9818614721298218,0.12234649062156677,0.8513485193252563,0.641821026802063
441,10607,0.9234426021575928,0.2457725554704666,,,,
442,10631,,,0.9818614721298218,0.11893017590045929,0.80342698097229,0.7243145704269409
442,10631,0.9061377048492432,0.26134443283081055,,,,
443,10655,,,0.985869824886322,0.11351866275072098,0.8052215576171875,0.7620127201080322
443,10655,0.926159679889679,0.2493729442358017,,,,
444,10679,,,0.9781510233879089,0.12060905992984772,0.7635430097579956,0.8375928401947021
444,10679,0.9288763403892517,0.23957890272140503,,,,
445,10703,,,0.9857224225997925,0.11551374197006226,0.7742534875869751,0.8043035268783569
445,10703,0.924144446849823,0.24782605469226837,,,,
446,10727,,,0.9781510233879089,0.1196231096982956,0.7661051750183105,0.8028247952461243
446,10727,0.9288134574890137,0.2265111804008484,,,,
447,10751,,,0.9857618808746338,0.1182686984539032,0.7952619791030884,0.7974344491958618
447,10751,0.928767204284668,0.23232610523700714,,,,
448,10775,,,0.9781510233879089,0.12223837524652481,0.847534716129303,0.7005019783973694
448,10775,0.9263291954994202,0.241911843419075,,,,
449,10799,,,0.9857224225997925,0.11902662366628647,0.8698433041572571,0.6184649467468262
449,10799,0.9307549595832825,0.26340773701667786,,,,
450,10823,,,0.9820119738578796,0.11842268705368042,0.8505501747131348,0.6595690250396729
450,10823,0.9337158799171448,0.2393827885389328,,,,
451,10847,,,0.9818614721298218,0.12369552254676819,0.8916510343551636,0.5749207139015198
451,10847,0.913581132888794,0.2481248825788498,,,,
452,10871,,,0.9857224225997925,0.1181245893239975,0.8794950842857361,0.6186373829841614
452,10871,0.9230776429176331,0.2554256021976471,,,,
453,10895,,,0.9857618808746338,0.11900726705789566,0.810433030128479,0.7689259648323059
453,10895,0.9365818500518799,0.21208710968494415,,,,
454,10919,,,0.9820119738578796,0.11619152873754501,0.7941394448280334,0.797631025314331
454,10919,0.9324266314506531,0.22205930948257446,,,,
455,10943,,,0.9781510233879089,0.12034732848405838,0.8074136972427368,0.7529572248458862
455,10943,0.9286934733390808,0.22398263216018677,,,,
456,10967,,,0.9857224225997925,0.11493828147649765,0.7823123335838318,0.7919110655784607
456,10967,0.9225883483886719,0.2235046625137329,,,,
457,10991,,,0.9820119738578796,0.11459704488515854,0.7803710699081421,0.8224121928215027
457,10991,0.9314907193183899,0.2295764535665512,,,,
458,11015,,,0.9781510233879089,0.11868168413639069,0.7679507732391357,0.8404871225357056
458,11015,0.9296392798423767,0.2562168836593628,,,,
459,11039,,,0.9818161725997925,0.12070032209157944,0.8132582306861877,0.7716642022132874
459,11039,0.932206392288208,0.2248455435037613,,,,
460,11063,,,0.9779946804046631,0.12349144369363785,0.8376900553703308,0.6526588201522827
460,11063,0.9252880215644836,0.23793797194957733,,,,
461,11087,,,0.9857618808746338,0.116876520216465,0.7967644929885864,0.8229886293411255
461,11087,0.9388184547424316,0.2103043794631958,,,,
462,11111,,,0.977764368057251,0.11630451679229736,0.8741495609283447,0.6136285662651062
462,11111,0.9261362552642822,0.23550082743167877,,,,
463,11135,,,0.9820119738578796,0.11839403957128525,0.8253926634788513,0.771080493927002
463,11135,0.9222702383995056,0.24832570552825928,,,,
464,11159,,,0.9818614721298218,0.11069787293672562,0.7969082593917847,0.7652382850646973
464,11159,0.9354476928710938,0.22975654900074005,,,,
465,11183,,,0.9818614721298218,0.11460260301828384,0.8000309467315674,0.8246023058891296
465,11183,0.925538957118988,0.24573886394500732,,,,
466,11207,,,0.985869824886322,0.11204273998737335,0.7567299604415894,0.981358528137207
466,11207,0.9449190497398376,0.2013338953256607,,,,
467,11231,,,0.9818614721298218,0.11163455247879028,0.8002797365188599,0.7610024809837341
467,11231,0.9421911239624023,0.21443285048007965,,,,
468,11255,,,0.9857224225997925,0.11490114033222198,0.8588380217552185,0.6344993114471436
468,11255,0.9399091601371765,0.22367729246616364,,,,
469,11279,,,0.9816253185272217,0.11250092089176178,0.8623950481414795,0.6516656279563904
469,11279,0.9309725165367126,0.22485102713108063,,,,
470,11303,,,0.9857618808746338,0.11491819471120834,0.8539614677429199,0.6492151618003845
470,11303,0.9240326881408691,0.23133327066898346,,,,
471,11327,,,0.9780838489532471,0.11863747984170914,0.7659876346588135,0.9314537644386292
471,11327,0.9297019839286804,0.2273988574743271,,,,
472,11351,,,0.9857224225997925,0.11139729619026184,0.7524535655975342,1.037649393081665
472,11351,0.9340274930000305,0.23490281403064728,,,,
473,11375,,,0.9857618808746338,0.11276620626449585,0.8175727128982544,0.8334895372390747
473,11375,0.936236560344696,0.22446127235889435,,,,
474,11399,,,0.985869824886322,0.11251196265220642,0.8073007464408875,0.7129814028739929
474,11399,0.930048406124115,0.25104930996894836,,,,
475,11423,,,0.985869824886322,0.10965971648693085,0.7873648405075073,0.8294832706451416
475,11423,0.9351982474327087,0.22669482231140137,,,,
476,11447,,,0.985869824886322,0.10997059941291809,0.7953068017959595,0.8151565194129944
476,11447,0.9396172165870667,0.19208355247974396,,,,
477,11471,,,0.985869824886322,0.11000306904315948,0.8228960633277893,0.8148360848426819
477,11471,0.9459862112998962,0.1993665099143982,,,,
478,11495,,,0.9818614721298218,0.11029139906167984,0.8195880651473999,0.7304526567459106
478,11495,0.9344252943992615,0.20762117207050323,,,,
479,11519,,,0.977764368057251,0.11576146632432938,0.8439543843269348,0.6802926659584045
479,11519,0.9271637797355652,0.22950750589370728,,,,
480,11543,,,0.9858245253562927,0.109510637819767,0.8041746020317078,0.7985520958900452
480,11543,0.9345176815986633,0.2364443689584732,,,,
481,11567,,,0.9857224225997925,0.1077614426612854,0.8311700224876404,0.7107461094856262
481,11567,0.930060625076294,0.21497364342212677,,,,
482,11591,,,0.9897307753562927,0.10108296573162079,0.7972416877746582,0.7760916948318481
482,11591,0.9397746920585632,0.21393291652202606,,,,
483,11615,,,0.985869824886322,0.11034230887889862,0.8186696767807007,0.7699005007743835
483,11615,0.9383553862571716,0.23329401016235352,,,,
484,11639,,,0.9897307753562927,0.11004859954118729,0.8063383102416992,0.779914379119873
484,11639,0.9133458733558655,0.2559508979320526,,,,
485,11663,,,0.9819009304046631,0.11867918819189072,0.8308795094490051,0.6887944936752319
485,11663,0.9369357228279114,0.22612513601779938,,,,
486,11687,,,0.9819009304046631,0.11828268319368362,0.8174317479133606,0.7631462812423706
486,11687,0.9145544171333313,0.24431104958057404,,,,
487,11711,,,0.9859733581542969,0.10739704221487045,0.8208184838294983,0.7557845711708069
487,11711,0.926224946975708,0.24813146889209747,,,,
488,11735,,,0.9857224225997925,0.1096186637878418,0.7777677774429321,0.8873611688613892
488,11735,0.9298273921012878,0.210243821144104,,,,
489,11759,,,0.9897307753562927,0.10679017007350922,0.7699987888336182,0.946368932723999
489,11759,0.9296608567237854,0.22692658007144928,,,,
490,11783,,,0.9781057238578796,0.11492001265287399,0.8540111184120178,0.6568381190299988
490,11783,0.927811861038208,0.2343146651983261,,,,
491,11807,,,0.9857224225997925,0.11165770888328552,0.8946724534034729,0.5871683359146118
491,11807,0.9020870327949524,0.2540639042854309,,,,
492,11831,,,0.977764368057251,0.1262526512145996,0.8235743641853333,0.7234153747558594
492,11831,0.9196152687072754,0.2482922524213791,,,,
493,11855,,,0.9897307753562927,0.1058661937713623,0.7990531325340271,0.8080592751502991
493,11855,0.931704580783844,0.20961731672286987,,,,
494,11879,,,0.9857224225997925,0.1170218363404274,0.7990742921829224,0.8110722303390503
494,11879,0.9219686985015869,0.23896855115890503,,,,
495,11903,,,0.9818614721298218,0.1096716821193695,0.887197732925415,0.5832011699676514
495,11903,0.9338249564170837,0.218587264418602,,,,
496,11927,,,0.9857224225997925,0.10578333586454391,0.7624839544296265,0.9066756367683411
496,11927,0.9427908062934875,0.220063254237175,,,,
497,11951,,,0.9897307753562927,0.10486582666635513,0.7871825695037842,0.7692424654960632
497,11951,0.9312252998352051,0.21969138085842133,,,,
498,11975,,,0.9857224225997925,0.10811765491962433,0.8077096343040466,0.8161557912826538
498,11975,0.9318063259124756,0.21675199270248413,,,,
499,11999,,,0.9818614721298218,0.11914999037981033,0.7772853374481201,0.8951861262321472
499,11999,0.9391327500343323,0.1990843415260315,,,,
