epoch,step,train_acc,train_diss_loss,train_total_loss,val_src_acc,val_src_class_loss,val_tgt_acc,val_tgt_class_loss
0,23,,,,0.37962037324905396,1.3883379697799683,0.3429647386074066,1.393768072128296
0,23,0.36908307671546936,0.03085789829492569,2.751654863357544,,,,
1,47,,,,0.37962037324905396,1.3835679292678833,0.3429647386074066,1.3856476545333862
1,47,0.36852338910102844,0.027206281200051308,2.7429630756378174,,,,
2,71,,,,0.37962037324905396,1.3799762725830078,0.3429647386074066,1.37929368019104
2,71,0.35315001010894775,0.024909278377890587,2.73824405670166,,,,
3,95,,,,0.37962037324905396,1.3767279386520386,0.3429647386074066,1.3733298778533936
3,95,0.34108495712280273,0.024067476391792297,2.727940559387207,,,,
4,119,,,,0.37962037324905396,1.3737841844558716,0.3429647386074066,1.3683079481124878
4,119,0.3329433500766754,0.024052822962403297,2.724334716796875,,,,
5,143,,,,0.37962037324905396,1.3713481426239014,0.3429647386074066,1.3641337156295776
5,143,0.36285367608070374,0.024238916113972664,2.715263605117798,,,,
6,167,,,,0.39900636672973633,1.3682758808135986,0.6920115351676941,1.359488606452942
6,167,0.34289297461509705,0.024718569591641426,2.7130165100097656,,,,
7,191,,,,0.7598237991333008,1.3650627136230469,0.743972897529602,1.355201244354248
7,191,0.42245373129844666,0.025806622579693794,2.7065012454986572,,,,
8,215,,,,0.5908297896385193,1.361289381980896,0.691645622253418,1.3493471145629883
8,215,0.4420206546783447,0.02555008977651596,2.6979920864105225,,,,
9,239,,,,0.5712793469429016,1.3564751148223877,0.7021353840827942,1.3420424461364746
9,239,0.5042088031768799,0.027312755584716797,2.68117356300354,,,,
10,263,,,,0.5683322548866272,1.3511962890625,0.7002163529396057,1.3354706764221191
10,263,0.5040915608406067,0.027883822098374367,2.676989793777466,,,,
11,287,,,,0.5630164742469788,1.3445212841033936,0.6930633187294006,1.3279634714126587
11,287,0.5367346405982971,0.02925323136150837,2.660576343536377,,,,
12,311,,,,0.5645496249198914,1.3364957571029663,0.6938566565513611,1.3186980485916138
12,311,0.5867388248443604,0.03000427968800068,2.6462249755859375,,,,
13,335,,,,0.5622700452804565,1.3249289989471436,0.6905402541160583,1.3050692081451416
13,335,0.568236768245697,0.030542371794581413,2.636873722076416,,,,
14,359,,,,0.5605297684669495,1.3095030784606934,0.6880863904953003,1.2860337495803833
14,359,0.5807021260261536,0.03444553539156914,2.6045212745666504,,,,
15,383,,,,0.5658792853355408,1.2889602184295654,0.6902815699577332,1.2621604204177856
15,383,0.6171324849128723,0.037112489342689514,2.5656068325042725,,,,
16,407,,,,0.5632032155990601,1.2637172937393188,0.6903326511383057,1.2304484844207764
16,407,0.6050358414649963,0.042082201689481735,2.519843816757202,,,,
17,431,,,,0.572228193283081,1.2369747161865234,0.6897338032722473,1.2016637325286865
17,431,0.6121727824211121,0.04610012471675873,2.4688196182250977,,,,
18,455,,,,0.5749672651290894,1.202209711074829,0.6917456984519958,1.1612486839294434
18,455,0.6202560067176819,0.05002449080348015,2.408306360244751,,,,
19,479,,,,0.6058435440063477,1.1657757759094238,0.6876546144485474,1.119521975517273
19,479,0.6300366520881653,0.05479550361633301,2.3520939350128174,,,,
20,503,,,,0.6608054637908936,1.1289222240447998,0.7202613949775696,1.085192322731018
20,503,0.6384425759315491,0.06089271232485771,2.2847602367401123,,,,
21,527,,,,0.6649179458618164,1.0840483903884888,0.7269770503044128,1.038123369216919
21,527,0.6730096340179443,0.06122971698641777,2.1839663982391357,,,,
22,551,,,,0.6849385499954224,1.039914608001709,0.7702441215515137,0.9931992292404175
22,551,0.6725677847862244,0.06765621900558472,2.1354219913482666,,,,
23,575,,,,0.7006560564041138,0.9945206046104431,0.7943434119224548,0.9465437531471252
23,575,0.6757586598396301,0.07093370705842972,2.0365407466888428,,,,
24,599,,,,0.7562340497970581,0.9521176815032959,0.807263970375061,0.9005976915359497
24,599,0.6855081915855408,0.07252518087625504,1.982331395149231,,,,
25,623,,,,0.7939715385437012,0.9134589433670044,0.8212504386901855,0.8639682531356812
25,623,0.6850641369819641,0.07535407692193985,1.9176331758499146,,,,
26,647,,,,0.7712379693984985,0.8805855512619019,0.8653386235237122,0.8357035517692566
26,647,0.6958330273628235,0.08063299208879471,1.8567066192626953,,,,
27,671,,,,0.768569827079773,0.8452828526496887,0.8536612391471863,0.7847913503646851
27,671,0.7202243804931641,0.08264210820198059,1.799576759338379,,,,
28,695,,,,0.756718635559082,0.820838451385498,0.8653210997581482,0.7685282826423645
28,695,0.7034829258918762,0.07719393074512482,1.7717280387878418,,,,
29,719,,,,0.7369429469108582,0.7998700141906738,0.8477795720100403,0.7572812438011169
29,719,0.7232328057289124,0.08146018534898758,1.7055195569992065,,,,
30,743,,,,0.756718635559082,0.7835806012153625,0.8695528507232666,0.7164067625999451
30,743,0.7161283493041992,0.0803774744272232,1.6775883436203003,,,,
31,767,,,,0.7375567555427551,0.7629839181900024,0.8559223413467407,0.7087671756744385
31,767,0.7135161757469177,0.08007857948541641,1.6813721656799316,,,,
32,791,,,,0.7382078170776367,0.7470585703849792,0.8589057922363281,0.6882695555686951
32,791,0.7202799320220947,0.08193887025117874,1.6220053434371948,,,,
33,815,,,,0.7411487102508545,0.7359723448753357,0.8537824153900146,0.6878815293312073
33,815,0.7409989237785339,0.08259949833154678,1.5948745012283325,,,,
34,839,,,,0.7411487102508545,0.7246399521827698,0.8543806076049805,0.6720138192176819
34,839,0.7099161148071289,0.08153670281171799,1.6449791193008423,,,,
35,863,,,,0.7430688738822937,0.7142173051834106,0.8621612787246704,0.6548354029655457
35,863,0.7149631381034851,0.0824684426188469,1.5799518823623657,,,,
36,887,,,,0.7621544599533081,0.7074331641197205,0.8738226890563965,0.651149332523346
36,887,0.7200867533683777,0.08057645708322525,1.569057822227478,,,,
37,911,,,,0.7692859172821045,0.7006995677947998,0.8780544996261597,0.6429154872894287
37,911,0.7427552342414856,0.08129794895648956,1.5097624063491821,,,,
38,935,,,,0.7796565294265747,0.6972668766975403,0.8768031001091003,0.6482682228088379
38,935,0.703484058380127,0.0785653367638588,1.562390923500061,,,,
39,959,,,,0.7727764248847961,0.6889307498931885,0.8728857636451721,0.6515384316444397
39,959,0.7256302833557129,0.07895752042531967,1.5434852838516235,,,,
40,983,,,,0.7916491031646729,0.6822636127471924,0.884843647480011,0.6344797611236572
40,983,0.713273823261261,0.08180347830057144,1.5334395170211792,,,,
41,1007,,,,0.7916491031646729,0.677852213382721,0.8852208852767944,0.640760064125061
41,1007,0.7285476326942444,0.0813630148768425,1.5066066980361938,,,,
42,1031,,,,0.7519654631614685,0.6748485565185547,0.8597768545150757,0.6542361974716187
42,1031,0.7211718559265137,0.07713983207941055,1.4681382179260254,,,,
43,1055,,,,0.8127691745758057,0.6667590141296387,0.8891342282295227,0.6229969263076782
43,1055,0.731812059879303,0.07869482785463333,1.4593015909194946,,,,
44,1079,,,,0.816349983215332,0.6597434282302856,0.8932756185531616,0.618045449256897
44,1079,0.7387163043022156,0.07864654809236526,1.4451833963394165,,,,
45,1103,,,,0.816659688949585,0.6550954580307007,0.8931213021278381,0.6276494264602661
45,1103,0.7549669146537781,0.07681744545698166,1.422714352607727,,,,
46,1127,,,,0.816349983215332,0.6489802598953247,0.8932007551193237,0.6101689338684082
46,1127,0.7470192313194275,0.07814859598875046,1.4447983503341675,,,,
47,1151,,,,0.8168830871582031,0.6451067924499512,0.8932007551193237,0.6102716326713562
47,1151,0.7376062273979187,0.0808599516749382,1.461658000946045,,,,
48,1175,,,,0.815506100654602,0.642168402671814,0.8920638561248779,0.6248300075531006
48,1175,0.7535684108734131,0.07773550599813461,1.4031058549880981,,,,
49,1199,,,,0.8207727670669556,0.6351926326751709,0.8920638561248779,0.6150421500205994
49,1199,0.7243266105651855,0.07912851125001907,1.4341577291488647,,,,
50,1223,,,,0.816110372543335,0.6312789916992188,0.8920638561248779,0.6237640976905823
50,1223,0.7471485137939453,0.0759563222527504,1.3655668497085571,,,,
51,1247,,,,0.8202605247497559,0.6237406730651855,0.8920638561248779,0.6081876754760742
51,1247,0.743554413318634,0.08081986755132675,1.3786044120788574,,,,
52,1271,,,,0.8583059310913086,0.6189737915992737,0.8629695177078247,0.5960056185722351
52,1271,0.7393553853034973,0.07347521185874939,1.407427430152893,,,,
53,1295,,,,0.8449032306671143,0.6159136295318604,0.8653488755226135,0.604162335395813
53,1295,0.7506185173988342,0.07666368037462234,1.3452388048171997,,,,
54,1319,,,,0.8530744314193726,0.6116909384727478,0.8619120121002197,0.5998727083206177
54,1319,0.7617961764335632,0.07588963210582733,1.330483078956604,,,,
55,1343,,,,0.8530744314193726,0.6075111031532288,0.8619120121002197,0.5930786728858948
55,1343,0.7511031627655029,0.07856938987970352,1.3411060571670532,,,,
56,1367,,,,0.8599512577056885,0.6040736436843872,0.8572368621826172,0.5948265194892883
56,1367,0.74998539686203,0.07833954691886902,1.3413962125778198,,,,
57,1391,,,,0.8458296060562134,0.6024929881095886,0.8653488755226135,0.6038432717323303
57,1391,0.7403330206871033,0.07647712528705597,1.3388580083847046,,,,
58,1415,,,,0.8619125485420227,0.5983381867408752,0.8572368621826172,0.6016038656234741
58,1415,0.7512661814689636,0.07689844816923141,1.3258814811706543,,,,
59,1439,,,,0.8495924472808838,0.5926393270492554,0.8619120121002197,0.5964677929878235
59,1439,0.7540987133979797,0.07670609652996063,1.3089230060577393,,,,
60,1463,,,,0.8518303632736206,0.588522732257843,0.8619120121002197,0.591858983039856
60,1463,0.7527382969856262,0.0764736607670784,1.2900725603103638,,,,
61,1487,,,,0.8321472406387329,0.5867573022842407,0.876815140247345,0.597740113735199
61,1487,0.7444998621940613,0.0723845437169075,1.3462342023849487,,,,
62,1511,,,,0.8469011783599854,0.5790550112724304,0.8653488755226135,0.5873370170593262
62,1511,0.7552756667137146,0.0765124037861824,1.3094485998153687,,,,
63,1535,,,,0.8679127097129822,0.5725867748260498,0.8544769883155823,0.5798710584640503
63,1535,0.7309691905975342,0.07657818496227264,1.3069099187850952,,,,
64,1559,,,,0.865550696849823,0.5685352087020874,0.8544769883155823,0.5818830728530884
64,1559,0.7789040207862854,0.07828565686941147,1.2791907787322998,,,,
65,1583,,,,0.8714510798454285,0.5656260848045349,0.8544769883155823,0.5763735771179199
65,1583,0.7614121437072754,0.07749295979738235,1.2276145219802856,,,,
66,1607,,,,0.8642152547836304,0.5646864771842957,0.8544769883155823,0.5848105549812317
66,1607,0.7639789581298828,0.07557278871536255,1.251996636390686,,,,
67,1631,,,,0.8642152547836304,0.5584714412689209,0.8544769883155823,0.580551028251648
67,1631,0.7569809556007385,0.07551300525665283,1.260530948638916,,,,
68,1655,,,,0.8702273368835449,0.5531157851219177,0.8544769883155823,0.5753877758979797
68,1655,0.7675938606262207,0.07812085002660751,1.2348127365112305,,,,
69,1679,,,,0.873458981513977,0.5512701272964478,0.8544769883155823,0.5803939700126648
69,1679,0.7581940293312073,0.07499387115240097,1.2373629808425903,,,,
70,1703,,,,0.8667594194412231,0.5486543774604797,0.8542354702949524,0.5818223357200623
70,1703,0.7637715339660645,0.07833897322416306,1.2179628610610962,,,,
71,1727,,,,0.8701871633529663,0.5423424243927002,0.8544769883155823,0.571666955947876
71,1727,0.7532270550727844,0.08009506016969681,1.2561708688735962,,,,
72,1751,,,,0.8729251623153687,0.5397316813468933,0.8542354702949524,0.5748506188392639
72,1751,0.7692534327507019,0.07971736043691635,1.1872185468673706,,,,
73,1775,,,,0.8589536547660828,0.5350080728530884,0.8542354702949524,0.5648356676101685
73,1775,0.7587139010429382,0.08086328953504562,1.207182765007019,,,,
74,1799,,,,0.8734953999519348,0.5333962440490723,0.8558185696601868,0.5814932584762573
74,1799,0.7668261528015137,0.07658126950263977,1.2153533697128296,,,,
75,1823,,,,0.8749678730964661,0.5266293883323669,0.8558185696601868,0.5764906406402588
75,1823,0.7798578143119812,0.07914099842309952,1.1829266548156738,,,,
76,1847,,,,0.8861528038978577,0.5159682631492615,0.8542354702949524,0.5507211089134216
76,1847,0.7785680294036865,0.07592900842428207,1.2020183801651,,,,
77,1871,,,,0.8833088874816895,0.5126214027404785,0.8542354702949524,0.5520272850990295
77,1871,0.7741999626159668,0.08173498511314392,1.1552008390426636,,,,
78,1895,,,,0.8872961401939392,0.5104549527168274,0.8558185696601868,0.5668448805809021
78,1895,0.7814013957977295,0.07785085588693619,1.1504851579666138,,,,
79,1919,,,,0.880042314529419,0.502815306186676,0.8565288186073303,0.552326500415802
79,1919,0.8023056387901306,0.07963749021291733,1.1120463609695435,,,,
80,1943,,,,0.8892377018928528,0.49756768345832825,0.8565288186073303,0.5471278429031372
80,1943,0.7910337448120117,0.08103371411561966,1.111531138420105,,,,
81,1967,,,,0.8910011649131775,0.4928106963634491,0.8565288186073303,0.5480630397796631
81,1967,0.7688354849815369,0.08210983127355576,1.1256827116012573,,,,
82,1991,,,,0.8968591690063477,0.49003973603248596,0.8565288186073303,0.5544087290763855
82,1991,0.789053738117218,0.07751373946666718,1.1146477460861206,,,,
83,2015,,,,0.8915351629257202,0.48224076628685,0.8620871305465698,0.5396749973297119
83,2015,0.774982750415802,0.08020994067192078,1.1202778816223145,,,,
84,2039,,,,0.8858782052993774,0.4838062524795532,0.8558185696601868,0.5702527761459351
84,2039,0.8040859699249268,0.08184551447629929,1.0877009630203247,,,,
85,2063,,,,0.8953844904899597,0.47612228989601135,0.8565288186073303,0.5481905937194824
85,2063,0.7917473912239075,0.08048871904611588,1.0677639245986938,,,,
86,2087,,,,0.8991265296936035,0.4689817726612091,0.8565288186073303,0.5503798127174377
86,2087,0.7969381809234619,0.07790946215391159,1.0913442373275757,,,,
87,2111,,,,0.9033696055412292,0.46477359533309937,0.8656551241874695,0.5339261889457703
87,2111,0.8019453883171082,0.08229542523622513,1.0617566108703613,,,,
88,2135,,,,0.8936234712600708,0.4645540118217468,0.8565288186073303,0.5575629472732544
88,2135,0.7936576008796692,0.08451656252145767,1.0744904279708862,,,,
89,2159,,,,0.9042063355445862,0.4540266990661621,0.8594829440116882,0.5344482660293579
89,2159,0.809119462966919,0.07905534654855728,1.0507968664169312,,,,
90,2183,,,,0.9020878672599792,0.45359912514686584,0.8558185696601868,0.555224597454071
90,2183,0.7957117557525635,0.08352240175008774,1.0387221574783325,,,,
91,2207,,,,0.9042063355445862,0.44750362634658813,0.8594829440116882,0.5415740013122559
91,2207,0.7888004779815674,0.0828205868601799,1.0602885484695435,,,,
92,2231,,,,0.9178595542907715,0.4390797019004822,0.8695741295814514,0.5286261439323425
92,2231,0.8023493885993958,0.08563289791345596,1.0211368799209595,,,,
93,2255,,,,0.9178595542907715,0.4321841299533844,0.8695741295814514,0.5269140005111694
93,2255,0.7843503952026367,0.08363334089517593,1.0472043752670288,,,,
94,2279,,,,0.9215648770332336,0.42597290873527527,0.8656551241874695,0.5315886735916138
94,2279,0.8026373386383057,0.08505114167928696,1.014706015586853,,,,
95,2303,,,,0.9213399291038513,0.4251939058303833,0.8733105659484863,0.5294523239135742
95,2303,0.8234594464302063,0.08412183076143265,0.9864802360534668,,,,
96,2327,,,,0.9178595542907715,0.42085376381874084,0.8695741295814514,0.5205983519554138
96,2327,0.8284473419189453,0.0776796042919159,0.988140881061554,,,,
97,2351,,,,0.9120479822158813,0.42320120334625244,0.8565288186073303,0.5463137626647949
97,2351,0.8170010447502136,0.08498609066009521,0.9800877571105957,,,,
98,2375,,,,0.9250898361206055,0.41320285201072693,0.8701601028442383,0.5146849155426025
98,2375,0.8089003562927246,0.08807577937841415,0.9523522257804871,,,,
99,2399,,,,0.9120479822158813,0.4115763306617737,0.8594829440116882,0.5405312180519104
99,2399,0.8167731165885925,0.08315183967351913,1.002045750617981,,,,
100,2423,,,,0.9268114566802979,0.40067875385284424,0.8701601028442383,0.5231088995933533
100,2423,0.8070889115333557,0.08443746715784073,1.0001792907714844,,,,
101,2447,,,,0.9286355972290039,0.39904364943504333,0.8701601028442383,0.5119767189025879
101,2447,0.8206489086151123,0.087131567299366,0.9420821666717529,,,,
102,2471,,,,0.9301340579986572,0.3956126868724823,0.8695741295814514,0.5309689044952393
102,2471,0.8141966462135315,0.08425009250640869,0.993708610534668,,,,
103,2495,,,,0.9286925196647644,0.38989412784576416,0.877528727054596,0.5092700123786926
103,2495,0.8454461693763733,0.08470536023378372,0.9424400329589844,,,,
104,2519,,,,0.9303933382034302,0.38979488611221313,0.877528727054596,0.5182051658630371
104,2519,0.8325945734977722,0.08691906929016113,0.9207517504692078,,,,
105,2543,,,,0.9303933382034302,0.3861927390098572,0.877528727054596,0.5083478093147278
105,2543,0.816091001033783,0.08661986142396927,0.9563879370689392,,,,
106,2567,,,,0.9336589574813843,0.3831644058227539,0.8701601028442383,0.5320039391517639
106,2567,0.8272531628608704,0.08730563521385193,0.9003958702087402,,,,
107,2591,,,,0.9336589574813843,0.3810272812843323,0.8701601028442383,0.5084306001663208
107,2591,0.8122020363807678,0.08918765187263489,0.9354574680328369,,,,
108,2615,,,,0.9337159395217896,0.3748280107975006,0.8780572414398193,0.5036444664001465
108,2615,0.8337709307670593,0.08572153002023697,0.920997142791748,,,,
109,2639,,,,0.9303933382034302,0.36911308765411377,0.8780572414398193,0.4974784851074219
109,2639,0.818915843963623,0.08982938528060913,0.9212064146995544,,,,
110,2663,,,,0.9336589574813843,0.36796268820762634,0.8701601028442383,0.51146000623703
110,2663,0.8357200026512146,0.08434291929006577,0.8715464472770691,,,,
111,2687,,,,0.9374657869338989,0.3608759045600891,0.877528727054596,0.5031715631484985
111,2687,0.8394570350646973,0.08568736165761948,0.9365759491920471,,,,
112,2711,,,,0.9337159395217896,0.35563790798187256,0.8780572414398193,0.4952661097049713
112,2711,0.8361790180206299,0.09229707717895508,0.8589850068092346,,,,
113,2735,,,,0.9337159395217896,0.35054516792297363,0.8780572414398193,0.49473148584365845
113,2735,0.829451322555542,0.08960496634244919,0.8942208886146545,,,,
114,2759,,,,0.9374657869338989,0.34806305170059204,0.877528727054596,0.4967094361782074
114,2759,0.8174744248390198,0.08814770728349686,0.9071276783943176,,,,
115,2783,,,,0.9374657869338989,0.342285692691803,0.8780572414398193,0.50506991147995
115,2783,0.8275067806243896,0.08560469001531601,0.8640404343605042,,,,
116,2807,,,,0.9374657869338989,0.3400302231311798,0.8780572414398193,0.4939256012439728
116,2807,0.837768018245697,0.087740458548069,0.8533771634101868,,,,
117,2831,,,,0.9374657869338989,0.3400360643863678,0.877528727054596,0.4932306706905365
117,2831,0.8239526748657227,0.08360022306442261,0.8799753785133362,,,,
118,2855,,,,0.9416295289993286,0.335392028093338,0.8807915449142456,0.4853861331939697
118,2855,0.834224283695221,0.09234233945608139,0.8664030432701111,,,,
119,2879,,,,0.9374657869338989,0.3332133889198303,0.8733105659484863,0.498588502407074
119,2879,0.8359418511390686,0.0884883925318718,0.8352493643760681,,,,
120,2903,,,,0.9374657869338989,0.3287768065929413,0.8780572414398193,0.47857946157455444
120,2903,0.8366287350654602,0.08378670364618301,0.8460209369659424,,,,
121,2927,,,,0.9453794360160828,0.32507988810539246,0.8780572414398193,0.4836377501487732
121,2927,0.8499898314476013,0.0852726623415947,0.8115119934082031,,,,
122,2951,,,,0.9416295289993286,0.3201023042201996,0.8807915449142456,0.4774115979671478
122,2951,0.862061083316803,0.08665493130683899,0.8125695586204529,,,,
123,2975,,,,0.9445141553878784,0.31695953011512756,0.8833957314491272,0.47405460476875305
123,2975,0.8543620109558105,0.08208758383989334,0.8236439228057861,,,,
124,2999,,,,0.9520156383514404,0.3136741816997528,0.887061595916748,0.4810411334037781
124,2999,0.8415496945381165,0.07871754467487335,0.8249595165252686,,,,
125,3023,,,,0.9520156383514404,0.3093538284301758,0.8882960081100464,0.47541746497154236
125,3023,0.8500544428825378,0.08592315763235092,0.7850632667541504,,,,
126,3047,,,,0.9520156383514404,0.3036452531814575,0.8882960081100464,0.47615161538124084
126,3047,0.844487190246582,0.08138798177242279,0.8188745379447937,,,,
127,3071,,,,0.9483577013015747,0.301007479429245,0.887061595916748,0.47419655323028564
127,3071,0.8600120544433594,0.08480658382177353,0.7951173186302185,,,,
128,3095,,,,0.9416295289993286,0.3005014955997467,0.8915988802909851,0.4715646803379059
128,3095,0.8507468700408936,0.08560222387313843,0.8026435971260071,,,,
129,3119,,,,0.9520156383514404,0.29583823680877686,0.8882960081100464,0.46969783306121826
129,3119,0.8598020672798157,0.08466929197311401,0.7935156226158142,,,,
130,3143,,,,0.9483577013015747,0.29242682456970215,0.8882960081100464,0.47568291425704956
130,3143,0.8606579303741455,0.09072745591402054,0.7691807150840759,,,,
131,3167,,,,0.9453794360160828,0.29083380103111267,0.8853288292884827,0.47536513209342957
131,3167,0.8678424954414368,0.08479630947113037,0.7649812698364258,,,,
132,3191,,,,0.9453794360160828,0.2898186147212982,0.8915988802909851,0.46637287735939026
132,3191,0.8435998558998108,0.08353164047002792,0.7837948799133301,,,,
133,3215,,,,0.9520156383514404,0.285147100687027,0.8918302059173584,0.46912217140197754
133,3215,0.8636748790740967,0.08330922573804855,0.7854070067405701,,,,
134,3239,,,,0.9453794360160828,0.28628894686698914,0.887061595916748,0.4679954946041107
134,3239,0.8585026860237122,0.08864817023277283,0.7480593323707581,,,,
135,3263,,,,0.9557654857635498,0.28334105014801025,0.8918302059173584,0.4639030694961548
135,3263,0.8650588393211365,0.07917692512273788,0.7128753066062927,,,,
136,3287,,,,0.9521076679229736,0.27650272846221924,0.8918302059173584,0.46818044781684875
136,3287,0.8428914546966553,0.0813184306025505,0.8030242919921875,,,,
137,3311,,,,0.9557654857635498,0.2709944248199463,0.8918302059173584,0.46769776940345764
137,3311,0.8625901341438293,0.08751806616783142,0.7392399311065674,,,,
138,3335,,,,0.9453794360160828,0.27053385972976685,0.8963675498962402,0.46710172295570374
138,3335,0.8612675070762634,0.07812844216823578,0.7228456139564514,,,,
139,3359,,,,0.9521076679229736,0.26809102296829224,0.8918302059173584,0.46948131918907166
139,3359,0.853040874004364,0.08828575164079666,0.7468684315681458,,,,
140,3383,,,,0.9520156383514404,0.26532888412475586,0.8934328556060791,0.464064359664917
140,3383,0.8668127059936523,0.08304773271083832,0.7212605476379395,,,,
141,3407,,,,0.9521076679229736,0.2636083662509918,0.8918302059173584,0.4705561101436615
141,3407,0.8745952248573303,0.08343029767274857,0.7458407282829285,,,,
142,3431,,,,0.9520156383514404,0.2608519494533539,0.8971344828605652,0.4620676040649414
142,3431,0.8731611371040344,0.08202775567770004,0.728536069393158,,,,
143,3455,,,,0.9557654857635498,0.256176233291626,0.8934328556060791,0.4614524245262146
143,3455,0.8609304428100586,0.08215204626321793,0.7703996300697327,,,,
144,3479,,,,0.9557654857635498,0.253005713224411,0.8934328556060791,0.46049928665161133
144,3479,0.8831028342247009,0.08210492879152298,0.6699297428131104,,,,
145,3503,,,,0.9520156383514404,0.2508503496646881,0.8971344828605652,0.4598901867866516
145,3503,0.8868725895881653,0.07977491617202759,0.6628169417381287,,,,
146,3527,,,,0.9520156383514404,0.2512630522251129,0.8971344828605652,0.46174028515815735
146,3527,0.8722789287567139,0.07594867795705795,0.7238609790802002,,,,
147,3551,,,,0.9520156383514404,0.24824227392673492,0.8971344828605652,0.45833978056907654
147,3551,0.8547421097755432,0.07988018542528152,0.7680270671844482,,,,
148,3575,,,,0.9520156383514404,0.2453315109014511,0.8971344828605652,0.46005022525787354
148,3575,0.858027994632721,0.083830326795578,0.7024831771850586,,,,
149,3599,,,,0.9557654857635498,0.2447868138551712,0.8971344828605652,0.45675036311149597
149,3599,0.8510249257087708,0.07784298807382584,0.7264916300773621,,,,
150,3623,,,,0.9557654857635498,0.24316638708114624,0.8971344828605652,0.45696842670440674
150,3623,0.8797984719276428,0.07447580993175507,0.7014546394348145,,,,
151,3647,,,,0.9557654857635498,0.2434646636247635,0.8971344828605652,0.4582187235355377
151,3647,0.8675152659416199,0.07730341702699661,0.701228141784668,,,,
152,3671,,,,0.9557654857635498,0.2389029860496521,0.8971344828605652,0.4535858631134033
152,3671,0.8807784914970398,0.07644158601760864,0.6863012313842773,,,,
153,3695,,,,0.9557654857635498,0.23622901737689972,0.9016717672348022,0.45152875781059265
153,3695,0.8748080134391785,0.07990166544914246,0.673372209072113,,,,
154,3719,,,,0.9557654857635498,0.23336228728294373,0.8971344828605652,0.4520854949951172
154,3719,0.8958813548088074,0.08122735470533371,0.6355685591697693,,,,
155,3743,,,,0.9557654857635498,0.23040220141410828,0.8971344828605652,0.4542084336280823
155,3743,0.8695825934410095,0.08150150626897812,0.7044869065284729,,,,
156,3767,,,,0.9557654857635498,0.22617842257022858,0.8971344828605652,0.45524269342422485
156,3767,0.8924996256828308,0.08023571223020554,0.6473419070243835,,,,
157,3791,,,,0.9557654857635498,0.22636350989341736,0.8971344828605652,0.4575901925563812
157,3791,0.8947409987449646,0.08524329215288162,0.6701716780662537,,,,
158,3815,,,,0.9557654857635498,0.2280968874692917,0.9016717672348022,0.45028921961784363
158,3815,0.8682591915130615,0.07594693452119827,0.6791300177574158,,,,
159,3839,,,,0.9557654857635498,0.22583648562431335,0.8954485654830933,0.4597797989845276
159,3839,0.8822465538978577,0.07945749163627625,0.6455528736114502,,,,
160,3863,,,,0.9557654857635498,0.22229669988155365,0.8996084332466125,0.4560413360595703
160,3863,0.885809600353241,0.0764612928032875,0.640929639339447,,,,
161,3887,,,,0.9557654857635498,0.22442170977592468,0.9016717672348022,0.4509468376636505
161,3887,0.8935977816581726,0.07851506024599075,0.643253743648529,,,,
162,3911,,,,0.9557654857635498,0.22000695765018463,0.8996084332466125,0.46086251735687256
162,3911,0.8706693053245544,0.0772663950920105,0.6629553437232971,,,,
163,3935,,,,0.9557654857635498,0.2218373715877533,0.9016717672348022,0.4464051127433777
163,3935,0.8918377757072449,0.07165616005659103,0.6007250547409058,,,,
164,3959,,,,0.9557654857635498,0.2164388746023178,0.8971344828605652,0.4578702747821808
164,3959,0.8863468766212463,0.0816248431801796,0.6628870368003845,,,,
165,3983,,,,0.9557654857635498,0.21531610190868378,0.8971344828605652,0.4517205059528351
165,3983,0.8895369172096252,0.07514599710702896,0.655376672744751,,,,
166,4007,,,,0.9557654857635498,0.21367795765399933,0.8971344828605652,0.45097506046295166
166,4007,0.8865218758583069,0.07335571199655533,0.6453309655189514,,,,
167,4031,,,,0.9557654857635498,0.20965085923671722,0.8971344828605652,0.45002076029777527
167,4031,0.8756769299507141,0.07935725152492523,0.6337661147117615,,,,
168,4055,,,,0.9557654857635498,0.21148477494716644,0.9016717672348022,0.4450775384902954
168,4055,0.8954775333404541,0.0751890018582344,0.5979330539703369,,,,
169,4079,,,,0.9590550065040588,0.20575127005577087,0.8996084332466125,0.4490046203136444
169,4079,0.8833536505699158,0.07427623122930527,0.6444171667098999,,,,
170,4103,,,,0.9626320600509644,0.2048426866531372,0.8994731903076172,0.4595060348510742
170,4103,0.8913264870643616,0.0736716017127037,0.6469092965126038,,,,
171,4127,,,,0.9626320600509644,0.20499341189861298,0.8994731903076172,0.4531790614128113
171,4127,0.8999812602996826,0.07447672635316849,0.6190690398216248,,,,
172,4151,,,,0.9626320600509644,0.2025507241487503,0.8994731903076172,0.45414578914642334
172,4151,0.8872314095497131,0.07295828312635422,0.6271724700927734,,,,
173,4175,,,,0.9590550065040588,0.19829966127872467,0.8971344828605652,0.45358991622924805
173,4175,0.8982760906219482,0.0709027498960495,0.6237847805023193,,,,
174,4199,,,,0.9626320600509644,0.19734245538711548,0.9029701948165894,0.4641876518726349
174,4199,0.88848477602005,0.07546667009592056,0.6137595176696777,,,,
175,4223,,,,0.9626320600509644,0.19450253248214722,0.8994731903076172,0.45125046372413635
175,4223,0.9012014865875244,0.07226253300905228,0.6037276387214661,,,,
176,4247,,,,0.9626320600509644,0.1954585462808609,0.9036330580711365,0.4473676085472107
176,4247,0.9064879417419434,0.07580434530973434,0.5409286618232727,,,,
177,4271,,,,0.9626320600509644,0.19546999037265778,0.9039782881736755,0.4433577060699463
177,4271,0.9066107869148254,0.07040634006261826,0.6010646820068359,,,,
178,4295,,,,0.9626320600509644,0.19182100892066956,0.8994731903076172,0.4564087688922882
178,4295,0.9035593867301941,0.07373632490634918,0.602612316608429,,,,
179,4319,,,,0.9626320600509644,0.19228723645210266,0.9039782881736755,0.4463876783847809
179,4319,0.9112427234649658,0.07495585083961487,0.5912601947784424,,,,
180,4343,,,,0.9626320600509644,0.18623901903629303,0.9029701948165894,0.45007792115211487
180,4343,0.9073548913002014,0.07073310762643814,0.5929338932037354,,,,
181,4367,,,,0.9626320600509644,0.18347562849521637,0.9029701948165894,0.4622616767883301
181,4367,0.8953606486320496,0.07446649670600891,0.5738953948020935,,,,
182,4391,,,,0.9626320600509644,0.18418990075588226,0.8994731903076172,0.44588804244995117
182,4391,0.9041171669960022,0.06919508427381516,0.5893846750259399,,,,
183,4415,,,,0.9626320600509644,0.18097692728042603,0.9029701948165894,0.45680350065231323
183,4415,0.8976969718933105,0.08051375299692154,0.6338967084884644,,,,
184,4439,,,,0.9626320600509644,0.18136127293109894,0.9036330580711365,0.44944271445274353
184,4439,0.885073184967041,0.06733029335737228,0.6263765692710876,,,,
185,4463,,,,0.9626320600509644,0.17853933572769165,0.9036330580711365,0.4561445713043213
185,4463,0.891269862651825,0.07837045937776566,0.5712296366691589,,,,
186,4487,,,,0.970238983631134,0.17578208446502686,0.9070051908493042,0.4579117000102997
186,4487,0.9092252850532532,0.07041879743337631,0.5755706429481506,,,,
187,4511,,,,0.9626320600509644,0.1743590384721756,0.9029701948165894,0.45704516768455505
187,4511,0.9180576801300049,0.0700000524520874,0.5252575278282166,,,,
188,4535,,,,0.96663498878479,0.1781120002269745,0.9036330580711365,0.4448602497577667
188,4535,0.8867462277412415,0.06855588406324387,0.6236227750778198,,,,
189,4559,,,,0.9664024710655212,0.17733317613601685,0.9109114408493042,0.45844024419784546
189,4559,0.9085277915000916,0.06472853571176529,0.53299880027771,,,,
190,4583,,,,0.9626320600509644,0.17412275075912476,0.9036330580711365,0.4520472288131714
190,4583,0.9109623432159424,0.06720840185880661,0.5233408808708191,,,,
191,4607,,,,0.970238983631134,0.172597274184227,0.9109114408493042,0.46732357144355774
191,4607,0.9030401110649109,0.07453363388776779,0.5383444428443909,,,,
192,4631,,,,0.96663498878479,0.17705850303173065,0.9080029129981995,0.44671204686164856
192,4631,0.9074575304985046,0.07320936769247055,0.511134147644043,,,,
193,4655,,,,0.9704715013504028,0.16836832463741302,0.9071301221847534,0.46150079369544983
193,4655,0.8841889500617981,0.07046949118375778,0.5523883104324341,,,,
194,4679,,,,0.9664685726165771,0.166692316532135,0.9029701948165894,0.4609266519546509
194,4679,0.8893124461174011,0.0691993460059166,0.5773736238479614,,,,
195,4703,,,,0.970238983631134,0.16634836792945862,0.9109114408493042,0.46067705750465393
195,4703,0.8914658427238464,0.06793700903654099,0.5579503178596497,,,,
196,4727,,,,0.9704715013504028,0.16511110961437225,0.9071301221847534,0.46032536029815674
196,4727,0.898515522480011,0.06770259886980057,0.5670047402381897,,,,
197,4751,,,,0.9664685726165771,0.1635580211877823,0.9029701948165894,0.45000848174095154
197,4751,0.9056330323219299,0.06373851746320724,0.5592049956321716,,,,
198,4775,,,,0.970238983631134,0.1647886335849762,0.9109114408493042,0.451232373714447
198,4775,0.9128575921058655,0.06956231594085693,0.5333470106124878,,,,
199,4799,,,,0.970238983631134,0.16201715171337128,0.9109114408493042,0.45821326971054077
199,4799,0.8993197083473206,0.06822879612445831,0.546886146068573,,,,
200,4823,,,,0.974145233631134,0.16076913475990295,0.9109114408493042,0.4790692627429962
200,4823,0.9092897772789001,0.06615150719881058,0.5240862369537354,,,,
201,4847,,,,0.974145233631134,0.15710821747779846,0.9109114408493042,0.47009438276290894
201,4847,0.8977453112602234,0.06520990282297134,0.6004120111465454,,,,
202,4871,,,,0.9744403958320618,0.1565912812948227,0.9036330580711365,0.4508266746997833
202,4871,0.897756040096283,0.065078966319561,0.5742893218994141,,,,
203,4895,,,,0.9780967831611633,0.15714851021766663,0.9109114408493042,0.471799373626709
203,4895,0.897574245929718,0.06845057755708694,0.5422906279563904,,,,
204,4919,,,,0.9780967831611633,0.15458665788173676,0.9070051908493042,0.4625801742076874
204,4919,0.8928332924842834,0.06433478742837906,0.5909313559532166,,,,
205,4943,,,,0.9780967831611633,0.1531573086977005,0.9109114408493042,0.4703397750854492
205,4943,0.8911120891571045,0.0599898137152195,0.5558029413223267,,,,
206,4967,,,,0.9780967831611633,0.1520078033208847,0.9109114408493042,0.45386815071105957
206,4967,0.8986641764640808,0.06572902947664261,0.5341998934745789,,,,
207,4991,,,,0.9744403958320618,0.1517621874809265,0.9071301221847534,0.4551258087158203
207,4991,0.9083859920501709,0.06921523064374924,0.5241000056266785,,,,
208,5015,,,,0.974145233631134,0.1487821340560913,0.9109114408493042,0.47793588042259216
208,5015,0.9013251662254333,0.06340285390615463,0.5012805461883545,,,,
209,5039,,,,0.9820656776428223,0.14834238588809967,0.9109114408493042,0.464621365070343
209,5039,0.9072251915931702,0.06779789179563522,0.5211634039878845,,,,
210,5063,,,,0.9780967831611633,0.14680403470993042,0.9109114408493042,0.45726266503334045
210,5063,0.9122345447540283,0.059833403676748276,0.5161533951759338,,,,
211,5087,,,,0.9780967831611633,0.1472427099943161,0.9109114408493042,0.4810851812362671
211,5087,0.9153808951377869,0.06518673151731491,0.5193535685539246,,,,
212,5111,,,,0.9780967831611633,0.1481030285358429,0.9109114408493042,0.45526713132858276
212,5111,0.9113564491271973,0.06067059561610222,0.5282197594642639,,,,
213,5135,,,,0.9780967831611633,0.14504683017730713,0.9109114408493042,0.4661719799041748
213,5135,0.9061279296875,0.0707351341843605,0.5190644860267639,,,,
214,5159,,,,0.9780967831611633,0.14399142563343048,0.9109114408493042,0.4494963586330414
214,5159,0.9034497141838074,0.0649854764342308,0.5156479477882385,,,,
215,5183,,,,0.9780967831611633,0.1447497010231018,0.9109114408493042,0.4601534605026245
215,5183,0.9263734221458435,0.06809177994728088,0.4450704753398895,,,,
216,5207,,,,0.9780967831611633,0.14399218559265137,0.9109114408493042,0.47569161653518677
216,5207,0.9164848923683167,0.06648986786603928,0.5023091435432434,,,,
217,5231,,,,0.9780967831611633,0.14263424277305603,0.9109114408493042,0.47962096333503723
217,5231,0.9294307231903076,0.05929877981543541,0.5226864218711853,,,,
218,5255,,,,0.9780967831611633,0.13979366421699524,0.9109114408493042,0.47896918654441833
218,5255,0.9183981418609619,0.061744868755340576,0.5083857178688049,,,,
219,5279,,,,0.9780967831611633,0.13878130912780762,0.9109114408493042,0.4643040597438812
219,5279,0.9089977145195007,0.06656741350889206,0.5029241442680359,,,,
220,5303,,,,0.9820656776428223,0.13938748836517334,0.9109114408493042,0.4500168263912201
220,5303,0.9222421646118164,0.06258950382471085,0.468639612197876,,,,
221,5327,,,,0.9780967831611633,0.13892710208892822,0.9109114408493042,0.4772438704967499
221,5327,0.9129324555397034,0.06684645265340805,0.4987289607524872,,,,
222,5351,,,,0.9780967831611633,0.1360923945903778,0.9109114408493042,0.469124436378479
222,5351,0.9024712443351746,0.06549951434135437,0.5165169835090637,,,,
223,5375,,,,0.9820656776428223,0.13781288266181946,0.9109114408493042,0.4513210356235504
223,5375,0.9412989616394043,0.06342145055532455,0.4812864363193512,,,,
224,5399,,,,0.9780967831611633,0.13453978300094604,0.9109114408493042,0.47494763135910034
224,5399,0.9246845245361328,0.06381849199533463,0.4619133770465851,,,,
225,5423,,,,0.9820656776428223,0.13433386385440826,0.9109114408493042,0.47449055314064026
225,5423,0.9178023934364319,0.06426180154085159,0.5270366668701172,,,,
226,5447,,,,0.9780967831611633,0.13258548080921173,0.9109114408493042,0.46449071168899536
226,5447,0.9218750596046448,0.06075556203722954,0.49827370047569275,,,,
227,5471,,,,0.9820656776428223,0.1353885531425476,0.9109114408493042,0.48386234045028687
227,5471,0.9110038876533508,0.059658538550138474,0.4980359375476837,,,,
228,5495,,,,0.9820656776428223,0.13375353813171387,0.9109114408493042,0.4693661034107208
228,5495,0.9134721755981445,0.058345694094896317,0.5032762885093689,,,,
229,5519,,,,0.9820656776428223,0.1317216455936432,0.9109114408493042,0.48085999488830566
229,5519,0.9216098785400391,0.061285510659217834,0.4643190801143646,,,,
230,5543,,,,0.9820656776428223,0.128716379404068,0.9109114408493042,0.4811863303184509
230,5543,0.920012891292572,0.06581303477287292,0.4986729323863983,,,,
231,5567,,,,0.9820656776428223,0.12607410550117493,0.9109114408493042,0.47326329350471497
231,5567,0.9109289050102234,0.06155988574028015,0.4977686405181885,,,,
232,5591,,,,0.9780967831611633,0.12499766796827316,0.9109114408493042,0.4938560128211975
232,5591,0.9152812957763672,0.06345163285732269,0.46538683772087097,,,,
233,5615,,,,0.9820656776428223,0.12612931430339813,0.9109114408493042,0.47934216260910034
233,5615,0.9137270450592041,0.06401487439870834,0.4895336627960205,,,,
234,5639,,,,0.9820656776428223,0.12437610328197479,0.9109114408493042,0.47821933031082153
234,5639,0.9102557301521301,0.06355622410774231,0.4986177980899811,,,,
235,5663,,,,0.9820656776428223,0.12588126957416534,0.9109114408493042,0.4537794291973114
235,5663,0.9169976711273193,0.06056910380721092,0.4979918301105499,,,,
236,5687,,,,0.9820656776428223,0.12393536418676376,0.9109114408493042,0.47350823879241943
236,5687,0.924906313419342,0.061907798051834106,0.4637908637523651,,,,
237,5711,,,,0.9820656776428223,0.12356997281312943,0.9109114408493042,0.4836030900478363
237,5711,0.9110023975372314,0.06150002405047417,0.4788743257522583,,,,
238,5735,,,,0.9857618808746338,0.12347299605607986,0.9109114408493042,0.49735331535339355
238,5735,0.9307718276977539,0.054698556661605835,0.4698692560195923,,,,
239,5759,,,,0.9857618808746338,0.11933542042970657,0.9109114408493042,0.48879846930503845
239,5759,0.9330138564109802,0.05832792818546295,0.44435587525367737,,,,
240,5783,,,,0.9820656776428223,0.11938823759555817,0.9109114408493042,0.4769522547721863
240,5783,0.9000477194786072,0.05640029534697533,0.5147963762283325,,,,
241,5807,,,,0.9820656776428223,0.11807045340538025,0.9109114408493042,0.4883447587490082
241,5807,0.9168045520782471,0.06097474694252014,0.4807610511779785,,,,
242,5831,,,,0.9820656776428223,0.11743760108947754,0.9109114408493042,0.472635954618454
242,5831,0.9373348355293274,0.058636028319597244,0.421757310628891,,,,
243,5855,,,,0.9820656776428223,0.11692434549331665,0.9109114408493042,0.47451046109199524
243,5855,0.9251298308372498,0.05683974549174309,0.4471636712551117,,,,
244,5879,,,,0.9857618808746338,0.11767654120922089,0.9109114408493042,0.503751814365387
244,5879,0.9136491417884827,0.05792814493179321,0.5023465752601624,,,,
245,5903,,,,0.9897307753562927,0.11753173917531967,0.9109114408493042,0.49940311908721924
245,5903,0.9237629771232605,0.0594971664249897,0.4866264760494232,,,,
246,5927,,,,0.9897307753562927,0.11692392826080322,0.9109114408493042,0.49722862243652344
246,5927,0.911990225315094,0.05657181143760681,0.48098477721214294,,,,
247,5951,,,,0.9820656776428223,0.1145370826125145,0.9109114408493042,0.483048677444458
247,5951,0.9290976524353027,0.06372436136007309,0.452566534280777,,,,
248,5975,,,,0.9820656776428223,0.1166871190071106,0.9109114408493042,0.47623202204704285
248,5975,0.9299209713935852,0.0531342476606369,0.4257347583770752,,,,
249,5999,,,,0.985926628112793,0.11198542267084122,0.9109114408493042,0.4993990659713745
249,5999,0.9219473004341125,0.057138532400131226,0.4675215184688568,,,,
250,6023,,,,0.985926628112793,0.11052029579877853,0.9109114408493042,0.4775509238243103
250,6023,0.9454029202461243,0.05727441981434822,0.4000955820083618,,,,
251,6047,,,,0.9859733581542969,0.11415412276983261,0.9149479269981384,0.5136833190917969
251,6047,0.9200162291526794,0.05796866491436958,0.4202605187892914,,,,
252,6071,,,,0.9897307753562927,0.11177906394004822,0.9109114408493042,0.5194395780563354
252,6071,0.9214969277381897,0.05349947512149811,0.4442540109157562,,,,
253,6095,,,,0.985926628112793,0.1106630265712738,0.9109114408493042,0.5041429400444031
253,6095,0.9330366253852844,0.05259830877184868,0.43431878089904785,,,,
254,6119,,,,0.9897307753562927,0.11050411313772202,0.9109114408493042,0.5012127161026001
254,6119,0.9195001721382141,0.05681084468960762,0.45400285720825195,,,,
255,6143,,,,0.9897307753562927,0.11064857244491577,0.9109114408493042,0.5069146156311035
255,6143,0.917397677898407,0.05971686169505119,0.4636234939098358,,,,
256,6167,,,,0.9897307753562927,0.10750563442707062,0.9109114408493042,0.5073384046554565
256,6167,0.924626886844635,0.05541400611400604,0.43878936767578125,,,,
257,6191,,,,0.9897307753562927,0.10662312060594559,0.9109114408493042,0.5075557827949524
257,6191,0.9219916462898254,0.057782333344221115,0.4369305372238159,,,,
258,6215,,,,0.985926628112793,0.10680956393480301,0.9109114408493042,0.49365878105163574
258,6215,0.922244131565094,0.05361421778798103,0.46210411190986633,,,,
259,6239,,,,0.985926628112793,0.10475338250398636,0.9109114408493042,0.5071464776992798
259,6239,0.9275103211402893,0.05659045651555061,0.4395504295825958,,,,
260,6263,,,,0.985926628112793,0.11037478595972061,0.9109114408493042,0.4942161738872528
260,6263,0.9365584850311279,0.05515921488404274,0.41733136773109436,,,,
261,6287,,,,0.985926628112793,0.10714104771614075,0.9109114408493042,0.49631571769714355
261,6287,0.9251297116279602,0.055835600942373276,0.43354418873786926,,,,
262,6311,,,,0.985926628112793,0.10395054519176483,0.9109114408493042,0.5114970207214355
262,6311,0.9235255122184753,0.05879700183868408,0.4635131359100342,,,,
263,6335,,,,0.9897307753562927,0.10220962017774582,0.9109114408493042,0.5154539346694946
263,6335,0.9330916404724121,0.055322032421827316,0.4406706392765045,,,,
264,6359,,,,0.9897307753562927,0.10536850243806839,0.9109114408493042,0.5135750770568848
264,6359,0.9312626719474792,0.05618138611316681,0.38919568061828613,,,,
265,6383,,,,0.985926628112793,0.10540659725666046,0.9109114408493042,0.4983167052268982
265,6383,0.9274280667304993,0.0538707971572876,0.43692049384117126,,,,
266,6407,,,,0.9897307753562927,0.10424203425645828,0.9109114408493042,0.5024510025978088
266,6407,0.9337970614433289,0.056791823357343674,0.4207443296909332,,,,
267,6431,,,,0.9897307753562927,0.10401983559131622,0.9109114408493042,0.5027058124542236
267,6431,0.9223957657814026,0.05704081058502197,0.43673470616340637,,,,
268,6455,,,,0.9897307753562927,0.10424787551164627,0.9109114408493042,0.5090128183364868
268,6455,0.9202077984809875,0.05223161354660988,0.44054654240608215,,,,
269,6479,,,,0.985926628112793,0.10511370748281479,0.9109114408493042,0.4905586242675781
269,6479,0.9286692142486572,0.058086127042770386,0.39798012375831604,,,,
270,6503,,,,0.9897307753562927,0.10324080288410187,0.9109114408493042,0.49548783898353577
270,6503,0.9276086688041687,0.05328768119215965,0.4235466718673706,,,,
271,6527,,,,0.9897307753562927,0.10406799614429474,0.9109114408493042,0.49690720438957214
271,6527,0.9218645095825195,0.05347937345504761,0.4241388738155365,,,,
272,6551,,,,0.985926628112793,0.10080078989267349,0.9109114408493042,0.5178937911987305
272,6551,0.9069034457206726,0.05183657631278038,0.47595834732055664,,,,
273,6575,,,,0.985926628112793,0.10057086497545242,0.9109114408493042,0.5240654945373535
273,6575,0.9261472821235657,0.05133328214287758,0.3980236351490021,,,,
274,6599,,,,0.9897307753562927,0.1025838777422905,0.9109114408493042,0.5336803197860718
274,6599,0.9480810165405273,0.04984590783715248,0.42251452803611755,,,,
275,6623,,,,0.9897307753562927,0.09908562898635864,0.9109114408493042,0.5177522301673889
275,6623,0.9416472911834717,0.05239284038543701,0.4021061360836029,,,,
276,6647,,,,0.9897307753562927,0.09552718698978424,0.9109114408493042,0.5277801156044006
276,6647,0.9285522103309631,0.055447280406951904,0.3964884579181671,,,,
277,6671,,,,0.9897307753562927,0.09869055449962616,0.9109114408493042,0.49072781205177307
277,6671,0.9275062680244446,0.05681918188929558,0.3946603834629059,,,,
278,6695,,,,0.9897307753562927,0.0961536318063736,0.9109114408493042,0.524287760257721
278,6695,0.9323155283927917,0.05914885923266411,0.41929110884666443,,,,
279,6719,,,,0.9897307753562927,0.09407133609056473,0.9109114408493042,0.5230635404586792
279,6719,0.9292290210723877,0.051489412784576416,0.38988402485847473,,,,
280,6743,,,,0.9897307753562927,0.09580831229686737,0.9109114408493042,0.513475239276886
280,6743,0.9284681677818298,0.05312809348106384,0.4335360527038574,,,,
281,6767,,,,0.9897307753562927,0.09284354001283646,0.9109114408493042,0.517881453037262
281,6767,0.9311367869377136,0.0523960143327713,0.39150822162628174,,,,
282,6791,,,,0.9897307753562927,0.09142914414405823,0.9109114408493042,0.5289777517318726
282,6791,0.9382163882255554,0.05135292932391167,0.3829655349254608,,,,
283,6815,,,,0.9897307753562927,0.09204801917076111,0.9109114408493042,0.5246177911758423
283,6815,0.9412949085235596,0.048097122460603714,0.3903012275695801,,,,
284,6839,,,,0.9897307753562927,0.09014198184013367,0.9109114408493042,0.5344864726066589
284,6839,0.9405550360679626,0.04980425164103508,0.3743802309036255,,,,
285,6863,,,,0.9897307753562927,0.09308484196662903,0.9109114408493042,0.5291892886161804
285,6863,0.9142504334449768,0.051431234925985336,0.42960500717163086,,,,
286,6887,,,,0.9897307753562927,0.09190236032009125,0.9109114408493042,0.5207260847091675
286,6887,0.9331729412078857,0.051682259887456894,0.38846567273139954,,,,
287,6911,,,,0.9897307753562927,0.09432458132505417,0.9109114408493042,0.5451180338859558
287,6911,0.9381088614463806,0.056079015135765076,0.3766627609729767,,,,
288,6935,,,,0.9897307753562927,0.09134558588266373,0.9109114408493042,0.5364285707473755
288,6935,0.9232780933380127,0.05289314314723015,0.3927995264530182,,,,
289,6959,,,,0.9897307753562927,0.09203217923641205,0.9109114408493042,0.5160625576972961
289,6959,0.9295074343681335,0.05067199841141701,0.394076943397522,,,,
290,6983,,,,0.9897307753562927,0.0888175517320633,0.9109114408493042,0.5306233763694763
290,6983,0.9356112480163574,0.04766776040196419,0.39841556549072266,,,,
291,7007,,,,0.9897307753562927,0.08876615017652512,0.9109114408493042,0.5327658653259277
291,7007,0.9386053681373596,0.05265294387936592,0.3829399049282074,,,,
292,7031,,,,0.985926628112793,0.08806822448968887,0.9109114408493042,0.5332401990890503
292,7031,0.923186719417572,0.054796915501356125,0.43128156661987305,,,,
293,7055,,,,0.9897307753562927,0.08675333857536316,0.9109114408493042,0.5448502898216248
293,7055,0.9432671666145325,0.050575148314237595,0.36081910133361816,,,,
294,7079,,,,0.9897307753562927,0.08687371760606766,0.9109114408493042,0.5512981414794922
294,7079,0.9247904419898987,0.05082804337143898,0.41495177149772644,,,,
295,7103,,,,0.9897307753562927,0.08886069804430008,0.9109114408493042,0.5167058110237122
295,7103,0.9390368461608887,0.04905742034316063,0.39571014046669006,,,,
296,7127,,,,0.9897307753562927,0.08571638911962509,0.9109114408493042,0.5322952270507812
296,7127,0.9399237632751465,0.053755346685647964,0.38066935539245605,,,,
297,7151,,,,0.9897307753562927,0.08536604791879654,0.9109114408493042,0.5510196685791016
297,7151,0.9373999238014221,0.04858783259987831,0.4015955924987793,,,,
298,7175,,,,0.9897307753562927,0.08358164131641388,0.9109114408493042,0.5646834969520569
298,7175,0.9092763066291809,0.047560255974531174,0.42275699973106384,,,,
299,7199,,,,0.9897307753562927,0.08643951267004013,0.9109114408493042,0.5375505685806274
299,7199,0.9422912001609802,0.055008117109537125,0.37333476543426514,,,,
300,7223,,,,0.9897307753562927,0.0867396742105484,0.9109114408493042,0.5458292365074158
300,7223,0.9294789433479309,0.04918914660811424,0.41564691066741943,,,,
301,7247,,,,0.9897307753562927,0.08640106767416,0.9109114408493042,0.5148779153823853
301,7247,0.9280378222465515,0.05369354411959648,0.3663003146648407,,,,
302,7271,,,,0.9897307753562927,0.08505290746688843,0.9109114408493042,0.5290802121162415
302,7271,0.9242544174194336,0.05425001308321953,0.41433724761009216,,,,
303,7295,,,,0.9897307753562927,0.08386608958244324,0.9109114408493042,0.5183212757110596
303,7295,0.9325794577598572,0.05466977134346962,0.410443514585495,,,,
304,7319,,,,0.9897307753562927,0.08563155680894852,0.9109114408493042,0.5215092897415161
304,7319,0.9430987238883972,0.04759803041815758,0.35755884647369385,,,,
305,7343,,,,0.9897307753562927,0.08670750260353088,0.9109114408493042,0.5330781936645508
305,7343,0.9547351002693176,0.04728124663233757,0.34181222319602966,,,,
306,7367,,,,0.9897307753562927,0.08632957935333252,0.9109114408493042,0.5618414878845215
306,7367,0.9272345900535583,0.046074192970991135,0.4182196855545044,,,,
307,7391,,,,0.9897307753562927,0.08297403156757355,0.9109114408493042,0.5413939952850342
307,7391,0.9324045777320862,0.04922875389456749,0.390745609998703,,,,
308,7415,,,,0.9897307753562927,0.08210713416337967,0.9109114408493042,0.5727435350418091
308,7415,0.9411303997039795,0.04980652406811714,0.35276174545288086,,,,
309,7439,,,,0.9897307753562927,0.08281482011079788,0.9109114408493042,0.5531360507011414
309,7439,0.9334156513214111,0.047634754329919815,0.3864734172821045,,,,
310,7463,,,,0.9897307753562927,0.08185774087905884,0.9109114408493042,0.5586366057395935
310,7463,0.9422984719276428,0.04853273928165436,0.3888647258281708,,,,
311,7487,,,,0.9897307753562927,0.08286834508180618,0.9109114408493042,0.5276843309402466
311,7487,0.9307073950767517,0.044879212975502014,0.39473557472229004,,,,
312,7511,,,,0.9897307753562927,0.08136656880378723,0.9109114408493042,0.5555902123451233
312,7511,0.9489591121673584,0.05274352803826332,0.3596894443035126,,,,
313,7535,,,,0.9897307753562927,0.08296568691730499,0.9109114408493042,0.5763961672782898
313,7535,0.9329482913017273,0.04751104488968849,0.3920525312423706,,,,
314,7559,,,,0.9897307753562927,0.07871510088443756,0.9109114408493042,0.5830715894699097
314,7559,0.9185879826545715,0.04569372162222862,0.42440614104270935,,,,
315,7583,,,,0.9897307753562927,0.08199441432952881,0.9109114408493042,0.5404244065284729
315,7583,0.9490225911140442,0.0459473542869091,0.3573560416698456,,,,
316,7607,,,,0.9897307753562927,0.07882969826459885,0.9109114408493042,0.5491499900817871
316,7607,0.9160118103027344,0.04543623700737953,0.40452075004577637,,,,
317,7631,,,,0.9897307753562927,0.07908400148153305,0.9109114408493042,0.5508927702903748
317,7631,0.9519639611244202,0.054674744606018066,0.3669072091579437,,,,
318,7655,,,,0.9897307753562927,0.07762643694877625,0.9109114408493042,0.5619693994522095
318,7655,0.9371280670166016,0.04921086132526398,0.3587546646595001,,,,
319,7679,,,,0.9897307753562927,0.08174397051334381,0.9109114408493042,0.5762535333633423
319,7679,0.9427721500396729,0.04475485906004906,0.34619879722595215,,,,
320,7703,,,,0.9897307753562927,0.08038681000471115,0.9109114408493042,0.5709641575813293
320,7703,0.9339525699615479,0.04588675871491432,0.41320815682411194,,,,
321,7727,,,,0.9897307753562927,0.07745105028152466,0.9109114408493042,0.5787402391433716
321,7727,0.9366913437843323,0.044039905071258545,0.36551594734191895,,,,
322,7751,,,,0.9897307753562927,0.07515490800142288,0.9109114408493042,0.5699775218963623
322,7751,0.9385586380958557,0.049597520381212234,0.37639060616493225,,,,
323,7775,,,,0.9897307753562927,0.0757974237203598,0.9109114408493042,0.5328420400619507
323,7775,0.9250078797340393,0.045602645725011826,0.3874337673187256,,,,
324,7799,,,,0.9897307753562927,0.07371766120195389,0.9109114408493042,0.5684273838996887
324,7799,0.9330591559410095,0.04401683807373047,0.3537995517253876,,,,
325,7823,,,,0.9897307753562927,0.07280702143907547,0.9109114408493042,0.6125584840774536
325,7823,0.9431353211402893,0.04295673593878746,0.35888931155204773,,,,
326,7847,,,,0.9897307753562927,0.07423505187034607,0.9109114408493042,0.5540645718574524
326,7847,0.9388099312782288,0.04691557213664055,0.37496432662010193,,,,
327,7871,,,,0.9897307753562927,0.07550293207168579,0.9109114408493042,0.5878638029098511
327,7871,0.936104953289032,0.045218486338853836,0.34984585642814636,,,,
328,7895,,,,0.9897307753562927,0.07752098143100739,0.9109114408493042,0.5552380084991455
328,7895,0.9379157423973083,0.05391724035143852,0.38217756152153015,,,,
329,7919,,,,0.9897307753562927,0.07425340265035629,0.9109114408493042,0.5795220732688904
329,7919,0.9352545142173767,0.04402138292789459,0.37635722756385803,,,,
330,7943,,,,0.9897307753562927,0.07412517815828323,0.9109114408493042,0.5713979601860046
330,7943,0.9366188049316406,0.04780375957489014,0.367852121591568,,,,
331,7967,,,,0.9897307753562927,0.07689402252435684,0.9109114408493042,0.5610220432281494
331,7967,0.9430608153343201,0.04873982444405556,0.3745722770690918,,,,
332,7991,,,,0.9897307753562927,0.0765393078327179,0.9109114408493042,0.5826722979545593
332,7991,0.9428922533988953,0.04181896522641182,0.4036603271961212,,,,
333,8015,,,,0.9897307753562927,0.07603694498538971,0.9109114408493042,0.5825848579406738
333,8015,0.9356922507286072,0.044980552047491074,0.3696725070476532,,,,
334,8039,,,,0.9897307753562927,0.0757838562130928,0.9109114408493042,0.5697632431983948
334,8039,0.9489938616752625,0.04411163926124573,0.3446181118488312,,,,
335,8063,,,,0.9897307753562927,0.07624460011720657,0.9109114408493042,0.5786316990852356
335,8063,0.9501376748085022,0.044749077409505844,0.32287752628326416,,,,
336,8087,,,,0.9821024537086487,0.07727277278900146,0.9194696545600891,0.6008427739143372
336,8087,0.9418403506278992,0.043798353523015976,0.3184312582015991,,,,
337,8111,,,,0.9897307753562927,0.07408096641302109,0.9109114408493042,0.5689163208007812
337,8111,0.9478674530982971,0.04416174814105034,0.33856716752052307,,,,
338,8135,,,,0.9897307753562927,0.07432795315980911,0.9109114408493042,0.5788779258728027
338,8135,0.9473558068275452,0.04795946553349495,0.3210243880748749,,,,
339,8159,,,,0.9897307753562927,0.07342085987329483,0.9109114408493042,0.5849668979644775
339,8159,0.9420573115348816,0.041921526193618774,0.32631853222846985,,,,
340,8183,,,,0.9897307753562927,0.07327509671449661,0.9109114408493042,0.5591447353363037
340,8183,0.9517613053321838,0.047024961560964584,0.31441640853881836,,,,
341,8207,,,,0.9897307753562927,0.07122170925140381,0.9109114408493042,0.5804307460784912
341,8207,0.9485809206962585,0.049672290682792664,0.31703272461891174,,,,
342,8231,,,,0.9897307753562927,0.07207940518856049,0.9109114408493042,0.5914556384086609
342,8231,0.9340152144432068,0.04771582782268524,0.3455771505832672,,,,
343,8255,,,,0.9897307753562927,0.0733964815735817,0.9109114408493042,0.5661844611167908
343,8255,0.9453209042549133,0.04500401392579079,0.3164845407009125,,,,
344,8279,,,,0.9897307753562927,0.07256774604320526,0.9109114408493042,0.5701952576637268
344,8279,0.94430011510849,0.047324925661087036,0.3092235028743744,,,,
345,8303,,,,0.9897307753562927,0.07188250869512558,0.9109114408493042,0.5986192226409912
345,8303,0.9361513257026672,0.04318452998995781,0.3662615716457367,,,,
346,8327,,,,0.9897307753562927,0.07123453170061111,0.9109114408493042,0.6144006252288818
346,8327,0.9447264075279236,0.046182747930288315,0.3485884964466095,,,,
347,8351,,,,0.9897307753562927,0.07084891200065613,0.9109114408493042,0.5981171131134033
347,8351,0.9444377422332764,0.045832861214876175,0.3283228576183319,,,,
348,8375,,,,0.9897307753562927,0.06986650824546814,0.9109114408493042,0.5830793976783752
348,8375,0.9523251056671143,0.04250086843967438,0.3595888614654541,,,,
349,8399,,,,0.9897307753562927,0.07154309749603271,0.9109114408493042,0.5655688047409058
349,8399,0.9414458274841309,0.04617531970143318,0.3601081669330597,,,,
350,8423,,,,0.9897307753562927,0.07375306636095047,0.9109114408493042,0.584567666053772
350,8423,0.9420299530029297,0.045594822615385056,0.356113463640213,,,,
351,8447,,,,0.9897307753562927,0.07067272812128067,0.9150713682174683,0.5924303531646729
351,8447,0.959881603717804,0.04484329745173454,0.2965397834777832,,,,
352,8471,,,,0.9897307753562927,0.0704316720366478,0.9109114408493042,0.5806801915168762
352,8471,0.9325301647186279,0.04241814836859703,0.3552665412425995,,,,
353,8495,,,,0.9897307753562927,0.06905598193407059,0.9109114408493042,0.5560698509216309
353,8495,0.9555405974388123,0.045596152544021606,0.30048951506614685,,,,
354,8519,,,,0.9897307753562927,0.07005742192268372,0.9109114408493042,0.6069254279136658
354,8519,0.9485694766044617,0.044351205229759216,0.30304455757141113,,,,
355,8543,,,,0.9897307753562927,0.06817556917667389,0.9109114408493042,0.5766623020172119
355,8543,0.9422318935394287,0.04437887296080589,0.33524802327156067,,,,
356,8567,,,,0.9897307753562927,0.0716831162571907,0.9109114408493042,0.6008203029632568
356,8567,0.9419943690299988,0.04476088285446167,0.31704220175743103,,,,
357,8591,,,,0.9897307753562927,0.06947441399097443,0.9109114408493042,0.6209853291511536
357,8591,0.9333755373954773,0.04190267249941826,0.35626888275146484,,,,
358,8615,,,,0.9897307753562927,0.06905672699213028,0.9109114408493042,0.5830167531967163
358,8615,0.9427545070648193,0.04618450626730919,0.31642037630081177,,,,
359,8639,,,,0.9897307753562927,0.06876574456691742,0.9109114408493042,0.579782247543335
359,8639,0.9474728107452393,0.04535580798983574,0.31802746653556824,,,,
360,8663,,,,0.9897307753562927,0.06939457356929779,0.9109114408493042,0.6356258392333984
360,8663,0.9414665102958679,0.04230491444468498,0.3610314130783081,,,,
361,8687,,,,0.9897307753562927,0.06892752647399902,0.9109114408493042,0.6000623106956482
361,8687,0.9318006038665771,0.043908875435590744,0.3589266538619995,,,,
362,8711,,,,0.9897307753562927,0.06672492623329163,0.9109114408493042,0.5908336639404297
362,8711,0.954217255115509,0.04031470790505409,0.2797648012638092,,,,
363,8735,,,,0.9897307753562927,0.06505176424980164,0.9109114408493042,0.6082258224487305
363,8735,0.9399914145469666,0.04327869042754173,0.35227981209754944,,,,
364,8759,,,,0.9897307753562927,0.06555797159671783,0.9109114408493042,0.5986533164978027
364,8759,0.9355151057243347,0.04243522509932518,0.34314993023872375,,,,
365,8783,,,,0.9897307753562927,0.06693918257951736,0.9109114408493042,0.5934404730796814
365,8783,0.9464179873466492,0.04438157007098198,0.3332318961620331,,,,
366,8807,,,,0.9897307753562927,0.06525399535894394,0.9109114408493042,0.6041626930236816
366,8807,0.9594343304634094,0.04404414817690849,0.28664132952690125,,,,
367,8831,,,,0.9897307753562927,0.06353611499071121,0.9109114408493042,0.6314998269081116
367,8831,0.9533028602600098,0.04000355675816536,0.30028605461120605,,,,
368,8855,,,,0.9897307753562927,0.064303457736969,0.9109114408493042,0.6148422360420227
368,8855,0.9252545833587646,0.04242493584752083,0.3566742241382599,,,,
369,8879,,,,0.9897307753562927,0.06562778353691101,0.9109114408493042,0.6261901259422302
369,8879,0.9543315768241882,0.04722276329994202,0.3246631920337677,,,,
370,8903,,,,0.9897307753562927,0.06523486226797104,0.9109114408493042,0.6331653594970703
370,8903,0.9467570185661316,0.04044409096240997,0.3421268165111542,,,,
371,8927,,,,0.9897307753562927,0.0632781833410263,0.9109114408493042,0.6254122853279114
371,8927,0.9425399899482727,0.04121756553649902,0.30343306064605713,,,,
372,8951,,,,0.9897307753562927,0.06217139586806297,0.9109114408493042,0.6343918442726135
372,8951,0.9393772482872009,0.04126012325286865,0.35212090611457825,,,,
373,8975,,,,0.9897307753562927,0.06507454067468643,0.9109114408493042,0.6411252021789551
373,8975,0.9481924176216125,0.04075957089662552,0.32976871728897095,,,,
374,8999,,,,0.9897307753562927,0.06402003020048141,0.9109114408493042,0.6402918696403503
374,8999,0.9575814604759216,0.040643300861120224,0.31205427646636963,,,,
375,9023,,,,0.9897307753562927,0.06419753283262253,0.9109114408493042,0.5607156157493591
375,9023,0.9419096112251282,0.04540159925818443,0.32184234261512756,,,,
376,9047,,,,0.9897307753562927,0.06401580572128296,0.9109114408493042,0.615976095199585
376,9047,0.9505376815795898,0.045097336173057556,0.303648442029953,,,,
377,9071,,,,0.9897307753562927,0.06376215815544128,0.9109114408493042,0.6231434941291809
377,9071,0.9420436024665833,0.041329458355903625,0.3186877965927124,,,,
378,9095,,,,0.9897307753562927,0.06367038935422897,0.9109114408493042,0.6305059790611267
378,9095,0.9470939040184021,0.04138784110546112,0.2962542772293091,,,,
379,9119,,,,0.9897307753562927,0.062317147850990295,0.9109114408493042,0.643659234046936
379,9119,0.9474695324897766,0.042286988347768784,0.33868345618247986,,,,
380,9143,,,,0.9897307753562927,0.06183413043618202,0.9109114408493042,0.6674559712409973
380,9143,0.951603889465332,0.039502426981925964,0.32154765725135803,,,,
381,9167,,,,0.9897307753562927,0.061025798320770264,0.9109114408493042,0.6368570327758789
381,9167,0.9373481869697571,0.04370902478694916,0.31649014353752136,,,,
382,9191,,,,0.9897307753562927,0.06194455549120903,0.9109114408493042,0.6341693997383118
382,9191,0.9392543435096741,0.04048893228173256,0.3235500156879425,,,,
383,9215,,,,0.9897307753562927,0.06279420852661133,0.9109114408493042,0.6234647035598755
383,9215,0.9574400782585144,0.04077327623963356,0.2635001838207245,,,,
384,9239,,,,0.9858598709106445,0.06397892534732819,0.9109114408493042,0.6417098045349121
384,9239,0.9667853713035583,0.04337837174534798,0.26518183946609497,,,,
385,9263,,,,0.9897307753562927,0.06021064892411232,0.9150713682174683,0.6263633370399475
385,9263,0.9298270344734192,0.038156550377607346,0.35329195857048035,,,,
386,9287,,,,0.9897307753562927,0.06037396565079689,0.9109114408493042,0.6563892364501953
386,9287,0.9563918113708496,0.04564070329070091,0.3086284399032593,,,,
387,9311,,,,0.9897307753562927,0.06104566901922226,0.9150713682174683,0.6275291442871094
387,9311,0.9491281509399414,0.04491287097334862,0.3127325475215912,,,,
388,9335,,,,0.9897307753562927,0.05972391366958618,0.9109114408493042,0.5907031297683716
388,9335,0.9461105465888977,0.04198335111141205,0.3332946002483368,,,,
389,9359,,,,0.9897307753562927,0.06034443899989128,0.9109114408493042,0.6303215622901917
389,9359,0.9496896266937256,0.03979596495628357,0.3186127245426178,,,,
390,9383,,,,0.9897307753562927,0.060963649302721024,0.9109114408493042,0.6292462348937988
390,9383,0.9453775882720947,0.042167529463768005,0.30981823801994324,,,,
391,9407,,,,0.9897307753562927,0.060135338455438614,0.9150713682174683,0.6070504188537598
391,9407,0.9502315521240234,0.04111957922577858,0.3061005175113678,,,,
392,9431,,,,0.9897307753562927,0.06051935628056526,0.9109114408493042,0.6259640455245972
392,9431,0.9400367736816406,0.03865380957722664,0.3106757700443268,,,,
393,9455,,,,0.9897307753562927,0.058224134147167206,0.9109114408493042,0.6361339092254639
393,9455,0.9496932029724121,0.04427610710263252,0.31498458981513977,,,,
394,9479,,,,0.9897307753562927,0.058948904275894165,0.9109114408493042,0.6641704440116882
394,9479,0.9507693648338318,0.03756796941161156,0.3086332082748413,,,,
395,9503,,,,0.9858598709106445,0.06424267590045929,0.9109114408493042,0.6879016757011414
395,9503,0.962604820728302,0.038874126970767975,0.2908976078033447,,,,
396,9527,,,,0.9897307753562927,0.060692764818668365,0.9109114408493042,0.6250475645065308
396,9527,0.9514241218566895,0.03928714990615845,0.2987608015537262,,,,
397,9551,,,,0.9897307753562927,0.061952363699674606,0.9109114408493042,0.6388521790504456
397,9551,0.9578260779380798,0.04010991007089615,0.3022843599319458,,,,
398,9575,,,,0.9897307753562927,0.06006026640534401,0.9109114408493042,0.662997841835022
398,9575,0.9609684348106384,0.04056631401181221,0.26835915446281433,,,,
399,9599,,,,0.9897307753562927,0.05956311523914337,0.9109114408493042,0.6636598706245422
399,9599,0.9467628598213196,0.04031635448336601,0.2965909540653229,,,,
400,9623,,,,0.9897307753562927,0.060398221015930176,0.9109114408493042,0.6615116596221924
400,9623,0.9631891846656799,0.0402042418718338,0.26249977946281433,,,,
401,9647,,,,0.9897307753562927,0.058855779469013214,0.9109114408493042,0.611851155757904
401,9647,0.9579830765724182,0.03780858963727951,0.2923671007156372,,,,
402,9671,,,,0.9897307753562927,0.061011023819446564,0.9109114408493042,0.6526286005973816
402,9671,0.9373717904090881,0.04268287122249603,0.3345003128051758,,,,
403,9695,,,,0.9897307753562927,0.060659997165203094,0.9154331684112549,0.6667865514755249
403,9695,0.954082190990448,0.041472941637039185,0.3158094584941864,,,,
404,9719,,,,0.9897307753562927,0.06135339289903641,0.9109114408493042,0.6300665140151978
404,9719,0.9537368416786194,0.03973638266324997,0.2559792697429657,,,,
405,9743,,,,0.9897307753562927,0.05939790979027748,0.9109114408493042,0.6592561602592468
405,9743,0.9482274055480957,0.04211641475558281,0.30224066972732544,,,,
406,9767,,,,0.9858598709106445,0.06019534543156624,0.9109114408493042,0.6512518525123596
406,9767,0.9467102885246277,0.03939952701330185,0.30191588401794434,,,,
407,9791,,,,0.9897307753562927,0.06092561036348343,0.9109114408493042,0.6656433343887329
407,9791,0.9666381478309631,0.03864962235093117,0.2607474625110626,,,,
408,9815,,,,0.9897307753562927,0.058158162981271744,0.9109114408493042,0.6683962345123291
408,9815,0.9491393566131592,0.039892103523015976,0.3181431293487549,,,,
409,9839,,,,0.9897307753562927,0.057019200176000595,0.9150713682174683,0.6409723162651062
409,9839,0.9507027268409729,0.03403612598776817,0.2942284941673279,,,,
410,9863,,,,0.9897307753562927,0.05695304274559021,0.9109114408493042,0.6968324184417725
410,9863,0.9519708156585693,0.0395287424325943,0.2842487692832947,,,,
411,9887,,,,0.9897307753562927,0.058914512395858765,0.9109114408493042,0.6601635217666626
411,9887,0.9480310082435608,0.04121957719326019,0.32139134407043457,,,,
412,9911,,,,0.9897307753562927,0.0589250847697258,0.9109114408493042,0.6450213193893433
412,9911,0.9671535491943359,0.03943349048495293,0.27199748158454895,,,,
413,9935,,,,0.9897307753562927,0.05602298676967621,0.9109114408493042,0.6690512895584106
413,9935,0.9514488577842712,0.0401785708963871,0.3272513449192047,,,,
414,9959,,,,0.9897307753562927,0.056231435388326645,0.9150713682174683,0.6166362762451172
414,9959,0.9527721405029297,0.03929118812084198,0.28733932971954346,,,,
415,9983,,,,0.9897307753562927,0.05842031165957451,0.9109114408493042,0.6111690998077393
415,9983,0.9554698467254639,0.04541102051734924,0.29890671372413635,,,,
416,10007,,,,0.9897307753562927,0.058257684111595154,0.9109114408493042,0.627784013748169
416,10007,0.9553089141845703,0.040417179465293884,0.2685049772262573,,,,
417,10031,,,,0.9897307753562927,0.05944502353668213,0.9109114408493042,0.6649112701416016
417,10031,0.9449300169944763,0.038413871079683304,0.3340557813644409,,,,
418,10055,,,,0.9897307753562927,0.05604491010308266,0.9109114408493042,0.674153208732605
418,10055,0.9508828520774841,0.0397217757999897,0.3284713327884674,,,,
419,10079,,,,0.9858598709106445,0.058775532990694046,0.919593095779419,0.6523049473762512
419,10079,0.9463744163513184,0.03685562685132027,0.291349858045578,,,,
420,10103,,,,0.9897307753562927,0.05801303684711456,0.9150713682174683,0.6383976936340332
420,10103,0.9478837847709656,0.038359954953193665,0.281922847032547,,,,
421,10127,,,,0.9897307753562927,0.05989180877804756,0.9109114408493042,0.6535232067108154
421,10127,0.9488611221313477,0.03850043937563896,0.2837609648704529,,,,
422,10151,,,,0.9897307753562927,0.0601072683930397,0.9109114408493042,0.6575976014137268
422,10151,0.9633684754371643,0.03819236159324646,0.2641351819038391,,,,
423,10175,,,,0.9897307753562927,0.05722483992576599,0.9109114408493042,0.6931421756744385
423,10175,0.9631540179252625,0.03916236385703087,0.28362002968788147,,,,
424,10199,,,,0.9897307753562927,0.05682036280632019,0.9109114408493042,0.6421043872833252
424,10199,0.9528558850288391,0.03808218613266945,0.2692733705043793,,,,
425,10223,,,,0.9897307753562927,0.055745698511600494,0.9109114408493042,0.6844308376312256
425,10223,0.9635322093963623,0.03885573521256447,0.25876790285110474,,,,
426,10247,,,,0.9897307753562927,0.05475948005914688,0.9109114408493042,0.6751800775527954
426,10247,0.9480116963386536,0.03793025389313698,0.2559783160686493,,,,
427,10271,,,,0.9897307753562927,0.055184006690979004,0.9109114408493042,0.675421953201294
427,10271,0.9584364891052246,0.03926452621817589,0.27913933992385864,,,,
428,10295,,,,0.9897307753562927,0.05466565489768982,0.9150713682174683,0.6745779514312744
428,10295,0.9469523429870605,0.03496813401579857,0.3368518352508545,,,,
429,10319,,,,0.9897307753562927,0.05474849417805672,0.9109114408493042,0.6920376420021057
429,10319,0.9605419039726257,0.03836524859070778,0.27768582105636597,,,,
430,10343,,,,0.9897307753562927,0.0544036440551281,0.9109114408493042,0.6412613391876221
430,10343,0.9438633322715759,0.04001889377832413,0.32721051573753357,,,,
431,10367,,,,0.9821024537086487,0.0621650405228138,0.9181303381919861,0.6895540356636047
431,10367,0.9576941132545471,0.03891979530453682,0.23412151634693146,,,,
432,10391,,,,0.9858598709106445,0.058323439210653305,0.9236295223236084,0.7002520561218262
432,10391,0.9471094608306885,0.037215396761894226,0.29871150851249695,,,,
433,10415,,,,0.9897307753562927,0.05558271333575249,0.9109114408493042,0.7236794829368591
433,10415,0.9529323577880859,0.039895277470350266,0.2961384952068329,,,,
434,10439,,,,0.9897307753562927,0.05466841533780098,0.9150713682174683,0.6364770531654358
434,10439,0.9406635165214539,0.0379517488181591,0.3703647553920746,,,,
435,10463,,,,0.9897307753562927,0.05516750365495682,0.9150713682174683,0.656801164150238
435,10463,0.9616596102714539,0.03515774384140968,0.291554719209671,,,,
436,10487,,,,0.9897307753562927,0.05489136651158333,0.9109114408493042,0.7086892127990723
436,10487,0.9514036178588867,0.035201121121644974,0.27791258692741394,,,,
437,10511,,,,0.9897307753562927,0.055043190717697144,0.9150713682174683,0.7084063291549683
437,10511,0.9531115889549255,0.03474808856844902,0.28630369901657104,,,,
438,10535,,,,0.9897307753562927,0.05519043654203415,0.9150713682174683,0.6601857542991638
438,10535,0.9487883448600769,0.035448286682367325,0.2732817828655243,,,,
439,10559,,,,0.9897307753562927,0.05503454431891441,0.9150713682174683,0.6597321629524231
439,10559,0.962841272354126,0.03770941123366356,0.2517339885234833,,,,
440,10583,,,,0.9897307753562927,0.05403752624988556,0.9109114408493042,0.6887592673301697
440,10583,0.9596500396728516,0.036366332322359085,0.2805670201778412,,,,
441,10607,,,,0.9897307753562927,0.055712319910526276,0.9109114408493042,0.7229582667350769
441,10607,0.9597135186195374,0.03896087408065796,0.27733302116394043,,,,
442,10631,,,,0.9897307753562927,0.053958114236593246,0.9109114408493042,0.6464002728462219
442,10631,0.942236602306366,0.0362539142370224,0.3000117540359497,,,,
443,10655,,,,0.9897307753562927,0.051724355667829514,0.9150713682174683,0.6772792339324951
443,10655,0.9490189552307129,0.03798830136656761,0.271122545003891,,,,
444,10679,,,,0.9897307753562927,0.053916290402412415,0.9109114408493042,0.6744754910469055
444,10679,0.9475422501564026,0.035470109432935715,0.31180235743522644,,,,
445,10703,,,,0.9897307753562927,0.0530267059803009,0.9150713682174683,0.6912616491317749
445,10703,0.9605423808097839,0.03757891803979874,0.2457064986228943,,,,
446,10727,,,,0.9897307753562927,0.05392836779356003,0.9109114408493042,0.7097227573394775
446,10727,0.9525594115257263,0.039723996073007584,0.3126583993434906,,,,
447,10751,,,,0.9897307753562927,0.05587395653128624,0.9150713682174683,0.7080928087234497
447,10751,0.9520620703697205,0.037103403359651566,0.2907545268535614,,,,
448,10775,,,,0.9858598709106445,0.05515880510210991,0.9109114408493042,0.7216952443122864
448,10775,0.9580704569816589,0.03397444263100624,0.2619694769382477,,,,
449,10799,,,,0.9897307753562927,0.05443599075078964,0.9109114408493042,0.6821637749671936
449,10799,0.9609538912773132,0.03591437265276909,0.26584741473197937,,,,
450,10823,,,,0.9897307753562927,0.052222877740859985,0.9109114408493042,0.7220457792282104
450,10823,0.9480846524238586,0.03354005143046379,0.3022843301296234,,,,
451,10847,,,,0.9897307753562927,0.05181785672903061,0.9150713682174683,0.717823326587677
451,10847,0.9571582674980164,0.034754376858472824,0.24605630338191986,,,,
452,10871,,,,0.9897307753562927,0.051996514201164246,0.9109114408493042,0.7074078917503357
452,10871,0.9539237022399902,0.03448699787259102,0.29850083589553833,,,,
453,10895,,,,0.9897307753562927,0.05286881700158119,0.9150713682174683,0.6921514272689819
453,10895,0.9619540572166443,0.03594185784459114,0.27370819449424744,,,,
454,10919,,,,0.9897307753562927,0.0546283982694149,0.9109114408493042,0.6712587475776672
454,10919,0.9623875617980957,0.039159152656793594,0.25971856713294983,,,,
455,10943,,,,0.9897307753562927,0.055515460669994354,0.9109114408493042,0.7129946947097778
455,10943,0.9623763561248779,0.03662635013461113,0.24549464881420135,,,,
456,10967,,,,0.9897307753562927,0.051372457295656204,0.9109114408493042,0.7027409672737122
456,10967,0.9623923301696777,0.03843965753912926,0.24124467372894287,,,,
457,10991,,,,0.9897307753562927,0.05144687369465828,0.9109114408493042,0.7178358435630798
457,10991,0.9571673274040222,0.03607975319027901,0.25624892115592957,,,,
458,11015,,,,0.9858598709106445,0.0524623841047287,0.9109114408493042,0.739211916923523
458,11015,0.9549536108970642,0.032672636210918427,0.2695077359676361,,,,
459,11039,,,,0.9897307753562927,0.0522727444767952,0.9150713682174683,0.7282856106758118
459,11039,0.9408298134803772,0.03341755270957947,0.29714226722717285,,,,
460,11063,,,,0.9897307753562927,0.05216550454497337,0.9150713682174683,0.7366030812263489
460,11063,0.9505314826965332,0.035325974225997925,0.24998430907726288,,,,
461,11087,,,,0.9897307753562927,0.05099925398826599,0.9150713682174683,0.7032067775726318
461,11087,0.9581179618835449,0.03435187414288521,0.2627883851528168,,,,
462,11111,,,,0.9858598709106445,0.053975947201251984,0.9236295223236084,0.7336339354515076
462,11111,0.964623212814331,0.034278880804777145,0.23204179108142853,,,,
463,11135,,,,0.9897307753562927,0.051143527030944824,0.9150713682174683,0.7180073857307434
463,11135,0.9605786204338074,0.03813271224498749,0.2692278027534485,,,,
464,11159,,,,0.9897307753562927,0.051155511289834976,0.9109114408493042,0.7238994240760803
464,11159,0.9555937647819519,0.03331281244754791,0.2682285010814667,,,,
465,11183,,,,0.9897307753562927,0.051046475768089294,0.9150713682174683,0.7321749329566956
465,11183,0.9620186686515808,0.037046004086732864,0.21260671317577362,,,,
466,11207,,,,0.9858598709106445,0.05288773775100708,0.9150713682174683,0.7040160298347473
466,11207,0.9643691182136536,0.03821049630641937,0.22866617143154144,,,,
467,11231,,,,0.9897307753562927,0.05184593051671982,0.9109114408493042,0.7119717001914978
467,11231,0.9654685854911804,0.03369201347231865,0.2517210841178894,,,,
468,11255,,,,0.9897307753562927,0.05125768482685089,0.9150713682174683,0.7253127098083496
468,11255,0.9614527821540833,0.03750855103135109,0.24765662848949432,,,,
469,11279,,,,0.9897307753562927,0.051892928779125214,0.9150713682174683,0.7723063230514526
469,11279,0.9564018249511719,0.03654435649514198,0.2726329267024994,,,,
470,11303,,,,0.9897307753562927,0.04957745969295502,0.9109114408493042,0.7441412210464478
470,11303,0.9565370082855225,0.03751905634999275,0.26350653171539307,,,,
471,11327,,,,0.9897307753562927,0.05009640008211136,0.9109114408493042,0.7653326988220215
471,11327,0.968630850315094,0.03533715754747391,0.222842738032341,,,,
472,11351,,,,0.9897307753562927,0.05110359564423561,0.9109114408493042,0.6600766181945801
472,11351,0.9616434574127197,0.040633026510477066,0.2507454752922058,,,,
473,11375,,,,0.9897307753562927,0.0511319562792778,0.9150713682174683,0.7042654752731323
473,11375,0.956122875213623,0.03582840785384178,0.2685944736003876,,,,
474,11399,,,,0.9858598709106445,0.052099715918302536,0.9236295223236084,0.7292431592941284
474,11399,0.9614652991294861,0.03450231999158859,0.24747037887573242,,,,
475,11423,,,,0.9897307753562927,0.050076790153980255,0.9150713682174683,0.7055250406265259
475,11423,0.9631431698799133,0.0373663567006588,0.25938355922698975,,,,
476,11447,,,,0.9897307753562927,0.05038773640990257,0.9150713682174683,0.7383010387420654
476,11447,0.9410755634307861,0.03215869143605232,0.28891149163246155,,,,
477,11471,,,,0.9897307753562927,0.051639020442962646,0.9150713682174683,0.7726287841796875
477,11471,0.9621887803077698,0.03147541359066963,0.23432135581970215,,,,
478,11495,,,,0.9858598709106445,0.05183473974466324,0.919593095779419,0.69685959815979
478,11495,0.9552971720695496,0.039797041565179825,0.2820778489112854,,,,
479,11519,,,,0.9897307753562927,0.051730282604694366,0.9150713682174683,0.7248119711875916
479,11519,0.9695396423339844,0.03547324240207672,0.21055300533771515,,,,
480,11543,,,,0.9858598709106445,0.053020402789115906,0.9150713682174683,0.7573699951171875
480,11543,0.9475724697113037,0.03649285063147545,0.28328076004981995,,,,
481,11567,,,,0.9897307753562927,0.04924600571393967,0.9150713682174683,0.7401719093322754
481,11567,0.9603161811828613,0.03257592022418976,0.2608303129673004,,,,
482,11591,,,,0.9897307753562927,0.05131193995475769,0.9150713682174683,0.7247233390808105
482,11591,0.963532030582428,0.03229912370443344,0.23685461282730103,,,,
483,11615,,,,0.9897307753562927,0.05170338973402977,0.9109114408493042,0.7680370807647705
483,11615,0.9578625559806824,0.036995191127061844,0.24155265092849731,,,,
484,11639,,,,0.9897307753562927,0.048894599080085754,0.9150713682174683,0.6834341883659363
484,11639,0.9562907814979553,0.033678844571113586,0.24743129312992096,,,,
485,11663,,,,0.9897307753562927,0.05001438781619072,0.9150713682174683,0.7250897288322449
485,11663,0.9636087417602539,0.03345109894871712,0.20755727589130402,,,,
486,11687,,,,0.9897307753562927,0.04885648190975189,0.9150713682174683,0.7203099131584167
486,11687,0.9557957649230957,0.03692173212766647,0.29424789547920227,,,,
487,11711,,,,0.9897307753562927,0.04968190938234329,0.9109114408493042,0.7848566174507141
487,11711,0.9661102890968323,0.032317474484443665,0.23898683488368988,,,,
488,11735,,,,0.9897307753562927,0.04943445324897766,0.9150713682174683,0.724328339099884
488,11735,0.9607688784599304,0.03640655055642128,0.24991746246814728,,,,
489,11759,,,,0.9897307753562927,0.048493560403585434,0.9109114408493042,0.7563621997833252
489,11759,0.9669929146766663,0.03268028795719147,0.2164463996887207,,,,
490,11783,,,,0.9897307753562927,0.04908370599150658,0.9150713682174683,0.7488882541656494
490,11783,0.9686203598976135,0.03026295267045498,0.2216508984565735,,,,
491,11807,,,,0.9897307753562927,0.04942240193486214,0.9109114408493042,0.7478841543197632
491,11807,0.9603423476219177,0.034822870045900345,0.20665597915649414,,,,
492,11831,,,,0.9858598709106445,0.050390612334012985,0.9154331684112549,0.766879677772522
492,11831,0.95725417137146,0.03357116878032684,0.21707411110401154,,,,
493,11855,,,,0.9897307753562927,0.04935752600431442,0.9150713682174683,0.7494615912437439
493,11855,0.9591095447540283,0.030599398538470268,0.2355065941810608,,,,
494,11879,,,,0.9897307753562927,0.04962552338838577,0.9150713682174683,0.7128133773803711
494,11879,0.9492191672325134,0.03270037844777107,0.27559325098991394,,,,
495,11903,,,,0.9897307753562927,0.05316879600286484,0.9109114408493042,0.7311962246894836
495,11903,0.9597997665405273,0.03527975454926491,0.23650462925434113,,,,
496,11927,,,,0.9897307753562927,0.048797331750392914,0.9109114408493042,0.7324792742729187
496,11927,0.9604678153991699,0.037026550620794296,0.2290920466184616,,,,
497,11951,,,,0.9858598709106445,0.0526646226644516,0.9194696545600891,0.7913692593574524
497,11951,0.9559555649757385,0.03872854635119438,0.25277701020240784,,,,
498,11975,,,,0.9897307753562927,0.04736345261335373,0.9109114408493042,0.7589773535728455
498,11975,0.9632810950279236,0.030585171654820442,0.22905321419239044,,,,
499,11999,,,,0.9897307753562927,0.04750105366110802,0.9150713682174683,0.7551565766334534
499,11999,0.9539358615875244,0.033188238739967346,0.2645227015018463,,,,
