epoch,step,train_acc,train_div_loss,train_total_loss,val_src_acc,val_src_class_loss,val_tgt_acc,val_tgt_class_loss
0,23,,,,0.3186028301715851,1.3907470703125,0.16918401420116425,1.402620553970337
0,23,0.2796918451786041,0.0042001064866781235,2.7886297702789307,,,,
1,47,,,,0.3186028301715851,1.3864355087280273,0.16918401420116425,1.394775390625
1,47,0.2893517315387726,0.0037136413156986237,2.7783148288726807,,,,
2,71,,,,0.3186028301715851,1.3821136951446533,0.16918401420116425,1.3869898319244385
2,71,0.266117125749588,0.006243046373128891,2.771521806716919,,,,
3,95,,,,0.3186028301715851,1.377242922782898,0.16918401420116425,1.378275752067566
3,95,0.29230090975761414,0.0065704756416380405,2.7584803104400635,,,,
4,119,,,,0.5607815980911255,1.371974229812622,0.7021353840827942,1.368363618850708
4,119,0.29620301723480225,0.007403056602925062,2.7465221881866455,,,,
5,143,,,,0.573819637298584,1.3659428358078003,0.7021353840827942,1.3568267822265625
5,143,0.3808816969394684,0.01144352089613676,2.7326390743255615,,,,
6,167,,,,0.573819637298584,1.3600211143493652,0.7021353840827942,1.345472812652588
6,167,0.3893103301525116,0.014666728675365448,2.724637985229492,,,,
7,191,,,,0.573819637298584,1.3537652492523193,0.7021353840827942,1.333253264427185
7,191,0.4129205644130707,0.012362831272184849,2.712214231491089,,,,
8,215,,,,0.573819637298584,1.3469911813735962,0.7021353840827942,1.319065809249878
8,215,0.4669605493545532,0.012921086512506008,2.6953279972076416,,,,
9,239,,,,0.573819637298584,1.3406635522842407,0.7021353840827942,1.3063633441925049
9,239,0.4685920476913452,0.013484922237694263,2.6872193813323975,,,,
10,263,,,,0.573819637298584,1.3349204063415527,0.7021353840827942,1.2955167293548584
10,263,0.5010892152786255,0.015008091926574707,2.680309534072876,,,,
11,287,,,,0.573819637298584,1.3289178609848022,0.7021353840827942,1.284225344657898
11,287,0.4932493269443512,0.019827494397759438,2.663926362991333,,,,
12,311,,,,0.573819637298584,1.3229999542236328,0.7021353840827942,1.2737499475479126
12,311,0.5323430895805359,0.026439229026436806,2.6441991329193115,,,,
13,335,,,,0.573819637298584,1.3165483474731445,0.7021353840827942,1.2630525827407837
13,335,0.5370383262634277,0.03488108888268471,2.6280436515808105,,,,
14,359,,,,0.573819637298584,1.3096235990524292,0.7021353840827942,1.252632975578308
14,359,0.5637922286987305,0.027477791532874107,2.6304638385772705,,,,
15,383,,,,0.573819637298584,1.30185866355896,0.7021353840827942,1.242506742477417
15,383,0.5601137280464172,0.030015742406249046,2.599466562271118,,,,
16,407,,,,0.573819637298584,1.294053077697754,0.7021353840827942,1.2329597473144531
16,407,0.5655311942100525,0.030393624678254128,2.5959887504577637,,,,
17,431,,,,0.573819637298584,1.2850908041000366,0.7021353840827942,1.2234630584716797
17,431,0.5722057223320007,0.02451452612876892,2.580850601196289,,,,
18,455,,,,0.573819637298584,1.2761235237121582,0.7021353840827942,1.2153724431991577
18,455,0.5682545304298401,0.026194460690021515,2.5792672634124756,,,,
19,479,,,,0.573819637298584,1.265798568725586,0.7021353840827942,1.2040064334869385
19,479,0.5802287459373474,0.02567954547703266,2.543513774871826,,,,
20,503,,,,0.573819637298584,1.253833293914795,0.7021353840827942,1.1917927265167236
20,503,0.5759382843971252,0.024344222620129585,2.5254619121551514,,,,
21,527,,,,0.558434009552002,1.2400283813476562,0.7021353840827942,1.1776418685913086
21,527,0.5823995471000671,0.033422574400901794,2.513643741607666,,,,
22,551,,,,0.5625039339065552,1.2243452072143555,0.6939290761947632,1.1630452871322632
22,551,0.5888238549232483,0.035861942917108536,2.4783272743225098,,,,
23,575,,,,0.5617448091506958,1.2064926624298096,0.6886301636695862,1.1475985050201416
23,575,0.5829190611839294,0.036096375435590744,2.4414515495300293,,,,
24,599,,,,0.5606659054756165,1.1887047290802002,0.6866360902786255,1.1290684938430786
24,599,0.5994129180908203,0.025584520772099495,2.4346535205841064,,,,
25,623,,,,0.5735501050949097,1.1684250831604004,0.6814913153648376,1.1065330505371094
25,623,0.6164417862892151,0.03675861656665802,2.368157148361206,,,,
26,647,,,,0.5851391553878784,1.1470987796783447,0.6900479793548584,1.0879583358764648
26,647,0.6101700067520142,0.037806738168001175,2.358396053314209,,,,
27,671,,,,0.628108024597168,1.1247358322143555,0.6981143355369568,1.0657424926757812
27,671,0.619961142539978,0.041811589151620865,2.311093330383301,,,,
28,695,,,,0.6645164489746094,1.1015325784683228,0.7160407304763794,1.047839879989624
28,695,0.6357557773590088,0.03963521495461464,2.280169725418091,,,,
29,719,,,,0.6683111190795898,1.0756829977035522,0.7175827622413635,1.0219323635101318
29,719,0.6478304266929626,0.047966938465833664,2.2497403621673584,,,,
30,743,,,,0.6807042360305786,1.0506056547164917,0.7263625860214233,0.9953657388687134
30,743,0.656482458114624,0.04489804804325104,2.1816022396087646,,,,
31,767,,,,0.6926374435424805,1.023971438407898,0.7436063289642334,0.968550980091095
31,767,0.658159613609314,0.045003458857536316,2.118274450302124,,,,
32,791,,,,0.6952251195907593,0.9977877736091614,0.7750654816627502,0.9460653066635132
32,791,0.6669875979423523,0.062015414237976074,2.1171066761016846,,,,
33,815,,,,0.7039850950241089,0.971673309803009,0.8099062442779541,0.9273282885551453
33,815,0.6539227962493896,0.05927320942282677,2.05753231048584,,,,
34,839,,,,0.7037389278411865,0.9481213688850403,0.8351707458496094,0.907183051109314
34,839,0.6772493720054626,0.07180801033973694,2.025679349899292,,,,
35,863,,,,0.7646152973175049,0.9218489527702332,0.8237811923027039,0.8718424439430237
35,863,0.6756779551506042,0.06696787476539612,1.972784399986267,,,,
36,887,,,,0.781025767326355,0.8970847129821777,0.8623616099357605,0.8576600551605225
36,887,0.6935266852378845,0.06851650774478912,1.9464993476867676,,,,
37,911,,,,0.783435583114624,0.876975417137146,0.8823570013046265,0.8349717855453491
37,911,0.6801824569702148,0.05597999691963196,1.9181022644042969,,,,
38,935,,,,0.7844763994216919,0.8563925623893738,0.87424635887146,0.8173514604568481
38,935,0.702267587184906,0.09625736624002457,1.8779035806655884,,,,
39,959,,,,0.7607529163360596,0.836995005607605,0.866004467010498,0.8004254698753357
39,959,0.6989080905914307,0.11371922492980957,1.827224612236023,,,,
40,983,,,,0.7296058535575867,0.8215075135231018,0.8612041473388672,0.7902616262435913
40,983,0.6931149959564209,0.1193544864654541,1.8247359991073608,,,,
41,1007,,,,0.7121403217315674,0.8067111968994141,0.848827600479126,0.7825134992599487
41,1007,0.6909244656562805,0.1341141313314438,1.7985278367996216,,,,
42,1031,,,,0.7121403217315674,0.7927932739257812,0.848827600479126,0.7619217038154602
42,1031,0.6798661351203918,0.11765718460083008,1.7760496139526367,,,,
43,1055,,,,0.7088658809661865,0.7777376770973206,0.8466230034828186,0.7511518001556396
43,1055,0.6938422322273254,0.10019800812005997,1.7390655279159546,,,,
44,1079,,,,0.6891813278198242,0.766663670539856,0.8349943161010742,0.7482476234436035
44,1079,0.7161081433296204,0.11567573994398117,1.7142452001571655,,,,
45,1103,,,,0.7009667754173279,0.7555863857269287,0.8468124270439148,0.72041916847229
45,1103,0.7058196067810059,0.12018301337957382,1.6784148216247559,,,,
46,1127,,,,0.6891813278198242,0.7466496825218201,0.8264440298080444,0.7190006375312805
46,1127,0.7052813172340393,0.12770207226276398,1.704147219657898,,,,
47,1151,,,,0.6904667019844055,0.7398116588592529,0.822646975517273,0.7136719226837158
47,1151,0.7134971022605896,0.14055882394313812,1.7185816764831543,,,,
48,1175,,,,0.6805965304374695,0.7329750061035156,0.8096799850463867,0.7119193077087402
48,1175,0.7138529419898987,0.11963357776403427,1.6366547346115112,,,,
49,1199,,,,0.6824051141738892,0.7265478372573853,0.8184306621551514,0.7027760744094849
49,1199,0.6968109011650085,0.17162351310253143,1.698328971862793,,,,
50,1223,,,,0.6824051141738892,0.7203294038772583,0.8179082870483398,0.7017090916633606
50,1223,0.7035964131355286,0.15447282791137695,1.6479204893112183,,,,
51,1247,,,,0.6883670091629028,0.7126004099845886,0.8264440298080444,0.6848834156990051
51,1247,0.6999435424804688,0.15459951758384705,1.6373502016067505,,,,
52,1271,,,,0.6883670091629028,0.7076941728591919,0.8302384614944458,0.682189404964447
52,1271,0.6939786076545715,0.16305707395076752,1.626312255859375,,,,
53,1295,,,,0.6883670091629028,0.7023127675056458,0.8251888751983643,0.6805089712142944
53,1295,0.7026509642601013,0.13551868498325348,1.5846842527389526,,,,
54,1319,,,,0.6875461339950562,0.7015407085418701,0.8246817588806152,0.6963661909103394
54,1319,0.7239519953727722,0.12926006317138672,1.591101050376892,,,,
55,1343,,,,0.7042413949966431,0.6930978298187256,0.8411545753479004,0.6663224101066589
55,1343,0.7164577841758728,0.1578657478094101,1.5476270914077759,,,,
56,1367,,,,0.7024410963058472,0.6888294219970703,0.846600353717804,0.6668446063995361
56,1367,0.6948227882385254,0.17897935211658478,1.607763409614563,,,,
57,1391,,,,0.7043812274932861,0.6851418614387512,0.8460695743560791,0.6715559959411621
57,1391,0.7035925984382629,0.16862612962722778,1.5986143350601196,,,,
58,1415,,,,0.7043812274932861,0.6803364157676697,0.8462589383125305,0.6603555083274841
58,1415,0.6993396878242493,0.17955809831619263,1.5794512033462524,,,,
59,1439,,,,0.7043812274932861,0.6772844791412354,0.8460695743560791,0.6579413414001465
59,1439,0.7164098620414734,0.1480688899755478,1.542953610420227,,,,
60,1463,,,,0.6942936182022095,0.673297107219696,0.8371502757072449,0.6650789380073547
60,1463,0.7001428604125977,0.14715592563152313,1.519171118736267,,,,
61,1487,,,,0.7071691751480103,0.6696712970733643,0.8460695743560791,0.6559528112411499
61,1487,0.6996252536773682,0.16730423271656036,1.529824137687683,,,,
62,1511,,,,0.7063405513763428,0.6652671098709106,0.8464943170547485,0.643316924571991
62,1511,0.7218735814094543,0.1670796424150467,1.4998258352279663,,,,
63,1535,,,,0.7063405513763428,0.6607334613800049,0.8464943170547485,0.6335442662239075
63,1535,0.7145773768424988,0.20005834102630615,1.5077568292617798,,,,
64,1559,,,,0.7091671824455261,0.6613805890083313,0.8425961136817932,0.657155454158783
64,1559,0.7132969498634338,0.16852891445159912,1.5234808921813965,,,,
65,1583,,,,0.7136384844779968,0.6576107144355774,0.8464943170547485,0.6469275951385498
65,1583,0.7055991291999817,0.15093864500522614,1.5274100303649902,,,,
66,1607,,,,0.7142830491065979,0.655427873134613,0.8464943170547485,0.6479884386062622
66,1607,0.7009968757629395,0.1600273698568344,1.4939733743667603,,,,
67,1631,,,,0.7149542570114136,0.6518582701683044,0.850639283657074,0.6425111293792725
67,1631,0.6792571544647217,0.1854848712682724,1.4768600463867188,,,,
68,1655,,,,0.7284857034683228,0.6488480567932129,0.8582497835159302,0.639490008354187
68,1655,0.6958051323890686,0.2158939689397812,1.50743567943573,,,,
69,1679,,,,0.723703920841217,0.6476891040802002,0.8547698259353638,0.6504926681518555
69,1679,0.6992233395576477,0.2021806240081787,1.4691925048828125,,,,
70,1703,,,,0.7240439653396606,0.6437808275222778,0.8544202446937561,0.6376257538795471
70,1703,0.729353666305542,0.24511849880218506,1.4680827856063843,,,,
71,1727,,,,0.741852879524231,0.6410495042800903,0.8582497835159302,0.6346771121025085
71,1727,0.7167553305625916,0.1654009371995926,1.4486727714538574,,,,
72,1751,,,,0.7534945607185364,0.6376484632492065,0.866952657699585,0.6363545656204224
72,1751,0.7273020148277283,0.18998932838439941,1.442365050315857,,,,
73,1775,,,,0.7621888518333435,0.6345587372779846,0.8828026056289673,0.6229603886604309
73,1775,0.6960079073905945,0.19807082414627075,1.479242205619812,,,,
74,1799,,,,0.779633641242981,0.6329842805862427,0.8790226578712463,0.6250903606414795
74,1799,0.7263355255126953,0.22296880185604095,1.4463286399841309,,,,
75,1823,,,,0.7797200679779053,0.6311622262001038,0.8782771825790405,0.6274094581604004
75,1823,0.7256906628608704,0.22349393367767334,1.4267040491104126,,,,
76,1847,,,,0.7778342962265015,0.6292902231216431,0.8782771825790405,0.6364994049072266
76,1847,0.7210276126861572,0.24140699207782745,1.4285255670547485,,,,
77,1871,,,,0.7754493355751038,0.6279565095901489,0.8828026056289673,0.628725528717041
77,1871,0.7107906341552734,0.20662666857242584,1.437833309173584,,,,
78,1895,,,,0.8022643327713013,0.6250990629196167,0.8747106194496155,0.6222124099731445
78,1895,0.7297182679176331,0.2781170904636383,1.4284653663635254,,,,
79,1919,,,,0.7778342962265015,0.6220872402191162,0.8828026056289673,0.6274415850639343
79,1919,0.7194759845733643,0.2327507734298706,1.3951884508132935,,,,
80,1943,,,,0.7871570587158203,0.6191721558570862,0.8790226578712463,0.6258213520050049
80,1943,0.7138708233833313,0.263530969619751,1.3805221319198608,,,,
81,1967,,,,0.7955515384674072,0.6175076961517334,0.8747106194496155,0.6251525282859802
81,1967,0.7149651050567627,0.1866697520017624,1.4233832359313965,,,,
82,1991,,,,0.8093999028205872,0.615229606628418,0.8747106194496155,0.6155655980110168
82,1991,0.7385703921318054,0.24894756078720093,1.4053224325180054,,,,
83,2015,,,,0.8093999028205872,0.612369954586029,0.8663073778152466,0.6201019287109375
83,2015,0.7242469191551208,0.23394857347011566,1.3856481313705444,,,,
84,2039,,,,0.8182916045188904,0.6094667315483093,0.8664783239364624,0.6125174760818481
84,2039,0.7295411229133606,0.26736363768577576,1.3950716257095337,,,,
85,2063,,,,0.8182916045188904,0.609624981880188,0.8664783239364624,0.6357718110084534
85,2063,0.7155831456184387,0.22303946316242218,1.395706295967102,,,,
86,2087,,,,0.8182916045188904,0.603687584400177,0.8664783239364624,0.6099843978881836
86,2087,0.7505276203155518,0.2351585477590561,1.3339729309082031,,,,
87,2111,,,,0.8093999028205872,0.6035618782043457,0.8664783239364624,0.6244117021560669
87,2111,0.7106893062591553,0.2399107664823532,1.3734456300735474,,,,
88,2135,,,,0.8182916045188904,0.60077303647995,0.8664783239364624,0.6176196336746216
88,2135,0.7296414971351624,0.2505750358104706,1.3791818618774414,,,,
89,2159,,,,0.8231279253959656,0.5983590483665466,0.8664783239364624,0.6054471135139465
89,2159,0.7268526554107666,0.21692587435245514,1.3753160238265991,,,,
90,2183,,,,0.8366686105728149,0.5957062840461731,0.8664783239364624,0.6004528403282166
90,2183,0.7248280048370361,0.2462783008813858,1.3460745811462402,,,,
91,2207,,,,0.8272258043289185,0.5940248370170593,0.8664783239364624,0.6127040982246399
91,2207,0.7397751212120056,0.25424924492836,1.3292641639709473,,,,
92,2231,,,,0.8176311254501343,0.5934493541717529,0.8664783239364624,0.6175756454467773
92,2231,0.7166292667388916,0.24248097836971283,1.3654909133911133,,,,
93,2255,,,,0.8272258043289185,0.5898314118385315,0.8664783239364624,0.6037554144859314
93,2255,0.7453656792640686,0.23440909385681152,1.344617247581482,,,,
94,2279,,,,0.831349790096283,0.5876138210296631,0.8664783239364624,0.6050925254821777
94,2279,0.733483612537384,0.23539386689662933,1.310634732246399,,,,
95,2303,,,,0.8354073166847229,0.5852963924407959,0.8664783239364624,0.6074097156524658
95,2303,0.7454047203063965,0.2744234502315521,1.3373618125915527,,,,
96,2327,,,,0.8366686105728149,0.5818489193916321,0.8635232448577881,0.5930961966514587
96,2327,0.7422860264778137,0.2690972685813904,1.3505325317382812,,,,
97,2351,,,,0.8360424637794495,0.5805643796920776,0.8635232448577881,0.5958551168441772
97,2351,0.7358107566833496,0.22287368774414062,1.3419092893600464,,,,
98,2375,,,,0.8354073166847229,0.5794840455055237,0.8556569814682007,0.6112870573997498
98,2375,0.7319464683532715,0.2962433099746704,1.318845510482788,,,,
99,2399,,,,0.8405174016952515,0.5747196674346924,0.8556569814682007,0.5802118182182312
99,2399,0.7473894953727722,0.2866876423358917,1.3107954263687134,,,,
100,2423,,,,0.8392823934555054,0.5731514692306519,0.8556569814682007,0.6045976877212524
100,2423,0.7240845561027527,0.23473934829235077,1.3160555362701416,,,,
101,2447,,,,0.856687605381012,0.5687843561172485,0.8568712472915649,0.5964900255203247
101,2447,0.7459017634391785,0.24503642320632935,1.313605785369873,,,,
102,2471,,,,0.8469308614730835,0.5662655234336853,0.8525094389915466,0.5790832042694092
102,2471,0.7177534699440002,0.29421356320381165,1.3119442462921143,,,,
103,2495,,,,0.8476476669311523,0.564692497253418,0.852805495262146,0.5908939838409424
103,2495,0.7536544799804688,0.32873407006263733,1.2808457612991333,,,,
104,2519,,,,0.8392823934555054,0.5627666711807251,0.8556569814682007,0.592130184173584
104,2519,0.7545943856239319,0.25335171818733215,1.2763506174087524,,,,
105,2543,,,,0.8476476669311523,0.5601093769073486,0.8556569814682007,0.5958861708641052
105,2543,0.7396220564842224,0.27979132533073425,1.3009324073791504,,,,
106,2567,,,,0.8564628958702087,0.557923436164856,0.8568712472915649,0.5818822979927063
106,2567,0.7574643492698669,0.3526879847049713,1.3077380657196045,,,,
107,2591,,,,0.8392823934555054,0.5568225383758545,0.8556569814682007,0.5953202843666077
107,2591,0.7366417050361633,0.2690626084804535,1.2820404767990112,,,,
108,2615,,,,0.8523825407028198,0.5553682446479797,0.852805495262146,0.5988261103630066
108,2615,0.7335417866706848,0.2817630469799042,1.2766039371490479,,,,
109,2639,,,,0.8462957143783569,0.5525690913200378,0.8662506937980652,0.5737835168838501
109,2639,0.7434037327766418,0.3316706717014313,1.277795433998108,,,,
110,2663,,,,0.8476476669311523,0.5505573749542236,0.852805495262146,0.5780313611030579
110,2663,0.7476625442504883,0.2915971577167511,1.2511440515518188,,,,
111,2687,,,,0.856687605381012,0.5493370294570923,0.852805495262146,0.5969335436820984
111,2687,0.7625332474708557,0.3148750960826874,1.2723331451416016,,,,
112,2711,,,,0.856687605381012,0.5470669865608215,0.852805495262146,0.591111421585083
112,2711,0.7405518889427185,0.3060995638370514,1.2690043449401855,,,,
113,2735,,,,0.8523825407028198,0.5448592901229858,0.852805495262146,0.5678353905677795
113,2735,0.745358407497406,0.2999766767024994,1.2711087465286255,,,,
114,2759,,,,0.8476476669311523,0.543611466884613,0.8556569814682007,0.5742819309234619
114,2759,0.743750810623169,0.3347128927707672,1.2847658395767212,,,,
115,2783,,,,0.856687605381012,0.5417588949203491,0.852805495262146,0.5714343190193176
115,2783,0.7488512992858887,0.3181058466434479,1.230080485343933,,,,
116,2807,,,,0.8469308614730835,0.5380599498748779,0.8525094389915466,0.5523151159286499
116,2807,0.7603554129600525,0.2679372727870941,1.1992322206497192,,,,
117,2831,,,,0.8523825407028198,0.5370211005210876,0.852805495262146,0.5843508243560791
117,2831,0.7648866772651672,0.31517624855041504,1.2361289262771606,,,,
118,2855,,,,0.8462957143783569,0.5343666076660156,0.8711891770362854,0.565211832523346
118,2855,0.7429277300834656,0.26477012038230896,1.228950023651123,,,,
119,2879,,,,0.8462957143783569,0.5320490598678589,0.8711891770362854,0.5545016527175903
119,2879,0.7583210468292236,0.2809203565120697,1.2172170877456665,,,,
120,2903,,,,0.8462957143783569,0.5308405756950378,0.8711891770362854,0.5848541259765625
120,2903,0.7617713809013367,0.2921702265739441,1.2199454307556152,,,,
121,2927,,,,0.8462957143783569,0.529178261756897,0.8711891770362854,0.5776734948158264
121,2927,0.751997172832489,0.31191322207450867,1.2372361421585083,,,,
122,2951,,,,0.8462957143783569,0.5279304385185242,0.8568712472915649,0.579270601272583
122,2951,0.7602242827415466,0.3684253692626953,1.2069774866104126,,,,
123,2975,,,,0.8453781604766846,0.5250023603439331,0.8711891770362854,0.5640367269515991
123,2975,0.7542052865028381,0.31532344222068787,1.2287282943725586,,,,
124,2999,,,,0.8564628958702087,0.5241492986679077,0.8568712472915649,0.5757154822349548
124,2999,0.7489823698997498,0.32538267970085144,1.2263221740722656,,,,
125,3023,,,,0.8453781604766846,0.5206809043884277,0.8711891770362854,0.561633825302124
125,3023,0.7793180346488953,0.2857705354690552,1.2112230062484741,,,,
126,3047,,,,0.8453781604766846,0.5187879204750061,0.8663017153739929,0.5679787397384644
126,3047,0.7434470057487488,0.34368646144866943,1.222922444343567,,,,
127,3071,,,,0.8453781604766846,0.5166186690330505,0.8711891770362854,0.565306544303894
127,3071,0.7585704326629639,0.4437989294528961,1.2167483568191528,,,,
128,3095,,,,0.8462957143783569,0.515216052532196,0.8568712472915649,0.5772932767868042
128,3095,0.7683520317077637,0.24773602187633514,1.187741756439209,,,,
129,3119,,,,0.8453781604766846,0.5117757320404053,0.8711891770362854,0.5526565313339233
129,3119,0.7618197798728943,0.4222061336040497,1.2137266397476196,,,,
130,3143,,,,0.8462957143783569,0.5108669400215149,0.8664816617965698,0.5644694566726685
130,3143,0.7705242037773132,0.3781348466873169,1.22291100025177,,,,
131,3167,,,,0.8519071340560913,0.5106061697006226,0.8568712472915649,0.5682162046432495
131,3167,0.7506982684135437,0.42023375630378723,1.2317684888839722,,,,
132,3191,,,,0.8453781604766846,0.5078151226043701,0.8653817176818848,0.5577602982521057
132,3191,0.7470530867576599,0.4328487813472748,1.1987186670303345,,,,
133,3215,,,,0.8564628958702087,0.5061255097389221,0.852805495262146,0.5584558248519897
133,3215,0.7496327757835388,0.33266520500183105,1.1868809461593628,,,,
134,3239,,,,0.850989580154419,0.5035349726676941,0.8568712472915649,0.5556302070617676
134,3239,0.7435690760612488,0.4051285982131958,1.165859580039978,,,,
135,3263,,,,0.8453781604766846,0.5011560320854187,0.8568712472915649,0.5574589371681213
135,3263,0.7675662040710449,0.3745931386947632,1.167332649230957,,,,
136,3287,,,,0.850989580154419,0.49932336807250977,0.8568712472915649,0.5600109696388245
136,3287,0.761207103729248,0.34970176219940186,1.1691827774047852,,,,
137,3311,,,,0.8453781604766846,0.49718210101127625,0.8732660412788391,0.5599780082702637
137,3311,0.7616992592811584,0.38534602522850037,1.169019103050232,,,,
138,3335,,,,0.8453781604766846,0.49607929587364197,0.8751776218414307,0.5613428950309753
138,3335,0.7560043334960938,0.3216509521007538,1.1838456392288208,,,,
139,3359,,,,0.8453781604766846,0.4945877492427826,0.8653817176818848,0.5482244491577148
139,3359,0.7341309189796448,0.3603644371032715,1.1854044198989868,,,,
140,3383,,,,0.8453781604766846,0.492509126663208,0.8568712472915649,0.5483418703079224
140,3383,0.7655261158943176,0.33985912799835205,1.1640310287475586,,,,
141,3407,,,,0.850989580154419,0.4910854995250702,0.8568712472915649,0.5506462454795837
141,3407,0.7517080307006836,0.30936139822006226,1.1529618501663208,,,,
142,3431,,,,0.8564628958702087,0.48956263065338135,0.852805495262146,0.5504990816116333
142,3431,0.7689542770385742,0.3651144802570343,1.1602683067321777,,,,
143,3455,,,,0.8564628958702087,0.48842892050743103,0.852805495262146,0.5467144250869751
143,3455,0.7545862793922424,0.3479890823364258,1.1893200874328613,,,,
144,3479,,,,0.8453781604766846,0.4876009225845337,0.8520578145980835,0.5803473591804504
144,3479,0.758493185043335,0.35573437809944153,1.1964191198349,,,,
145,3503,,,,0.8456013202667236,0.4857110381126404,0.8568712472915649,0.5728367567062378
145,3503,0.7521842122077942,0.35842037200927734,1.1752806901931763,,,,
146,3527,,,,0.8461006879806519,0.48251545429229736,0.8711891770362854,0.5461287498474121
146,3527,0.7587084770202637,0.3579190969467163,1.1379956007003784,,,,
147,3551,,,,0.8461520671844482,0.4798048138618469,0.8711891770362854,0.5535295605659485
147,3551,0.7900636792182922,0.29271742701530457,1.1187771558761597,,,,
148,3575,,,,0.8461520671844482,0.4775797426700592,0.8711891770362854,0.5411940217018127
148,3575,0.7635220885276794,0.37666597962379456,1.143377423286438,,,,
149,3599,,,,0.8562144637107849,0.4790385067462921,0.852805495262146,0.5636333227157593
149,3599,0.776924192905426,0.33064141869544983,1.1415315866470337,,,,
150,3623,,,,0.8468149900436401,0.47620266675949097,0.8732150197029114,0.5563410520553589
150,3623,0.7579495906829834,0.38624677062034607,1.1519407033920288,,,,
151,3647,,,,0.8468149900436401,0.47332239151000977,0.8751776218414307,0.5408408045768738
151,3647,0.7655735611915588,0.41516733169555664,1.140093445777893,,,,
152,3671,,,,0.8468149900436401,0.47156476974487305,0.8568712472915649,0.5486800670623779
152,3671,0.7701568007469177,0.4406224191188812,1.135351300239563,,,,
153,3695,,,,0.8523992300033569,0.47088631987571716,0.852805495262146,0.5361144542694092
153,3695,0.7628235220909119,0.3120005130767822,1.1345502138137817,,,,
154,3719,,,,0.8468149900436401,0.4677272140979767,0.877622127532959,0.5373982787132263
154,3719,0.7780025601387024,0.36365482211112976,1.1103702783584595,,,,
155,3743,,,,0.8523992300033569,0.4668249189853668,0.852805495262146,0.534980833530426
155,3743,0.7714681029319763,0.37786468863487244,1.1114284992218018,,,,
156,3767,,,,0.8523992300033569,0.4649565517902374,0.852805495262146,0.5545720458030701
156,3767,0.7711288928985596,0.3147777020931244,1.11519455909729,,,,
157,3791,,,,0.8510982394218445,0.4617132842540741,0.8712561130523682,0.5258996486663818
157,3791,0.7772393822669983,0.37042006850242615,1.1072958707809448,,,,
158,3815,,,,0.8468149900436401,0.4592858850955963,0.8751776218414307,0.5512977838516235
158,3815,0.7874447703361511,0.36856019496917725,1.084549903869629,,,,
159,3839,,,,0.8566469550132751,0.4583035111427307,0.8529914617538452,0.5311092138290405
159,3839,0.7598745226860046,0.39298903942108154,1.0978020429611206,,,,
160,3863,,,,0.8613021373748779,0.45885464549064636,0.8529914617538452,0.5461207628250122
160,3863,0.7496853470802307,0.4201716482639313,1.1314480304718018,,,,
161,3887,,,,0.8588125109672546,0.4545413851737976,0.8538898825645447,0.5292803049087524
161,3887,0.7848967909812927,0.3704834282398224,1.1077611446380615,,,,
162,3911,,,,0.8588125109672546,0.4536738693714142,0.8538898825645447,0.5247935056686401
162,3911,0.7797091007232666,0.3748246133327484,1.0972651243209839,,,,
163,3935,,,,0.853263795375824,0.4508749842643738,0.849274754524231,0.5531178712844849
163,3935,0.7760353088378906,0.539064347743988,1.1041165590286255,,,,
164,3959,,,,0.8550563454627991,0.4490397274494171,0.8718088865280151,0.5362144708633423
164,3959,0.7889279723167419,0.3925994336605072,1.0545181035995483,,,,
165,3983,,,,0.8606049418449402,0.4483424425125122,0.8538898825645447,0.5382715463638306
165,3983,0.7735318541526794,0.43578267097473145,1.1204980611801147,,,,
166,4007,,,,0.8606049418449402,0.4478342831134796,0.8434607982635498,0.558055579662323
166,4007,0.7868756651878357,0.3739849627017975,1.0954009294509888,,,,
167,4031,,,,0.8606049418449402,0.4456234276294708,0.8538898825645447,0.5310603976249695
167,4031,0.7772365212440491,0.400176078081131,1.0698775053024292,,,,
168,4055,,,,0.8679012060165405,0.44294387102127075,0.8558185696601868,0.5305952429771423
168,4055,0.7831127047538757,0.3535103499889374,1.0837417840957642,,,,
169,4079,,,,0.8614016175270081,0.44048184156417847,0.8558185696601868,0.5178375840187073
169,4079,0.7805234789848328,0.44971999526023865,1.1019433736801147,,,,
170,4103,,,,0.8614016175270081,0.4374426007270813,0.8558185696601868,0.5210907459259033
170,4103,0.7870173454284668,0.38658228516578674,1.060376763343811,,,,
171,4127,,,,0.8647498488426208,0.4368700087070465,0.8558185696601868,0.5222464203834534
171,4127,0.7879067063331604,0.31359967589378357,1.0770262479782104,,,,
172,4151,,,,0.8692554235458374,0.4365304112434387,0.8558185696601868,0.525214433670044
172,4151,0.795987606048584,0.39470550417900085,1.0560564994812012,,,,
173,4175,,,,0.8675627112388611,0.4343149960041046,0.8558185696601868,0.5244326591491699
173,4175,0.7874595522880554,0.34784436225891113,1.0718863010406494,,,,
174,4199,,,,0.8675627112388611,0.43250325322151184,0.8558185696601868,0.5141149759292603
174,4199,0.7797804474830627,0.35990849137306213,1.060280203819275,,,,
175,4223,,,,0.8648613095283508,0.43068355321884155,0.8558185696601868,0.5237501263618469
175,4223,0.7820022106170654,0.4328540861606598,1.053585171699524,,,,
176,4247,,,,0.8642455339431763,0.42834216356277466,0.851203441619873,0.5335909724235535
176,4247,0.7928994297981262,0.4088745415210724,1.0452944040298462,,,,
177,4271,,,,0.8614455461502075,0.4282377064228058,0.8647161722183228,0.5308123826980591
177,4271,0.7638774514198303,0.5360336899757385,1.086694598197937,,,,
178,4295,,,,0.8675627112388611,0.42806580662727356,0.851203441619873,0.5301239490509033
178,4295,0.7833763957023621,0.4966588020324707,1.0684925317764282,,,,
179,4319,,,,0.8675627112388611,0.42773884534835815,0.8558185696601868,0.5255626440048218
179,4319,0.7617207169532776,0.3972737491130829,1.074149489402771,,,,
180,4343,,,,0.8669469356536865,0.4260913133621216,0.8558185696601868,0.5254196524620056
180,4343,0.8050064444541931,0.35654792189598083,1.0479048490524292,,,,
181,4367,,,,0.8642455339431763,0.42329156398773193,0.8453894853591919,0.5368732810020447
181,4367,0.766336977481842,0.45815396308898926,1.065272331237793,,,,
182,4391,,,,0.8803194165229797,0.42058971524238586,0.8558185696601868,0.5123558044433594
182,4391,0.7979192733764648,0.43452581763267517,1.0126382112503052,,,,
183,4415,,,,0.8854424357414246,0.41963496804237366,0.8558185696601868,0.5160132646560669
183,4415,0.7765613198280334,0.45511189103126526,1.0384308099746704,,,,
184,4439,,,,0.8772836923599243,0.4194011986255646,0.851203441619873,0.5240232944488525
184,4439,0.8022080063819885,0.5042107701301575,1.0431288480758667,,,,
185,4463,,,,0.8899480104446411,0.4174622893333435,0.851203441619873,0.5204576849937439
185,4463,0.7908204197883606,0.3697902262210846,1.0197665691375732,,,,
186,4487,,,,0.8854424357414246,0.41374966502189636,0.8558185696601868,0.5112442374229431
186,4487,0.8029313683509827,0.46227583289146423,1.01491379737854,,,,
187,4511,,,,0.8922927379608154,0.41197726130485535,0.8565288186073303,0.503075361251831
187,4511,0.7948054671287537,0.4299977719783783,1.0354571342468262,,,,
188,4535,,,,0.8964024186134338,0.40765589475631714,0.8565288186073303,0.5071152448654175
188,4535,0.7991390824317932,0.5530858635902405,1.0046230554580688,,,,
189,4559,,,,0.8922927379608154,0.40561366081237793,0.851203441619873,0.5175179839134216
189,4559,0.830003023147583,0.3624415695667267,0.9856674075126648,,,,
190,4583,,,,0.8922927379608154,0.4043973684310913,0.8565288186073303,0.5039955377578735
190,4583,0.7900629043579102,0.4560527801513672,1.011644959449768,,,,
191,4607,,,,0.9013580083847046,0.4037141501903534,0.8565288186073303,0.4991913139820099
191,4607,0.7889018058776855,0.4678828716278076,1.0364621877670288,,,,
192,4631,,,,0.8989642858505249,0.40174436569213867,0.8453894853591919,0.5280195474624634
192,4631,0.8128833174705505,0.44772687554359436,0.9904873967170715,,,,
193,4655,,,,0.9001863598823547,0.3979414403438568,0.8620871305465698,0.5078491568565369
193,4655,0.7797594666481018,0.4494461715221405,1.0214508771896362,,,,
194,4679,,,,0.8964024186134338,0.3973630964756012,0.8519136905670166,0.5138025283813477
194,4679,0.7897663712501526,0.4582423269748688,1.0152606964111328,,,,
195,4703,,,,0.9026007652282715,0.3969888985157013,0.8620871305465698,0.5021812319755554
195,4703,0.8337507247924805,0.4739252030849457,1.00171959400177,,,,
196,4727,,,,0.9026007652282715,0.3954724371433258,0.8620871305465698,0.4998432993888855
196,4727,0.8108462691307068,0.3817044198513031,1.0064489841461182,,,,
197,4751,,,,0.9026007652282715,0.393539160490036,0.8620871305465698,0.4999638795852661
197,4751,0.7979082465171814,0.3812962472438812,0.9921901822090149,,,,
198,4775,,,,0.9056179523468018,0.3906004726886749,0.8620871305465698,0.49900296330451965
198,4775,0.8084316253662109,0.5026416182518005,0.9871612191200256,,,,
199,4799,,,,0.9026007652282715,0.3892521560192108,0.8574720025062561,0.5077685117721558
199,4799,0.7971730828285217,0.42640864849090576,0.9860937595367432,,,,
200,4823,,,,0.9056179523468018,0.3878123462200165,0.8656551241874695,0.501403272151947
200,4823,0.8099001049995422,0.486081600189209,1.0105464458465576,,,,
201,4847,,,,0.9056179523468018,0.3865410089492798,0.8526996970176697,0.5112779140472412
201,4847,0.7980253100395203,0.4663991630077362,0.9713130593299866,,,,
202,4871,,,,0.9026007652282715,0.38425424695014954,0.8526996970176697,0.5121867656707764
202,4871,0.8064350485801697,0.623855710029602,0.9901530742645264,,,,
203,4895,,,,0.8978307247161865,0.3847421407699585,0.8519136905670166,0.5038796067237854
203,4895,0.8160504698753357,0.5227251648902893,0.9674457907676697,,,,
204,4919,,,,0.9129166603088379,0.38086652755737305,0.8649590015411377,0.5045974254608154
204,4919,0.8223610520362854,0.4619957506656647,0.9557645320892334,,,,
205,4943,,,,0.9056179523468018,0.38109296560287476,0.8526996970176697,0.5050246715545654
205,4943,0.8037464618682861,0.5566086769104004,0.9645258784294128,,,,
206,4967,,,,0.9175669550895691,0.3789205849170685,0.8727246522903442,0.4959299862384796
206,4967,0.8046331405639648,0.4966161549091339,0.980931282043457,,,,
207,4991,,,,0.9217338562011719,0.3784138560295105,0.8695741295814514,0.498697429895401
207,4991,0.8259119391441345,0.6073556542396545,0.9428028464317322,,,,
208,5015,,,,0.9138070344924927,0.3747718334197998,0.8562676906585693,0.5145387649536133
208,5015,0.8090291619300842,0.5142139196395874,0.9431998133659363,,,,
209,5039,,,,0.9217338562011719,0.3729607164859772,0.8601866960525513,0.5161031484603882
209,5039,0.8309761881828308,0.4458635747432709,0.940460205078125,,,,
210,5063,,,,0.9217338562011719,0.3728283643722534,0.8601866960525513,0.5061520338058472
210,5063,0.814573347568512,0.5586065053939819,1.0170468091964722,,,,
211,5087,,,,0.9175669550895691,0.3708627223968506,0.8695741295814514,0.49539345502853394
211,5087,0.8339031338691711,0.6159304976463318,0.9699775576591492,,,,
212,5111,,,,0.9210918545722961,0.3694118559360504,0.8637278079986572,0.5065136551856995
212,5111,0.8217762112617493,0.44889035820961,0.9577414393424988,,,,
213,5135,,,,0.9217338562011719,0.3690509498119354,0.8562676906585693,0.5244584083557129
213,5135,0.8288710713386536,0.5761721134185791,0.960735023021698,,,,
214,5159,,,,0.9217338562011719,0.36663147807121277,0.8601866960525513,0.5053703784942627
214,5159,0.8315371870994568,0.4972025156021118,0.9272615313529968,,,,
215,5183,,,,0.9210918545722961,0.3628012537956238,0.8727246522903442,0.49668094515800476
215,5183,0.8338289260864258,0.6158844828605652,0.928856372833252,,,,
216,5207,,,,0.9299091100692749,0.36363935470581055,0.8727246522903442,0.4949488341808319
216,5207,0.8257911801338196,0.5383118987083435,0.9643502235412598,,,,
217,5231,,,,0.9263842105865479,0.3633662164211273,0.8601866960525513,0.5033017992973328
217,5231,0.8230754733085632,0.5210829377174377,0.9504104256629944,,,,
218,5255,,,,0.9210918545722961,0.36045071482658386,0.8727246522903442,0.4949389696121216
218,5255,0.8051085472106934,0.4906536340713501,0.956437885761261,,,,
219,5279,,,,0.9299091100692749,0.36278730630874634,0.8727246522903442,0.4894056022167206
219,5279,0.8195376396179199,0.5764395594596863,0.9359802603721619,,,,
220,5303,,,,0.9217338562011719,0.36036181449890137,0.8562676906585693,0.5071322917938232
220,5303,0.8372170925140381,0.48872387409210205,0.9391002655029297,,,,
221,5327,,,,0.9210918545722961,0.3578391373157501,0.8732531070709229,0.4929165840148926
221,5327,0.8111567497253418,0.48951348662376404,0.9572084546089172,,,,
222,5351,,,,0.9248986840248108,0.3556087613105774,0.8732531070709229,0.49276432394981384
222,5351,0.8417949080467224,0.44477084279060364,0.9165699481964111,,,,
223,5375,,,,0.9210918545722961,0.3534007966518402,0.8637278079986572,0.5115641355514526
223,5375,0.8263089060783386,0.541698694229126,0.9200089573860168,,,,
224,5399,,,,0.9248986840248108,0.3513408601284027,0.8642562627792358,0.506313681602478
224,5399,0.8392780423164368,0.5266544818878174,0.9165307879447937,,,,
225,5423,,,,0.9248986840248108,0.35087862610816956,0.8732531070709229,0.4940650463104248
225,5423,0.8169918656349182,0.738426148891449,0.939359188079834,,,,
226,5447,,,,0.9299091100692749,0.3485678732395172,0.8637278079986572,0.5033499598503113
226,5447,0.8536887168884277,0.6178128719329834,0.8907100558280945,,,,
227,5471,,,,0.9337159395217896,0.3471458852291107,0.8642562627792358,0.5070313811302185
227,5471,0.8182885050773621,0.528247594833374,0.9024478793144226,,,,
228,5495,,,,0.9293597340583801,0.3458409905433655,0.8642562627792358,0.49499812722206116
228,5495,0.8308205604553223,0.5099886059761047,0.8995428085327148,,,,
229,5519,,,,0.9299091100692749,0.3441576063632965,0.8637278079986572,0.507358729839325
229,5519,0.8675985932350159,0.5556190609931946,0.8724157214164734,,,,
230,5543,,,,0.9293597340583801,0.340870201587677,0.8642562627792358,0.5021982789039612
230,5543,0.8306819796562195,0.546876847743988,0.8997524380683899,,,,
231,5567,,,,0.9255529046058655,0.33941325545310974,0.8243983387947083,0.530247688293457
231,5567,0.834069013595581,0.5776181221008301,0.8911989331245422,,,,
232,5591,,,,0.9293597340583801,0.3373600244522095,0.8648421764373779,0.49604177474975586
232,5591,0.8327247500419617,0.6003983616828918,0.9133539199829102,,,,
233,5615,,,,0.9248986840248108,0.3349628448486328,0.8648421764373779,0.5061306357383728
233,5615,0.8407535552978516,0.5330300331115723,0.8900055289268494,,,,
234,5639,,,,0.9337159395217896,0.3357371389865875,0.8637278079986572,0.5098651647567749
234,5639,0.8449411392211914,0.5716680884361267,0.8599257469177246,,,,
235,5663,,,,0.9337159395217896,0.33153533935546875,0.8648421764373779,0.4983363449573517
235,5663,0.8528814911842346,0.6296307444572449,0.8678390383720398,,,,
236,5687,,,,0.9337159395217896,0.32927894592285156,0.8265544176101685,0.5242562890052795
236,5687,0.8456428050994873,0.6083437204360962,0.892721951007843,,,,
237,5711,,,,0.9337159395217896,0.33015158772468567,0.8691719770431519,0.49362412095069885
237,5711,0.8149781227111816,0.6038918495178223,0.9597042202949524,,,,
238,5735,,,,0.9337159395217896,0.3277142345905304,0.8691719770431519,0.49626845121383667
238,5735,0.8647616505622864,0.57145756483078,0.8651519417762756,,,,
239,5759,,,,0.9293597340583801,0.3246116042137146,0.8648421764373779,0.5070862770080566
239,5759,0.8526530265808105,0.631889283657074,0.8754851818084717,,,,
240,5783,,,,0.9293597340583801,0.3237471878528595,0.8648421764373779,0.4946853518486023
240,5783,0.8488395810127258,0.4691835641860962,0.8529049754142761,,,,
241,5807,,,,0.9293597340583801,0.3233909010887146,0.8691719770431519,0.4936189651489258
241,5807,0.8479757905006409,0.5753228664398193,0.8820925354957581,,,,
242,5831,,,,0.9337159395217896,0.3219947814941406,0.8648421764373779,0.5028961896896362
242,5831,0.8358864784240723,0.5531348586082458,0.8650873303413391,,,,
243,5855,,,,0.9293597340583801,0.32081517577171326,0.8691719770431519,0.49646031856536865
243,5855,0.8429695963859558,0.6144376397132874,0.8713436722755432,,,,
244,5879,,,,0.9337159395217896,0.31935539841651917,0.8648421764373779,0.4960411787033081
244,5879,0.8479099273681641,0.5272418856620789,0.8617746233940125,,,,
245,5903,,,,0.9337159395217896,0.31860655546188354,0.8648421764373779,0.49364182353019714
245,5903,0.867333710193634,0.6443120241165161,0.8396039605140686,,,,
246,5927,,,,0.9337159395217896,0.3153073787689209,0.8780572414398193,0.4894128441810608
246,5927,0.8718867301940918,0.641909658908844,0.8376811146736145,,,,
247,5951,,,,0.9337159395217896,0.3141530156135559,0.8691719770431519,0.49663132429122925
247,5951,0.8456049561500549,0.558821976184845,0.8746222853660583,,,,
248,5975,,,,0.9337159395217896,0.3119177520275116,0.8691719770431519,0.49114108085632324
248,5975,0.8571534156799316,0.5784420967102051,0.8104467391967773,,,,
249,5999,,,,0.9337159395217896,0.31039413809776306,0.8739442825317383,0.48981931805610657
249,5999,0.8411628603935242,0.6978200078010559,0.8889129757881165,,,,
250,6023,,,,0.9293597340583801,0.3093501925468445,0.8691719770431519,0.49463191628456116
250,6023,0.8275651931762695,0.6572991609573364,0.8696135878562927,,,,
251,6047,,,,0.9337159395217896,0.3111916780471802,0.8691719770431519,0.49761003255844116
251,6047,0.8456386923789978,0.6714473366737366,0.8437252640724182,,,,
252,6071,,,,0.9293597340583801,0.30825820565223694,0.8646543025970459,0.5101473927497864
252,6071,0.8528590798377991,0.6759844422340393,0.8502722382545471,,,,
253,6095,,,,0.9337159395217896,0.30847427248954773,0.8691719770431519,0.4895671010017395
253,6095,0.8620398044586182,0.601200520992279,0.8493625521659851,,,,
254,6119,,,,0.9337159395217896,0.30886197090148926,0.8691719770431519,0.4915454089641571
254,6119,0.8534496426582336,0.5019213557243347,0.8550658822059631,,,,
255,6143,,,,0.9337159395217896,0.3068316578865051,0.8691719770431519,0.4972781240940094
255,6143,0.8626317977905273,0.6589099764823914,0.8271043300628662,,,,
256,6167,,,,0.9293597340583801,0.3031782805919647,0.8780572414398193,0.4875934422016144
256,6167,0.8685553073883057,0.6993457674980164,0.8274512887001038,,,,
257,6191,,,,0.9337159395217896,0.3047022223472595,0.8691719770431519,0.48753687739372253
257,6191,0.8407099843025208,0.7155936360359192,0.8506746888160706,,,,
258,6215,,,,0.9337159395217896,0.30176931619644165,0.8691719770431519,0.4884044826030731
258,6215,0.8612673282623291,0.6864772439002991,0.8546531200408936,,,,
259,6239,,,,0.9337159395217896,0.3008524477481842,0.8739442825317383,0.4862673580646515
259,6239,0.8550047278404236,0.6409745812416077,0.8359634876251221,,,,
260,6263,,,,0.9337159395217896,0.30032387375831604,0.8739442825317383,0.4862211048603058
260,6263,0.8703303337097168,0.719814121723175,0.8396966457366943,,,,
261,6287,,,,0.9337159395217896,0.29980534315109253,0.8646543025970459,0.5013037919998169
261,6287,0.8595109581947327,0.5699604153633118,0.7985135912895203,,,,
262,6311,,,,0.9337159395217896,0.2972637414932251,0.8691719770431519,0.500023603439331
262,6311,0.8639666438102722,0.7517411112785339,0.8074624538421631,,,,
263,6335,,,,0.9293597340583801,0.29569241404533386,0.8739442825317383,0.48716413974761963
263,6335,0.8636526465415955,0.5576278567314148,0.8102496266365051,,,,
264,6359,,,,0.9337159395217896,0.2941003143787384,0.8691719770431519,0.49445641040802
264,6359,0.8608407974243164,0.6085512042045593,0.8063059449195862,,,,
265,6383,,,,0.9339169859886169,0.29399386048316956,0.8691719770431519,0.4925030767917633
265,6383,0.8566427826881409,0.676846981048584,0.8552402853965759,,,,
266,6407,,,,0.9337159395217896,0.29305705428123474,0.8691719770431519,0.4941878318786621
266,6407,0.8635507225990295,0.7000110745429993,0.7960608601570129,,,,
267,6431,,,,0.9337159395217896,0.2909834682941437,0.8691719770431519,0.49011707305908203
267,6431,0.8606855273246765,0.6822142601013184,0.8051120638847351,,,,
268,6455,,,,0.9337159395217896,0.29092395305633545,0.8691719770431519,0.4938012361526489
268,6455,0.8491389751434326,0.6666460633277893,0.8349926471710205,,,,
269,6479,,,,0.9337159395217896,0.29182517528533936,0.8691719770431519,0.4899149239063263
269,6479,0.8656050562858582,0.653569757938385,0.8247177004814148,,,,
270,6503,,,,0.9293597340583801,0.2884276807308197,0.8691719770431519,0.49368977546691895
270,6503,0.8643324375152588,0.5287089347839355,0.8140750527381897,,,,
271,6527,,,,0.9293597340583801,0.2868735194206238,0.8691719770431519,0.49317559599876404
271,6527,0.8758036494255066,0.7320533394813538,0.7909658551216125,,,,
272,6551,,,,0.9337159395217896,0.2852674722671509,0.8691719770431519,0.4948534667491913
272,6551,0.8795900344848633,0.6091120839118958,0.7765730023384094,,,,
273,6575,,,,0.9454731345176697,0.2837319076061249,0.8719063401222229,0.49146270751953125
273,6575,0.8657142519950867,0.7045032978057861,0.8097817897796631,,,,
274,6599,,,,0.9416295289993286,0.28197750449180603,0.8691719770431519,0.49492147564888
274,6599,0.8559727668762207,0.8803665637969971,0.8174126744270325,,,,
275,6623,,,,0.9337159395217896,0.2826876640319824,0.8737092018127441,0.4924582540988922
275,6623,0.8704620003700256,0.7840206027030945,0.7989963889122009,,,,
276,6647,,,,0.9382731914520264,0.2787412703037262,0.8691719770431519,0.49001580476760864
276,6647,0.8811172842979431,0.7229350209236145,0.7821621298789978,,,,
277,6671,,,,0.9411169290542603,0.2759164869785309,0.8719063401222229,0.489077627658844
277,6671,0.8690224289894104,0.9118927121162415,0.7749428153038025,,,,
278,6695,,,,0.9411169290542603,0.2755821943283081,0.8719063401222229,0.48957329988479614
278,6695,0.8542037606239319,0.8142957091331482,0.8297662734985352,,,,
279,6719,,,,0.9454731345176697,0.2769823670387268,0.8825944662094116,0.48434120416641235
279,6719,0.8580648303031921,0.7880630493164062,0.7792313694953918,,,,
280,6743,,,,0.9454731345176697,0.27446621656417847,0.8691719770431519,0.4862903356552124
280,6743,0.8715631365776062,0.4703913629055023,0.7931274771690369,,,,
281,6767,,,,0.9454731345176697,0.27336931228637695,0.8691719770431519,0.4897283613681793
281,6767,0.8618925213813782,0.7220578193664551,0.7834529876708984,,,,
282,6791,,,,0.9416295289993286,0.27125123143196106,0.8691719770431519,0.49324995279312134
282,6791,0.8634767532348633,0.749859094619751,0.7802119851112366,,,,
283,6815,,,,0.9382731914520264,0.2709728479385376,0.8737092018127441,0.49122387170791626
283,6815,0.8729431629180908,0.7994363903999329,0.7943655848503113,,,,
284,6839,,,,0.947757363319397,0.27001142501831055,0.8833957314491272,0.48802247643470764
284,6839,0.8538020253181458,0.7322850227355957,0.8154752254486084,,,,
285,6863,,,,0.9454731345176697,0.26936909556388855,0.8719063401222229,0.48727309703826904
285,6863,0.8517656326293945,0.9228286147117615,0.8032894730567932,,,,
286,6887,,,,0.9454731345176697,0.2671099007129669,0.8719063401222229,0.48831862211227417
286,6887,0.8710415959358215,0.671235978603363,0.7858756184577942,,,,
287,6911,,,,0.9483577013015747,0.2645450234413147,0.8749569654464722,0.4901323914527893
287,6911,0.8820827603340149,0.7703547477722168,0.7392347455024719,,,,
288,6935,,,,0.9416295289993286,0.2638755440711975,0.8737092018127441,0.49033498764038086
288,6935,0.8738770484924316,0.6611509919166565,0.7517409324645996,,,,
289,6959,,,,0.9454731345176697,0.261823445558548,0.8719063401222229,0.48961687088012695
289,6959,0.8868093490600586,0.8560133576393127,0.7272545695304871,,,,
290,6983,,,,0.9454731345176697,0.25999996066093445,0.87644362449646,0.48929718136787415
290,6983,0.8843309879302979,0.5136730074882507,0.7487754821777344,,,,
291,7007,,,,0.9454731345176697,0.2598477303981781,0.87644362449646,0.4867706894874573
291,7007,0.8633408546447754,0.852565348148346,0.782843291759491,,,,
292,7031,,,,0.9454731345176697,0.2604003846645355,0.8853288292884827,0.4840925931930542
292,7031,0.8616030812263489,0.7932755351066589,0.7888864874839783,,,,
293,7055,,,,0.9483577013015747,0.2580450475215912,0.8749569654464722,0.4860224723815918
293,7055,0.8829885125160217,0.7701480388641357,0.751409113407135,,,,
294,7079,,,,0.944099485874176,0.25670862197875977,0.8818562030792236,0.4875081777572632
294,7079,0.8757445216178894,0.5716156959533691,0.7911182045936584,,,,
295,7103,,,,0.9416295289993286,0.25607582926750183,0.8737092018127441,0.48744845390319824
295,7103,0.8709065318107605,0.8525071144104004,0.760204553604126,,,,
296,7127,,,,0.9454731345176697,0.2543998956680298,0.8691719770431519,0.489560604095459
296,7127,0.8966639637947083,0.8887498378753662,0.7461349368095398,,,,
297,7151,,,,0.9520156383514404,0.25374141335487366,0.886929988861084,0.4895663261413574
297,7151,0.8594226837158203,0.7757081389427185,0.7974291443824768,,,,
298,7175,,,,0.9454731345176697,0.25377464294433594,0.87644362449646,0.4887235164642334
298,7175,0.8879554271697998,0.8564173579216003,0.7352092862129211,,,,
299,7199,,,,0.9454731345176697,0.2514265775680542,0.87644362449646,0.48897117376327515
299,7199,0.8909902572631836,0.6838001608848572,0.7129599452018738,,,,
300,7223,,,,0.9454731345176697,0.24903374910354614,0.87644362449646,0.49886268377304077
300,7223,0.8783771991729736,0.7642078399658203,0.6968398094177246,,,,
301,7247,,,,0.9483577013015747,0.2473623901605606,0.8749569654464722,0.4927658140659332
301,7247,0.8806319236755371,0.7184297442436218,0.7607292532920837,,,,
302,7271,,,,0.9483577013015747,0.24607358872890472,0.8794942498207092,0.4915035367012024
302,7271,0.8905037045478821,0.8033259510993958,0.6895111203193665,,,,
303,7295,,,,0.9454731345176697,0.24445772171020508,0.87644362449646,0.4914529323577881
303,7295,0.8794569969177246,0.7256730198860168,0.743277370929718,,,,
304,7319,,,,0.9454731345176697,0.2434968501329422,0.87644362449646,0.4919147789478302
304,7319,0.8855456709861755,0.7685482501983643,0.703516960144043,,,,
305,7343,,,,0.9483577013015747,0.24192126095294952,0.8832144737243652,0.4920976161956787
305,7343,0.8764927983283997,0.9168193340301514,0.7378931641578674,,,,
306,7367,,,,0.9454731345176697,0.24218325316905975,0.8879330158233643,0.490648478269577
306,7367,0.8721045851707458,0.897621214389801,0.7531667351722717,,,,
307,7391,,,,0.9520156383514404,0.240495964884758,0.8835774660110474,0.4887992739677429
307,7391,0.8897197842597961,0.8264105916023254,0.7086875438690186,,,,
308,7415,,,,0.9483577013015747,0.24011670053005219,0.8868803381919861,0.4893498420715332
308,7415,0.8878572583198547,1.0103510618209839,0.7351273894309998,,,,
309,7439,,,,0.9483577013015747,0.23961889743804932,0.8881148099899292,0.4870327413082123
309,7439,0.8747589588165283,0.8460784554481506,0.7502224445343018,,,,
310,7463,,,,0.9454731345176697,0.23942077159881592,0.8860976696014404,0.48691970109939575
310,7463,0.8900488018989563,0.7186827063560486,0.7483611106872559,,,,
311,7487,,,,0.9520156383514404,0.2384004294872284,0.8963675498962402,0.4847704768180847
311,7487,0.8888364434242249,0.5999332070350647,0.7500198483467102,,,,
312,7511,,,,0.9520156383514404,0.2376769483089447,0.8963675498962402,0.4859597980976105
312,7511,0.8870353698730469,0.7257643342018127,0.6894754767417908,,,,
313,7535,,,,0.9483577013015747,0.23737609386444092,0.8832144737243652,0.48729246854782104
313,7535,0.8997214436531067,0.6879391074180603,0.7181056141853333,,,,
314,7559,,,,0.9483577013015747,0.23564279079437256,0.8832144737243652,0.48905032873153687
314,7559,0.8807020783424377,0.6436280608177185,0.7163960933685303,,,,
315,7583,,,,0.9492230415344238,0.23502370715141296,0.87644362449646,0.48945340514183044
315,7583,0.8990567326545715,1.0161986351013184,0.697171688079834,,,,
316,7607,,,,0.9520156383514404,0.23279260098934174,0.8963675498962402,0.4924395978450775
316,7607,0.8895271420478821,0.7274922728538513,0.6954970955848694,,,,
317,7631,,,,0.9520156383514404,0.23218274116516113,0.8934328556060791,0.4918893277645111
317,7631,0.8866772055625916,0.8928040862083435,0.7091240882873535,,,,
318,7655,,,,0.9520156383514404,0.23193685710430145,0.8963675498962402,0.4931488037109375
318,7655,0.894700288772583,0.8311884999275208,0.7011010050773621,,,,
319,7679,,,,0.9520156383514404,0.23033460974693298,0.8881148099899292,0.49114394187927246
319,7679,0.8989882469177246,0.8313892483711243,0.7348688244819641,,,,
320,7703,,,,0.9520156383514404,0.22893749177455902,0.8918932676315308,0.4913468360900879
320,7703,0.9000913500785828,0.8628827929496765,0.7187910676002502,,,,
321,7727,,,,0.9520156383514404,0.22562693059444427,0.882037878036499,0.4935300350189209
321,7727,0.900702714920044,0.9453473091125488,0.670656144618988,,,,
322,7751,,,,0.9520156383514404,0.2264620065689087,0.8881148099899292,0.4904831647872925
322,7751,0.8766676783561707,0.8770912289619446,0.6999120712280273,,,,
323,7775,,,,0.9520156383514404,0.22668056190013885,0.8963675498962402,0.4908197224140167
323,7775,0.883026659488678,1.0081826448440552,0.7833309173583984,,,,
324,7799,,,,0.9557654857635498,0.22731159627437592,0.8963675498962402,0.49166226387023926
324,7799,0.8952544331550598,1.0625555515289307,0.6989607810974121,,,,
325,7823,,,,0.9492230415344238,0.22843563556671143,0.8881148099899292,0.4880180358886719
325,7823,0.8991396427154541,0.8762872815132141,0.697415828704834,,,,
326,7847,,,,0.9557654857635498,0.2248508632183075,0.8881148099899292,0.4901290833950043
326,7847,0.8876340389251709,0.9628421664237976,0.6798998713493347,,,,
327,7871,,,,0.9557654857635498,0.2228965312242508,0.8881148099899292,0.491883248090744
327,7871,0.8993944525718689,0.6453697085380554,0.6967659592628479,,,,
328,7895,,,,0.9557654857635498,0.22090618312358856,0.888177752494812,0.4919639229774475
328,7895,0.8896166682243347,0.9144058227539062,0.660998523235321,,,,
329,7919,,,,0.9557654857635498,0.21964102983474731,0.8881148099899292,0.4944723844528198
329,7919,0.8955311179161072,1.0673762559890747,0.6685232520103455,,,,
330,7943,,,,0.9557654857635498,0.2178136110305786,0.8881148099899292,0.4963250458240509
330,7943,0.886573076248169,0.809722363948822,0.6566571593284607,,,,
331,7967,,,,0.9557654857635498,0.21665017306804657,0.8881148099899292,0.49789518117904663
331,7967,0.9011750817298889,0.9545151591300964,0.6544411182403564,,,,
332,7991,,,,0.9557654857635498,0.21507464349269867,0.8897173404693604,0.49796900153160095
332,7991,0.8968186974525452,0.895928144454956,0.7036281228065491,,,,
333,8015,,,,0.9557654857635498,0.21492023766040802,0.8979700803756714,0.49840015172958374
333,8015,0.8822066187858582,1.0945942401885986,0.6861059069633484,,,,
334,8039,,,,0.9557654857635498,0.21409301459789276,0.8979700803756714,0.49560144543647766
334,8039,0.8930413126945496,0.6543236374855042,0.6770325303077698,,,,
335,8063,,,,0.9520156383514404,0.2131034880876541,0.8979700803756714,0.4925400912761688
335,8063,0.8955499529838562,1.001083254814148,0.6522977948188782,,,,
336,8087,,,,0.9557654857635498,0.2116653025150299,0.8979700803756714,0.49317666888237
336,8087,0.8882089257240295,0.9781389832496643,0.6881272196769714,,,,
337,8111,,,,0.9557654857635498,0.21060675382614136,0.8979700803756714,0.49258169531822205
337,8111,0.899625301361084,0.7314519286155701,0.6707835793495178,,,,
338,8135,,,,0.9557654857635498,0.21165890991687775,0.8979700803756714,0.4885675013065338
338,8135,0.8985739350318909,1.0450668334960938,0.7431207299232483,,,,
339,8159,,,,0.9557654857635498,0.2098272442817688,0.8897173404693604,0.49101191759109497
339,8159,0.9056963920593262,1.0013266801834106,0.6485541462898254,,,,
340,8183,,,,0.9557654857635498,0.20948173105716705,0.8897173404693604,0.4914420247077942
340,8183,0.8941052556037903,0.8784728050231934,0.6866147518157959,,,,
341,8207,,,,0.9557654857635498,0.20775465667247772,0.8979700803756714,0.494961678981781
341,8207,0.907707154750824,1.063955307006836,0.6664297580718994,,,,
342,8231,,,,0.9474257230758667,0.20746316015720367,0.8932697772979736,0.4929102063179016
342,8231,0.8919007182121277,0.8902592658996582,0.681372880935669,,,,
343,8255,,,,0.9557654857635498,0.20769281685352325,0.8938302993774414,0.49406975507736206
343,8255,0.9108596444129944,1.1754149198532104,0.6560322642326355,,,,
344,8279,,,,0.9557654857635498,0.20569537580013275,0.896430492401123,0.49549710750579834
344,8279,0.9007979035377502,1.0138561725616455,0.6442187428474426,,,,
345,8303,,,,0.9474257230758667,0.2061712145805359,0.8932697772979736,0.49295902252197266
345,8303,0.9025118350982666,1.042356014251709,0.6808149218559265,,,,
346,8327,,,,0.9557654857635498,0.2051853984594345,0.9016717672348022,0.4864591956138611
346,8327,0.9095126986503601,0.9723120331764221,0.6380651593208313,,,,
347,8351,,,,0.9557654857635498,0.20361952483654022,0.9001321792602539,0.4955959916114807
347,8351,0.9042518734931946,0.8913955092430115,0.649901807308197,,,,
348,8375,,,,0.9557654857635498,0.2031170278787613,0.9016717672348022,0.5018336772918701
348,8375,0.8955316543579102,1.006474256515503,0.66253262758255,,,,
349,8399,,,,0.9557654857635498,0.2036161720752716,0.8897173404693604,0.4891516864299774
349,8399,0.9029147624969482,1.001423716545105,0.6536790132522583,,,,
350,8423,,,,0.9557654857635498,0.20375441014766693,0.9016717672348022,0.4942387640476227
350,8423,0.8890547156333923,1.1059566736221313,0.6400192379951477,,,,
351,8447,,,,0.9557654857635498,0.202470064163208,0.9001321792602539,0.4968726933002472
351,8447,0.9011039733886719,1.172009825706482,0.6935520172119141,,,,
352,8471,,,,0.9557654857635498,0.20152528584003448,0.8979700803756714,0.497542142868042
352,8471,0.9183170199394226,0.8492220044136047,0.5898594856262207,,,,
353,8495,,,,0.9557654857635498,0.19934137165546417,0.8979700803756714,0.4991135597229004
353,8495,0.9038733839988708,0.9833583831787109,0.658825695514679,,,,
354,8519,,,,0.9557654857635498,0.19958490133285522,0.9016717672348022,0.49127456545829773
354,8519,0.9110204577445984,1.0651293992996216,0.6143589019775391,,,,
355,8543,,,,0.9557654857635498,0.1977902352809906,0.9016717672348022,0.4916687607765198
355,8543,0.9148725867271423,0.9966946244239807,0.6373132467269897,,,,
356,8567,,,,0.9557654857635498,0.19756603240966797,0.9016717672348022,0.48762616515159607
356,8567,0.9020736217498779,1.012365460395813,0.6520869731903076,,,,
357,8591,,,,0.9557654857635498,0.19716286659240723,0.9016717672348022,0.4939711391925812
357,8591,0.9007000923156738,1.107630968093872,0.6595568656921387,,,,
358,8615,,,,0.9557654857635498,0.19630953669548035,0.8934189677238464,0.49102693796157837
358,8615,0.9091303944587708,1.0509699583053589,0.6569995284080505,,,,
359,8639,,,,0.9557654857635498,0.19534775614738464,0.9016717672348022,0.49619564414024353
359,8639,0.8875587582588196,0.9713433384895325,0.6348304748535156,,,,
360,8663,,,,0.9557654857635498,0.19668376445770264,0.9016717672348022,0.4978979825973511
360,8663,0.898637592792511,1.1367875337600708,0.6500385999679565,,,,
361,8687,,,,0.9557654857635498,0.1952964961528778,0.8934189677238464,0.489948034286499
361,8687,0.8942513465881348,0.9256886839866638,0.6424283385276794,,,,
362,8711,,,,0.9544651508331299,0.19407011568546295,0.895743727684021,0.49999046325683594
362,8711,0.9088754653930664,0.8450061678886414,0.6156836748123169,,,,
363,8735,,,,0.9544651508331299,0.19357135891914368,0.902438759803772,0.5021907687187195
363,8735,0.9062270522117615,0.8189293742179871,0.6398007869720459,,,,
364,8759,,,,0.9590550065040588,0.19375278055667877,0.9039782881736755,0.48749759793281555
364,8759,0.900200366973877,0.8318252563476562,0.6570399403572083,,,,
365,8783,,,,0.9626320600509644,0.19145937263965607,0.8998384475708008,0.48748722672462463
365,8783,0.9073697924613953,1.0176583528518677,0.630424439907074,,,,
366,8807,,,,0.9580422639846802,0.19159004092216492,0.8918607831001282,0.4884359538555145
366,8807,0.9133255481719971,1.3536930084228516,0.6489043831825256,,,,
367,8831,,,,0.9590550065040588,0.19108545780181885,0.892600417137146,0.4956868886947632
367,8831,0.9062768816947937,0.8697324395179749,0.6246717572212219,,,,
368,8855,,,,0.9544651508331299,0.18853530287742615,0.8978070020675659,0.4977445900440216
368,8855,0.8998841643333435,1.2958208322525024,0.6271832585334778,,,,
369,8879,,,,0.9590550065040588,0.1892143338918686,0.9039782881736755,0.5041667222976685
369,8879,0.8933312892913818,1.0955086946487427,0.6596832871437073,,,,
370,8903,,,,0.9580422639846802,0.1893922984600067,0.8997683525085449,0.5004696249961853
370,8903,0.9007222056388855,0.9566342830657959,0.6320654153823853,,,,
371,8927,,,,0.9580422639846802,0.18697069585323334,0.8958854079246521,0.49112239480018616
371,8927,0.9077289700508118,1.033591866493225,0.6168662905693054,,,,
372,8951,,,,0.9544651508331299,0.18518218398094177,0.8918607831001282,0.4964652359485626
372,8951,0.9097440838813782,1.3352274894714355,0.6113659739494324,,,,
373,8975,,,,0.9580422639846802,0.1839662790298462,0.900113582611084,0.49979209899902344
373,8975,0.9095726609230042,1.1879146099090576,0.628661572933197,,,,
374,8999,,,,0.9580422639846802,0.18408745527267456,0.8959737420082092,0.4988248348236084
374,8999,0.9120702743530273,1.2620912790298462,0.5923938155174255,,,,
375,9023,,,,0.9580422639846802,0.18509438633918762,0.902438759803772,0.5019797682762146
375,9023,0.9055984616279602,0.9106907248497009,0.6128597259521484,,,,
376,9047,,,,0.9580422639846802,0.183058500289917,0.9022703766822815,0.5039777159690857
376,9047,0.9118406772613525,0.9611563682556152,0.6069827079772949,,,,
377,9071,,,,0.9580422639846802,0.18068796396255493,0.895743727684021,0.5094842910766602
377,9071,0.9081223607063293,1.084375262260437,0.5937888026237488,,,,
378,9095,,,,0.9580422639846802,0.1810445487499237,0.902438759803772,0.5110467076301575
378,9095,0.914776623249054,1.0670486688613892,0.6223230957984924,,,,
379,9119,,,,0.9580422639846802,0.1803775280714035,0.902438759803772,0.5101445317268372
379,9119,0.912099301815033,0.9848175048828125,0.5889448523521423,,,,
380,9143,,,,0.9590550065040588,0.1793210506439209,0.8934189677238464,0.5065274238586426
380,9143,0.9041578769683838,1.1611052751541138,0.6455896496772766,,,,
381,9167,,,,0.9580422639846802,0.17767482995986938,0.8959737420082092,0.5032131671905518
381,9167,0.926629364490509,1.0456976890563965,0.5971581935882568,,,,
382,9191,,,,0.9544651508331299,0.17615941166877747,0.8895542621612549,0.5058701634407043
382,9191,0.9268190860748291,1.1380469799041748,0.5874379277229309,,,,
383,9215,,,,0.9590550065040588,0.17606419324874878,0.8934189677238464,0.499917596578598
383,9215,0.9034678936004639,1.2269681692123413,0.6012611389160156,,,,
384,9239,,,,0.9626320600509644,0.17590759694576263,0.9039782881736755,0.5020017027854919
384,9239,0.9054245352745056,1.0933855772018433,0.6094921231269836,,,,
385,9263,,,,0.9626320600509644,0.17453913390636444,0.9039782881736755,0.504738986492157
385,9263,0.9159314036369324,1.1633614301681519,0.5920292139053345,,,,
386,9287,,,,0.9580422639846802,0.17283597588539124,0.9041382074356079,0.5022872686386108
386,9287,0.917579710483551,1.120600700378418,0.5755305290222168,,,,
387,9311,,,,0.9626320600509644,0.17321603000164032,0.9064633846282959,0.5038044452667236
387,9311,0.9001571536064148,0.9862728714942932,0.6073458194732666,,,,
388,9335,,,,0.9626320600509644,0.17277811467647552,0.9039782881736755,0.513619601726532
388,9335,0.9222562313079834,1.0871621370315552,0.6035948395729065,,,,
389,9359,,,,0.9626320600509644,0.17300935089588165,0.8957255482673645,0.5016892552375793
389,9359,0.896247386932373,1.0990309715270996,0.6059883236885071,,,,
390,9383,,,,0.9626320600509644,0.17184752225875854,0.9039782881736755,0.5115215182304382
390,9383,0.9235426783561707,1.1866917610168457,0.5719174146652222,,,,
391,9407,,,,0.9580422639846802,0.1702110469341278,0.9041382074356079,0.5184021592140198
391,9407,0.918325662612915,1.1306852102279663,0.6170634627342224,,,,
392,9431,,,,0.9626320600509644,0.16991041600704193,0.9080029129981995,0.5154060125350952
392,9431,0.9116270542144775,1.156022310256958,0.6218017935752869,,,,
393,9455,,,,0.9626320600509644,0.16926226019859314,0.9064633846282959,0.5118577480316162
393,9455,0.9168782830238342,0.9470005631446838,0.5846143960952759,,,,
394,9479,,,,0.9626320600509644,0.16908518970012665,0.9080029129981995,0.5055800676345825
394,9479,0.926367461681366,1.2121397256851196,0.576870858669281,,,,
395,9503,,,,0.9626320600509644,0.1685459315776825,0.9064633846282959,0.5167796015739441
395,9503,0.910130500793457,0.979361355304718,0.5998994708061218,,,,
396,9527,,,,0.9626320600509644,0.1672670990228653,0.9064633846282959,0.5116498470306396
396,9527,0.9114184975624084,1.1068857908248901,0.6139934659004211,,,,
397,9551,,,,0.9618126153945923,0.16747060418128967,0.9041382074356079,0.5100725293159485
397,9551,0.8990705013275146,1.2523263692855835,0.6214628219604492,,,,
398,9575,,,,0.9590550065040588,0.1687011420726776,0.8934189677238464,0.5121725797653198
398,9575,0.9215795397758484,1.16657555103302,0.5585187077522278,,,,
399,9599,,,,0.9580422639846802,0.16621516644954681,0.900113582611084,0.5140461325645447
399,9599,0.9193670749664307,1.1192471981048584,0.5669044852256775,,,,
400,9623,,,,0.9580422639846802,0.16450700163841248,0.900113582611084,0.5237507224082947
400,9623,0.9304491877555847,1.2440325021743774,0.544711709022522,,,,
401,9647,,,,0.9580422639846802,0.16311106085777283,0.9041382074356079,0.5166239738464355
401,9647,0.9178907871246338,1.0116186141967773,0.5832290053367615,,,,
402,9671,,,,0.9618126153945923,0.16322261095046997,0.9041382074356079,0.513225257396698
402,9671,0.9225555062294006,1.1970677375793457,0.5807303786277771,,,,
403,9695,,,,0.9618126153945923,0.16337275505065918,0.8997683525085449,0.5184035301208496
403,9695,0.9257257580757141,1.219666600227356,0.5599416494369507,,,,
404,9719,,,,0.9580422639846802,0.1619955450296402,0.9041382074356079,0.5208642482757568
404,9719,0.9271106719970703,1.1451456546783447,0.5495348572731018,,,,
405,9743,,,,0.9580422639846802,0.16048245131969452,0.9041382074356079,0.5240756273269653
405,9743,0.9238575100898743,1.2044998407363892,0.552752673625946,,,,
406,9767,,,,0.9626320600509644,0.1600220799446106,0.9064633846282959,0.5171046853065491
406,9767,0.9310972690582275,1.1854252815246582,0.5738001465797424,,,,
407,9791,,,,0.9580422639846802,0.15895932912826538,0.9041382074356079,0.5232723951339722
407,9791,0.9129568934440613,0.9223135113716125,0.5711295008659363,,,,
408,9815,,,,0.9618126153945923,0.15980938076972961,0.9041382074356079,0.5271965265274048
408,9815,0.917384684085846,1.0853451490402222,0.5753446221351624,,,,
409,9839,,,,0.9580422639846802,0.15835584700107574,0.9064633846282959,0.5218581557273865
409,9839,0.9215565323829651,1.0218305587768555,0.5734335780143738,,,,
410,9863,,,,0.9618126153945923,0.15691854059696198,0.9041382074356079,0.5166658759117126
410,9863,0.9248239994049072,1.383086085319519,0.549691915512085,,,,
411,9887,,,,0.9626320600509644,0.15814143419265747,0.9108860492706299,0.5147859454154968
411,9887,0.9306304454803467,1.2698787450790405,0.5423265099525452,,,,
412,9911,,,,0.9580422639846802,0.15479470789432526,0.9041382074356079,0.5260807275772095
412,9911,0.9312816262245178,1.0774465799331665,0.5009143948554993,,,,
413,9935,,,,0.9580422639846802,0.15339848399162292,0.9041382074356079,0.5303640961647034
413,9935,0.924133837223053,1.0834563970565796,0.5310909152030945,,,,
414,9959,,,,0.9626320600509644,0.15409892797470093,0.9064633846282959,0.526191234588623
414,9959,0.9266986846923828,0.9576686024665833,0.5333474278450012,,,,
415,9983,,,,0.9664024710655212,0.15473555028438568,0.9080029129981995,0.52586430311203
415,9983,0.9238316416740417,1.3075027465820312,0.5363263487815857,,,,
416,10007,,,,0.9664024710655212,0.15311437845230103,0.8982105851173401,0.5176370143890381
416,10007,0.9290189743041992,1.1146961450576782,0.5559051632881165,,,,
417,10031,,,,0.9618126153945923,0.15317007899284363,0.8990723490715027,0.5292871594429016
417,10031,0.9167806506156921,1.3020621538162231,0.529714047908783,,,,
418,10055,,,,0.9664024710655212,0.15315964818000793,0.9074291586875916,0.5250585079193115
418,10055,0.9142977595329285,1.1786545515060425,0.573732316493988,,,,
419,10079,,,,0.9626320600509644,0.1515321284532547,0.9023235440254211,0.5226719379425049
419,10079,0.9202380180358887,1.4469517469406128,0.5664145350456238,,,,
420,10103,,,,0.9618126153945923,0.15195845067501068,0.9074291586875916,0.5201903581619263
420,10103,0.9085925221443176,1.0370389223098755,0.5654396414756775,,,,
421,10127,,,,0.9664024710655212,0.1525113880634308,0.9112938642501831,0.5232603549957275
421,10127,0.9209733605384827,1.2873715162277222,0.557493269443512,,,,
422,10151,,,,0.9626320600509644,0.15177127718925476,0.9093979597091675,0.5349199771881104
422,10151,0.9413312077522278,1.1119636297225952,0.5049508213996887,,,,
423,10175,,,,0.9664024710655212,0.14886614680290222,0.9080029129981995,0.5315362215042114
423,10175,0.9245527386665344,1.185989260673523,0.5472700595855713,,,,
424,10199,,,,0.9618126153945923,0.14684711396694183,0.9074291586875916,0.53309166431427
424,10199,0.9329895973205566,1.358136534690857,0.5389274954795837,,,,
425,10223,,,,0.9664024710655212,0.14856259524822235,0.9112938642501831,0.5304259657859802
425,10223,0.9237737655639648,1.2511166334152222,0.5744007229804993,,,,
426,10247,,,,0.9656491279602051,0.14938977360725403,0.9032361507415771,0.519564688205719
426,10247,0.9299802184104919,1.2639211416244507,0.5345942378044128,,,,
427,10271,,,,0.9656491279602051,0.1486455798149109,0.8990723490715027,0.5231775045394897
427,10271,0.9338089823722839,1.1943641901016235,0.547517716884613,,,,
428,10295,,,,0.9618126153945923,0.14676561951637268,0.8991255164146423,0.5243319869041443
428,10295,0.9294214248657227,1.3494453430175781,0.5377848148345947,,,,
429,10319,,,,0.9664024710655212,0.14605222642421722,0.8958854079246521,0.5295947790145874
429,10319,0.9266605973243713,1.3666305541992188,0.5657082200050354,,,,
430,10343,,,,0.9656491279602051,0.14587166905403137,0.9032653570175171,0.5366909503936768
430,10343,0.9163920879364014,1.2888156175613403,0.5466391444206238,,,,
431,10367,,,,0.9664024710655212,0.1461487114429474,0.8997501730918884,0.5240307450294495
431,10367,0.920920193195343,1.105482578277588,0.583031177520752,,,,
432,10391,,,,0.9664024710655212,0.14552700519561768,0.9071540832519531,0.5245636701583862
432,10391,0.9291408061981201,1.3374983072280884,0.515116274356842,,,,
433,10415,,,,0.9664024710655212,0.1455932855606079,0.8997501730918884,0.5245109796524048
433,10415,0.9144381880760193,1.1844964027404785,0.5555954575538635,,,,
434,10439,,,,0.9664024710655212,0.14479027688503265,0.9071540832519531,0.5289919972419739
434,10439,0.9151015877723694,1.3467503786087036,0.5370003581047058,,,,
435,10463,,,,0.9656491279602051,0.1442727893590927,0.8990723490715027,0.5372675061225891
435,10463,0.9204930663108826,1.3371134996414185,0.5405345559120178,,,,
436,10487,,,,0.9656491279602051,0.1448269784450531,0.8990723490715027,0.5389251112937927
436,10487,0.9245361685752869,1.1365978717803955,0.539892315864563,,,,
437,10511,,,,0.9618126153945923,0.14230352640151978,0.9074291586875916,0.5361077189445496
437,10511,0.9269354343414307,1.1311265230178833,0.5396038889884949,,,,
438,10535,,,,0.9664024710655212,0.14213691651821136,0.9112938642501831,0.5387251377105713
438,10535,0.9164848923683167,1.134981632232666,0.548862636089325,,,,
439,10559,,,,0.9664024710655212,0.14205330610275269,0.9074291586875916,0.5366224050521851
439,10559,0.9263729453086853,1.3706941604614258,0.5474556088447571,,,,
440,10583,,,,0.9664024710655212,0.14126476645469666,0.8991763591766357,0.5244200229644775
440,10583,0.9289464950561523,1.108012318611145,0.5284236073493958,,,,
441,10607,,,,0.9656491279602051,0.14094412326812744,0.895012617111206,0.530350923538208
441,10607,0.9289355874061584,1.226535439491272,0.5169612765312195,,,,
442,10631,,,,0.9626320600509644,0.14138031005859375,0.9080029129981995,0.5388711094856262
442,10631,0.9261581301689148,1.3125687837600708,0.5179887413978577,,,,
443,10655,,,,0.9664024710655212,0.13923165202140808,0.8946586847305298,0.5357922315597534
443,10655,0.9223983287811279,1.2715809345245361,0.5762264728546143,,,,
444,10679,,,,0.9656491279602051,0.13962139189243317,0.895012617111206,0.5315218567848206
444,10679,0.9190123677253723,1.4903672933578491,0.5517726540565491,,,,
445,10703,,,,0.970238983631134,0.14028142392635345,0.9097543358802795,0.5358342528343201
445,10703,0.9370617866516113,1.3532122373580933,0.5100609660148621,,,,
446,10727,,,,0.970238983631134,0.14139355719089508,0.9112938642501831,0.5349745750427246
446,10727,0.9215423464775085,1.6168984174728394,0.5503146052360535,,,,
447,10751,,,,0.9656491279602051,0.1381217986345291,0.9032653570175171,0.537041425704956
447,10751,0.9221622347831726,1.3579014539718628,0.5286735892295837,,,,
448,10775,,,,0.9664024710655212,0.13760912418365479,0.9112938642501831,0.5479521155357361
448,10775,0.9251892566680908,1.1907302141189575,0.5248845815658569,,,,
449,10799,,,,0.9656491279602051,0.13742054998874664,0.9032653570175171,0.5490959882736206
449,10799,0.925144374370575,1.0742939710617065,0.5621755719184875,,,,
450,10823,,,,0.970238983631134,0.13753579556941986,0.9112938642501831,0.5476488471031189
450,10823,0.9297768473625183,1.4982333183288574,0.5312174558639526,,,,
451,10847,,,,0.970238983631134,0.13837720453739166,0.9112938642501831,0.5409578680992126
451,10847,0.9270642399787903,1.2738184928894043,0.5380370020866394,,,,
452,10871,,,,0.9664024710655212,0.13755470514297485,0.9030411243438721,0.5319848656654358
452,10871,0.9297483563423157,1.6288858652114868,0.5243234634399414,,,,
453,10895,,,,0.9656491279602051,0.1376023143529892,0.9032653570175171,0.5512475967407227
453,10895,0.9146695733070374,1.6117063760757446,0.5422713160514832,,,,
454,10919,,,,0.970238983631134,0.1376272439956665,0.9032653570175171,0.5356121063232422
454,10919,0.9279344081878662,1.71832275390625,0.5153196454048157,,,,
455,10943,,,,0.9656491279602051,0.13683991134166718,0.9032653570175171,0.55168616771698
455,10943,0.9376800060272217,1.36981201171875,0.520456850528717,,,,
456,10967,,,,0.970238983631134,0.13465049862861633,0.9032653570175171,0.5518124103546143
456,10967,0.9367234706878662,1.4565129280090332,0.5091071128845215,,,,
457,10991,,,,0.9656491279602051,0.1337995082139969,0.9032653570175171,0.5551944971084595
457,10991,0.9262390732765198,1.0516244173049927,0.4951573312282562,,,,
458,11015,,,,0.9743229150772095,0.13471822440624237,0.9030411243438721,0.5428280234336853
458,11015,0.930548906326294,1.1972593069076538,0.5224476456642151,,,,
459,11039,,,,0.9743229150772095,0.1342296600341797,0.9112938642501831,0.5523348450660706
459,11039,0.9263999462127686,1.1895289421081543,0.521525502204895,,,,
460,11063,,,,0.9781594276428223,0.1326724737882614,0.8991255164146423,0.5438076257705688
460,11063,0.9297191500663757,1.4484000205993652,0.48669132590293884,,,,
461,11087,,,,0.9656491279602051,0.1328323483467102,0.895012617111206,0.5345633029937744
461,11087,0.9247811436653137,1.429679036140442,0.5400957465171814,,,,
462,11111,,,,0.970238983631134,0.1319684237241745,0.8991255164146423,0.5432644486427307
462,11111,0.931082010269165,1.5585598945617676,0.5416427850723267,,,,
463,11135,,,,0.9781594276428223,0.13250847160816193,0.9074291586875916,0.5479284524917603
463,11135,0.9310455918312073,1.462034821510315,0.5576963424682617,,,,
464,11159,,,,0.9781594276428223,0.13311129808425903,0.9112938642501831,0.5543517470359802
464,11159,0.9323163032531738,1.289603590965271,0.509957492351532,,,,
465,11183,,,,0.9781594276428223,0.13196463882923126,0.9030411243438721,0.5359185934066772
465,11183,0.9437844157218933,1.3749359846115112,0.4816168546676636,,,,
466,11207,,,,0.9741905331611633,0.12987937033176422,0.9032653570175171,0.5543822050094604
466,11207,0.9372701644897461,1.233786940574646,0.49273988604545593,,,,
467,11231,,,,0.9781594276428223,0.13029929995536804,0.9032653570175171,0.5663677453994751
467,11231,0.9310089945793152,1.3800472021102905,0.5317603349685669,,,,
468,11255,,,,0.9743229150772095,0.1328621655702591,0.9030411243438721,0.5381078720092773
468,11255,0.9329505562782288,1.2246570587158203,0.5094781517982483,,,,
469,11279,,,,0.9781594276428223,0.13003353774547577,0.895012617111206,0.5429543256759644
469,11279,0.9258902668952942,1.3283491134643555,0.5025784969329834,,,,
470,11303,,,,0.9741905331611633,0.129790261387825,0.9032653570175171,0.5421696305274963
470,11303,0.9417896866798401,1.360422968864441,0.47703394293785095,,,,
471,11327,,,,0.9781594276428223,0.13097257912158966,0.8991255164146423,0.5419154167175293
471,11327,0.9328027367591858,1.4666403532028198,0.497102826833725,,,,
472,11351,,,,0.9781594276428223,0.1287652850151062,0.895012617111206,0.5418128967285156
472,11351,0.9317807555198669,1.2355457544326782,0.5032776594161987,,,,
473,11375,,,,0.970238983631134,0.12904392182826996,0.9032653570175171,0.5628958940505981
473,11375,0.9349399209022522,1.3920000791549683,0.5218788981437683,,,,
474,11399,,,,0.9656491279602051,0.12861822545528412,0.9032653570175171,0.556472897529602
474,11399,0.9368939995765686,1.2729898691177368,0.4974609911441803,,,,
475,11423,,,,0.9781594276428223,0.128010556101799,0.9032653570175171,0.5543975234031677
475,11423,0.9340627789497375,1.5468559265136719,0.5255046486854553,,,,
476,11447,,,,0.9741905331611633,0.12736079096794128,0.9032653570175171,0.5532106161117554
476,11447,0.9172969460487366,1.4182147979736328,0.5172829031944275,,,,
477,11471,,,,0.9741905331611633,0.12742401659488678,0.9032653570175171,0.5459893941879272
477,11471,0.9417998790740967,1.3693336248397827,0.44944360852241516,,,,
478,11495,,,,0.9741905331611633,0.12665611505508423,0.9032653570175171,0.5555248856544495
478,11495,0.9471539855003357,1.5967425107955933,0.4753686189651489,,,,
479,11519,,,,0.9781594276428223,0.12710890173912048,0.9032653570175171,0.5528326034545898
479,11519,0.934174120426178,1.2893515825271606,0.5509852766990662,,,,
480,11543,,,,0.9781594276428223,0.1253729909658432,0.9032653570175171,0.5492874979972839
480,11543,0.9455592036247253,1.7064369916915894,0.4928377866744995,,,,
481,11567,,,,0.9781594276428223,0.1248541995882988,0.9032653570175171,0.5524061918258667
481,11567,0.9400470852851868,1.6593798398971558,0.47560861706733704,,,,
482,11591,,,,0.9781594276428223,0.12374695390462875,0.9032653570175171,0.5541959404945374
482,11591,0.9358677268028259,1.5516070127487183,0.4885525405406952,,,,
483,11615,,,,0.9781594276428223,0.12437315285205841,0.9112938642501831,0.5527801513671875
483,11615,0.9301205277442932,1.5372265577316284,0.5119107365608215,,,,
484,11639,,,,0.974145233631134,0.12426737695932388,0.9032653570175171,0.5622056722640991
484,11639,0.9236125349998474,1.3201724290847778,0.5386674404144287,,,,
485,11663,,,,0.974145233631134,0.12602011859416962,0.9032653570175171,0.5501697659492493
485,11663,0.9401271939277649,1.3383396863937378,0.48840951919555664,,,,
486,11687,,,,0.9781594276428223,0.12416523694992065,0.9032653570175171,0.5540016293525696
486,11687,0.9384339451789856,1.4877715110778809,0.49682536721229553,,,,
487,11711,,,,0.9781594276428223,0.1258735954761505,0.8988773226737976,0.5487790703773499
487,11711,0.934847891330719,1.6526151895523071,0.48227283358573914,,,,
488,11735,,,,0.9820656776428223,0.12336446344852448,0.9032653570175171,0.5586109757423401
488,11735,0.9298315644264221,1.4932737350463867,0.4934140145778656,,,,
489,11759,,,,0.9781594276428223,0.12319184839725494,0.9032653570175171,0.5631452202796936
489,11759,0.9287102222442627,1.1304737329483032,0.5108175873756409,,,,
490,11783,,,,0.9781594276428223,0.12148425728082657,0.9032653570175171,0.5633723735809326
490,11783,0.9233296513557434,1.4746618270874023,0.5101529955863953,,,,
491,11807,,,,0.9820656776428223,0.12160013616085052,0.9032653570175171,0.5682770609855652
491,11807,0.9319172501564026,1.315571904182434,0.4796243906021118,,,,
492,11831,,,,0.9781594276428223,0.12072472274303436,0.9032653570175171,0.5591400265693665
492,11831,0.9478697180747986,1.505594253540039,0.44994816184043884,,,,
493,11855,,,,0.9781594276428223,0.12051264941692352,0.9032653570175171,0.5604297518730164
493,11855,0.936639130115509,1.404089093208313,0.4762716293334961,,,,
494,11879,,,,0.9781594276428223,0.11972549557685852,0.9032653570175171,0.5611549615859985
494,11879,0.9400212168693542,1.6300193071365356,0.48191186785697937,,,,
495,11903,,,,0.9820656776428223,0.11966636776924133,0.9032653570175171,0.5713762640953064
495,11903,0.9467961192131042,1.3279825448989868,0.47545695304870605,,,,
496,11927,,,,0.9820656776428223,0.1206187903881073,0.9071301221847534,0.5559918880462646
496,11927,0.9326029419898987,1.3892070055007935,0.5150257349014282,,,,
497,11951,,,,0.9820656776428223,0.11968221515417099,0.9032653570175171,0.567439615726471
497,11951,0.9468910098075867,1.4501863718032837,0.4453413784503937,,,,
498,11975,,,,0.9781594276428223,0.11736956238746643,0.9032653570175171,0.5716805458068848
498,11975,0.9342172741889954,1.2672916650772095,0.44029632210731506,,,,
499,11999,,,,0.9781594276428223,0.1174241304397583,0.9032653570175171,0.563319981098175
499,11999,0.9279525876045227,1.32610285282135,0.4782314598560333,,,,
